id,target
440402,0.5
440403,0.5
440404,0.5
440405,0.5
440406,0.5
440407,0.5
440408,0.5
440409,0.5
440410,0.5
440411,0.5
440412,0.5
440413,0.5
440414,0.5
440415,0.5
440416,0.5
440417,0.5
440418,0.5
440419,0.5
440420,0.5
440421,0.5
440422,0.5
440423,0.5
440424,0.5
440425,0.5
440426,0.5
440427,0.5
440428,0.5
440429,0.5
440430,0.5
440431,0.5
440432,0.5
440433,0.5
440434,0.5
440435,0.5
440436,0.5
440437,0.5
440438,0.5
440439,0.5
440440,0.5
440441,0.5
440442,0.5
440443,0.5
440444,0.5
440445,0.5
440446,0.5
440447,0.5
440448,0.5
440449,0.5
440450,0.5
440451,0.5
440452,0.5
440453,0.5
440454,0.5
440455,0.5
440456,0.5
440457,0.5
440458,0.5
440459,0.5
440460,0.5
440461,0.5
440462,0.5
440463,0.5
440464,0.5
440465,0.5
440466,0.5
440467,0.5
440468,0.5
440469,0.5
440470,0.5
440471,0.5
440472,0.5
440473,0.5
440474,0.5
440475,0.5
440476,0.5
440477,0.5
440478,0.5
440479,0.5
440480,0.5
440481,0.5
440482,0.5
440483,0.5
440484,0.5
440485,0.5
440486,0.5
440487,0.5
440488,0.5
440489,0.5
440490,0.5
440491,0.5
440492,0.5
440493,0.5
440494,0.5
440495,0.5
440496,0.5
440497,0.5
440498,0.5
440499,0.5
440500,0.5
440501,0.5
440502,0.5
440503,0.5
440504,0.5
440505,0.5
440506,0.5
440507,0.5
440508,0.5
440509,0.5
440510,0.5
440511,0.5
440512,0.5
440513,0.5
440514,0.5
440515,0.5
440516,0.5
440517,0.5
440518,0.5
440519,0.5
440520,0.5
440521,0.5
440522,0.5
440523,0.5
440524,0.5
440525,0.5
440526,0.5
440527,0.5
440528,0.5
440529,0.5
440530,0.5
440531,0.5
440532,0.5
440533,0.5
440534,0.5
440535,0.5
440536,0.5
440537,0.5
440538,0.5
440539,0.5
440540,0.5
440541,0.5
440542,0.5
440543,0.5
440544,0.5
440545,0.5
440546,0.5
440547,0.5
440548,0.5
440549,0.5
440550,0.5
440551,0.5
440552,0.5
440553,0.5
440554,0.5
440555,0.5
440556,0.5
440557,0.5
440558,0.5
440559,0.5
440560,0.5
440561,0.5
440562,0.5
440563,0.5
440564,0.5
440565,0.5
440566,0.5
440567,0.5
440568,0.5
440569,0.5
440570,0.5
440571,0.5
440572,0.5
440573,0.5
440574,0.5
440575,0.5
440576,0.5
440577,0.5
440578,0.5
440579,0.5
440580,0.5
440581,0.5
440582,0.5
440583,0.5
440584,0.5
440585,0.5
440586,0.5
440587,0.5
440588,0.5
440589,0.5
440590,0.5
440591,0.5
440592,0.5
440593,0.5
440594,0.5
440595,0.5
440596,0.5
440597,0.5
440598,0.5
440599,0.5
440600,0.5
440601,0.5
440602,0.5
440603,0.5
440604,0.5
440605,0.5
440606,0.5
440607,0.5
440608,0.5
440609,0.5
440610,0.5
440611,0.5
440612,0.5
440613,0.5
440614,0.5
440615,0.5
440616,0.5
440617,0.5
440618,0.5
440619,0.5
440620,0.5
440621,0.5
440622,0.5
440623,0.5
440624,0.5
440625,0.5
440626,0.5
440627,0.5
440628,0.5
440629,0.5
440630,0.5
440631,0.5
440632,0.5
440633,0.5
440634,0.5
440635,0.5
440636,0.5
440637,0.5
440638,0.5
440639,0.5
440640,0.5
440641,0.5
440642,0.5
440643,0.5
440644,0.5
440645,0.5
440646,0.5
440647,0.5
440648,0.5
440649,0.5
440650,0.5
440651,0.5
440652,0.5
440653,0.5
440654,0.5
440655,0.5
440656,0.5
440657,0.5
440658,0.5
440659,0.5
440660,0.5
440661,0.5
440662,0.5
440663,0.5
440664,0.5
440665,0.5
440666,0.5
440667,0.5
440668,0.5
440669,0.5
440670,0.5
440671,0.5
440672,0.5
440673,0.5
440674,0.5
440675,0.5
440676,0.5
440677,0.5
440678,0.5
440679,0.5
440680,0.5
440681,0.5
440682,0.5
440683,0.5
440684,0.5
440685,0.5
440686,0.5
440687,0.5
440688,0.5
440689,0.5
440690,0.5
440691,0.5
440692,0.5
440693,0.5
440694,0.5
440695,0.5
440696,0.5
440697,0.5
440698,0.5
440699,0.5
440700,0.5
440701,0.5
440702,0.5
440703,0.5
440704,0.5
440705,0.5
440706,0.5
440707,0.5
440708,0.5
440709,0.5
440710,0.5
440711,0.5
440712,0.5
440713,0.5
440714,0.5
440715,0.5
440716,0.5
440717,0.5
440718,0.5
440719,0.5
440720,0.5
440721,0.5
440722,0.5
440723,0.5
440724,0.5
440725,0.5
440726,0.5
440727,0.5
440728,0.5
440729,0.5
440730,0.5
440731,0.5
440732,0.5
440733,0.5
440734,0.5
440735,0.5
440736,0.5
440737,0.5
440738,0.5
440739,0.5
440740,0.5
440741,0.5
440742,0.5
440743,0.5
440744,0.5
440745,0.5
440746,0.5
440747,0.5
440748,0.5
440749,0.5
440750,0.5
440751,0.5
440752,0.5
440753,0.5
440754,0.5
440755,0.5
440756,0.5
440757,0.5
440758,0.5
440759,0.5
440760,0.5
440761,0.5
440762,0.5
440763,0.5
440764,0.5
440765,0.5
440766,0.5
440767,0.5
440768,0.5
440769,0.5
440770,0.5
440771,0.5
440772,0.5
440773,0.5
440774,0.5
440775,0.5
440776,0.5
440777,0.5
440778,0.5
440779,0.5
440780,0.5
440781,0.5
440782,0.5
440783,0.5
440784,0.5
440785,0.5
440786,0.5
440787,0.5
440788,0.5
440789,0.5
440790,0.5
440791,0.5
440792,0.5
440793,0.5
440794,0.5
440795,0.5
440796,0.5
440797,0.5
440798,0.5
440799,0.5
440800,0.5
440801,0.5
440802,0.5
440803,0.5
440804,0.5
440805,0.5
440806,0.5
440807,0.5
440808,0.5
440809,0.5
440810,0.5
440811,0.5
440812,0.5
440813,0.5
440814,0.5
440815,0.5
440816,0.5
440817,0.5
440818,0.5
440819,0.5
440820,0.5
440821,0.5
440822,0.5
440823,0.5
440824,0.5
440825,0.5
440826,0.5
440827,0.5
440828,0.5
440829,0.5
440830,0.5
440831,0.5
440832,0.5
440833,0.5
440834,0.5
440835,0.5
440836,0.5
440837,0.5
440838,0.5
440839,0.5
440840,0.5
440841,0.5
440842,0.5
440843,0.5
440844,0.5
440845,0.5
440846,0.5
440847,0.5
440848,0.5
440849,0.5
440850,0.5
440851,0.5
440852,0.5
440853,0.5
440854,0.5
440855,0.5
440856,0.5
440857,0.5
440858,0.5
440859,0.5
440860,0.5
440861,0.5
440862,0.5
440863,0.5
440864,0.5
440865,0.5
440866,0.5
440867,0.5
440868,0.5
440869,0.5
440870,0.5
440871,0.5
440872,0.5
440873,0.5
440874,0.5
440875,0.5
440876,0.5
440877,0.5
440878,0.5
440879,0.5
440880,0.5
440881,0.5
440882,0.5
440883,0.5
440884,0.5
440885,0.5
440886,0.5
440887,0.5
440888,0.5
440889,0.5
440890,0.5
440891,0.5
440892,0.5
440893,0.5
440894,0.5
440895,0.5
440896,0.5
440897,0.5
440898,0.5
440899,0.5
440900,0.5
440901,0.5
440902,0.5
440903,0.5
440904,0.5
440905,0.5
440906,0.5
440907,0.5
440908,0.5
440909,0.5
440910,0.5
440911,0.5
440912,0.5
440913,0.5
440914,0.5
440915,0.5
440916,0.5
440917,0.5
440918,0.5
440919,0.5
440920,0.5
440921,0.5
440922,0.5
440923,0.5
440924,0.5
440925,0.5
440926,0.5
440927,0.5
440928,0.5
440929,0.5
440930,0.5
440931,0.5
440932,0.5
440933,0.5
440934,0.5
440935,0.5
440936,0.5
440937,0.5
440938,0.5
440939,0.5
440940,0.5
440941,0.5
440942,0.5
440943,0.5
440944,0.5
440945,0.5
440946,0.5
440947,0.5
440948,0.5
440949,0.5
440950,0.5
440951,0.5
440952,0.5
440953,0.5
440954,0.5
440955,0.5
440956,0.5
440957,0.5
440958,0.5
440959,0.5
440960,0.5
440961,0.5
440962,0.5
440963,0.5
440964,0.5
440965,0.5
440966,0.5
440967,0.5
440968,0.5
440969,0.5
440970,0.5
440971,0.5
440972,0.5
440973,0.5
440974,0.5
440975,0.5
440976,0.5
440977,0.5
440978,0.5
440979,0.5
440980,0.5
440981,0.5
440982,0.5
440983,0.5
440984,0.5
440985,0.5
440986,0.5
440987,0.5
440988,0.5
440989,0.5
440990,0.5
440991,0.5
440992,0.5
440993,0.5
440994,0.5
440995,0.5
440996,0.5
440997,0.5
440998,0.5
440999,0.5
441000,0.5
441001,0.5
441002,0.5
441003,0.5
441004,0.5
441005,0.5
441006,0.5
441007,0.5
441008,0.5
441009,0.5
441010,0.5
441011,0.5
441012,0.5
441013,0.5
441014,0.5
441015,0.5
441016,0.5
441017,0.5
441018,0.5
441019,0.5
441020,0.5
441021,0.5
441022,0.5
441023,0.5
441024,0.5
441025,0.5
441026,0.5
441027,0.5
441028,0.5
441029,0.5
441030,0.5
441031,0.5
441032,0.5
441033,0.5
441034,0.5
441035,0.5
441036,0.5
441037,0.5
441038,0.5
441039,0.5
441040,0.5
441041,0.5
441042,0.5
441043,0.5
441044,0.5
441045,0.5
441046,0.5
441047,0.5
441048,0.5
441049,0.5
441050,0.5
441051,0.5
441052,0.5
441053,0.5
441054,0.5
441055,0.5
441056,0.5
441057,0.5
441058,0.5
441059,0.5
441060,0.5
441061,0.5
441062,0.5
441063,0.5
441064,0.5
441065,0.5
441066,0.5
441067,0.5
441068,0.5
441069,0.5
441070,0.5
441071,0.5
441072,0.5
441073,0.5
441074,0.5
441075,0.5
441076,0.5
441077,0.5
441078,0.5
441079,0.5
441080,0.5
441081,0.5
441082,0.5
441083,0.5
441084,0.5
441085,0.5
441086,0.5
441087,0.5
441088,0.5
441089,0.5
441090,0.5
441091,0.5
441092,0.5
441093,0.5
441094,0.5
441095,0.5
441096,0.5
441097,0.5
441098,0.5
441099,0.5
441100,0.5
441101,0.5
441102,0.5
441103,0.5
441104,0.5
441105,0.5
441106,0.5
441107,0.5
441108,0.5
441109,0.5
441110,0.5
441111,0.5
441112,0.5
441113,0.5
441114,0.5
441115,0.5
441116,0.5
441117,0.5
441118,0.5
441119,0.5
441120,0.5
441121,0.5
441122,0.5
441123,0.5
441124,0.5
441125,0.5
441126,0.5
441127,0.5
441128,0.5
441129,0.5
441130,0.5
441131,0.5
441132,0.5
441133,0.5
441134,0.5
441135,0.5
441136,0.5
441137,0.5
441138,0.5
441139,0.5
441140,0.5
441141,0.5
441142,0.5
441143,0.5
441144,0.5
441145,0.5
441146,0.5
441147,0.5
441148,0.5
441149,0.5
441150,0.5
441151,0.5
441152,0.5
441153,0.5
441154,0.5
441155,0.5
441156,0.5
441157,0.5
441158,0.5
441159,0.5
441160,0.5
441161,0.5
441162,0.5
441163,0.5
441164,0.5
441165,0.5
441166,0.5
441167,0.5
441168,0.5
441169,0.5
441170,0.5
441171,0.5
441172,0.5
441173,0.5
441174,0.5
441175,0.5
441176,0.5
441177,0.5
441178,0.5
441179,0.5
441180,0.5
441181,0.5
441182,0.5
441183,0.5
441184,0.5
441185,0.5
441186,0.5
441187,0.5
441188,0.5
441189,0.5
441190,0.5
441191,0.5
441192,0.5
441193,0.5
441194,0.5
441195,0.5
441196,0.5
441197,0.5
441198,0.5
441199,0.5
441200,0.5
441201,0.5
441202,0.5
441203,0.5
441204,0.5
441205,0.5
441206,0.5
441207,0.5
441208,0.5
441209,0.5
441210,0.5
441211,0.5
441212,0.5
441213,0.5
441214,0.5
441215,0.5
441216,0.5
441217,0.5
441218,0.5
441219,0.5
441220,0.5
441221,0.5
441222,0.5
441223,0.5
441224,0.5
441225,0.5
441226,0.5
441227,0.5
441228,0.5
441229,0.5
441230,0.5
441231,0.5
441232,0.5
441233,0.5
441234,0.5
441235,0.5
441236,0.5
441237,0.5
441238,0.5
441239,0.5
441240,0.5
441241,0.5
441242,0.5
441243,0.5
441244,0.5
441245,0.5
441246,0.5
441247,0.5
441248,0.5
441249,0.5
441250,0.5
441251,0.5
441252,0.5
441253,0.5
441254,0.5
441255,0.5
441256,0.5
441257,0.5
441258,0.5
441259,0.5
441260,0.5
441261,0.5
441262,0.5
441263,0.5
441264,0.5
441265,0.5
441266,0.5
441267,0.5
441268,0.5
441269,0.5
441270,0.5
441271,0.5
441272,0.5
441273,0.5
441274,0.5
441275,0.5
441276,0.5
441277,0.5
441278,0.5
441279,0.5
441280,0.5
441281,0.5
441282,0.5
441283,0.5
441284,0.5
441285,0.5
441286,0.5
441287,0.5
441288,0.5
441289,0.5
441290,0.5
441291,0.5
441292,0.5
441293,0.5
441294,0.5
441295,0.5
441296,0.5
441297,0.5
441298,0.5
441299,0.5
441300,0.5
441301,0.5
441302,0.5
441303,0.5
441304,0.5
441305,0.5
441306,0.5
441307,0.5
441308,0.5
441309,0.5
441310,0.5
441311,0.5
441312,0.5
441313,0.5
441314,0.5
441315,0.5
441316,0.5
441317,0.5
441318,0.5
441319,0.5
441320,0.5
441321,0.5
441322,0.5
441323,0.5
441324,0.5
441325,0.5
441326,0.5
441327,0.5
441328,0.5
441329,0.5
441330,0.5
441331,0.5
441332,0.5
441333,0.5
441334,0.5
441335,0.5
441336,0.5
441337,0.5
441338,0.5
441339,0.5
441340,0.5
441341,0.5
441342,0.5
441343,0.5
441344,0.5
441345,0.5
441346,0.5
441347,0.5
441348,0.5
441349,0.5
441350,0.5
441351,0.5
441352,0.5
441353,0.5
441354,0.5
441355,0.5
441356,0.5
441357,0.5
441358,0.5
441359,0.5
441360,0.5
441361,0.5
441362,0.5
441363,0.5
441364,0.5
441365,0.5
441366,0.5
441367,0.5
441368,0.5
441369,0.5
441370,0.5
441371,0.5
441372,0.5
441373,0.5
441374,0.5
441375,0.5
441376,0.5
441377,0.5
441378,0.5
441379,0.5
441380,0.5
441381,0.5
441382,0.5
441383,0.5
441384,0.5
441385,0.5
441386,0.5
441387,0.5
441388,0.5
441389,0.5
441390,0.5
441391,0.5
441392,0.5
441393,0.5
441394,0.5
441395,0.5
441396,0.5
441397,0.5
441398,0.5
441399,0.5
441400,0.5
441401,0.5
441402,0.5
441403,0.5
441404,0.5
441405,0.5
441406,0.5
441407,0.5
441408,0.5
441409,0.5
441410,0.5
441411,0.5
441412,0.5
441413,0.5
441414,0.5
441415,0.5
441416,0.5
441417,0.5
441418,0.5
441419,0.5
441420,0.5
441421,0.5
441422,0.5
441423,0.5
441424,0.5
441425,0.5
441426,0.5
441427,0.5
441428,0.5
441429,0.5
441430,0.5
441431,0.5
441432,0.5
441433,0.5
441434,0.5
441435,0.5
441436,0.5
441437,0.5
441438,0.5
441439,0.5
441440,0.5
441441,0.5
441442,0.5
441443,0.5
441444,0.5
441445,0.5
441446,0.5
441447,0.5
441448,0.5
441449,0.5
441450,0.5
441451,0.5
441452,0.5
441453,0.5
441454,0.5
441455,0.5
441456,0.5
441457,0.5
441458,0.5
441459,0.5
441460,0.5
441461,0.5
441462,0.5
441463,0.5
441464,0.5
441465,0.5
441466,0.5
441467,0.5
441468,0.5
441469,0.5
441470,0.5
441471,0.5
441472,0.5
441473,0.5
441474,0.5
441475,0.5
441476,0.5
441477,0.5
441478,0.5
441479,0.5
441480,0.5
441481,0.5
441482,0.5
441483,0.5
441484,0.5
441485,0.5
441486,0.5
441487,0.5
441488,0.5
441489,0.5
441490,0.5
441491,0.5
441492,0.5
441493,0.5
441494,0.5
441495,0.5
441496,0.5
441497,0.5
441498,0.5
441499,0.5
441500,0.5
441501,0.5
441502,0.5
441503,0.5
441504,0.5
441505,0.5
441506,0.5
441507,0.5
441508,0.5
441509,0.5
441510,0.5
441511,0.5
441512,0.5
441513,0.5
441514,0.5
441515,0.5
441516,0.5
441517,0.5
441518,0.5
441519,0.5
441520,0.5
441521,0.5
441522,0.5
441523,0.5
441524,0.5
441525,0.5
441526,0.5
441527,0.5
441528,0.5
441529,0.5
441530,0.5
441531,0.5
441532,0.5
441533,0.5
441534,0.5
441535,0.5
441536,0.5
441537,0.5
441538,0.5
441539,0.5
441540,0.5
441541,0.5
441542,0.5
441543,0.5
441544,0.5
441545,0.5
441546,0.5
441547,0.5
441548,0.5
441549,0.5
441550,0.5
441551,0.5
441552,0.5
441553,0.5
441554,0.5
441555,0.5
441556,0.5
441557,0.5
441558,0.5
441559,0.5
441560,0.5
441561,0.5
441562,0.5
441563,0.5
441564,0.5
441565,0.5
441566,0.5
441567,0.5
441568,0.5
441569,0.5
441570,0.5
441571,0.5
441572,0.5
441573,0.5
441574,0.5
441575,0.5
441576,0.5
441577,0.5
441578,0.5
441579,0.5
441580,0.5
441581,0.5
441582,0.5
441583,0.5
441584,0.5
441585,0.5
441586,0.5
441587,0.5
441588,0.5
441589,0.5
441590,0.5
441591,0.5
441592,0.5
441593,0.5
441594,0.5
441595,0.5
441596,0.5
441597,0.5
441598,0.5
441599,0.5
441600,0.5
441601,0.5
441602,0.5
441603,0.5
441604,0.5
441605,0.5
441606,0.5
441607,0.5
441608,0.5
441609,0.5
441610,0.5
441611,0.5
441612,0.5
441613,0.5
441614,0.5
441615,0.5
441616,0.5
441617,0.5
441618,0.5
441619,0.5
441620,0.5
441621,0.5
441622,0.5
441623,0.5
441624,0.5
441625,0.5
441626,0.5
441627,0.5
441628,0.5
441629,0.5
441630,0.5
441631,0.5
441632,0.5
441633,0.5
441634,0.5
441635,0.5
441636,0.5
441637,0.5
441638,0.5
441639,0.5
441640,0.5
441641,0.5
441642,0.5
441643,0.5
441644,0.5
441645,0.5
441646,0.5
441647,0.5
441648,0.5
441649,0.5
441650,0.5
441651,0.5
441652,0.5
441653,0.5
441654,0.5
441655,0.5
441656,0.5
441657,0.5
441658,0.5
441659,0.5
441660,0.5
441661,0.5
441662,0.5
441663,0.5
441664,0.5
441665,0.5
441666,0.5
441667,0.5
441668,0.5
441669,0.5
441670,0.5
441671,0.5
441672,0.5
441673,0.5
441674,0.5
441675,0.5
441676,0.5
441677,0.5
441678,0.5
441679,0.5
441680,0.5
441681,0.5
441682,0.5
441683,0.5
441684,0.5
441685,0.5
441686,0.5
441687,0.5
441688,0.5
441689,0.5
441690,0.5
441691,0.5
441692,0.5
441693,0.5
441694,0.5
441695,0.5
441696,0.5
441697,0.5
441698,0.5
441699,0.5
441700,0.5
441701,0.5
441702,0.5
441703,0.5
441704,0.5
441705,0.5
441706,0.5
441707,0.5
441708,0.5
441709,0.5
441710,0.5
441711,0.5
441712,0.5
441713,0.5
441714,0.5
441715,0.5
441716,0.5
441717,0.5
441718,0.5
441719,0.5
441720,0.5
441721,0.5
441722,0.5
441723,0.5
441724,0.5
441725,0.5
441726,0.5
441727,0.5
441728,0.5
441729,0.5
441730,0.5
441731,0.5
441732,0.5
441733,0.5
441734,0.5
441735,0.5
441736,0.5
441737,0.5
441738,0.5
441739,0.5
441740,0.5
441741,0.5
441742,0.5
441743,0.5
441744,0.5
441745,0.5
441746,0.5
441747,0.5
441748,0.5
441749,0.5
441750,0.5
441751,0.5
441752,0.5
441753,0.5
441754,0.5
441755,0.5
441756,0.5
441757,0.5
441758,0.5
441759,0.5
441760,0.5
441761,0.5
441762,0.5
441763,0.5
441764,0.5
441765,0.5
441766,0.5
441767,0.5
441768,0.5
441769,0.5
441770,0.5
441771,0.5
441772,0.5
441773,0.5
441774,0.5
441775,0.5
441776,0.5
441777,0.5
441778,0.5
441779,0.5
441780,0.5
441781,0.5
441782,0.5
441783,0.5
441784,0.5
441785,0.5
441786,0.5
441787,0.5
441788,0.5
441789,0.5
441790,0.5
441791,0.5
441792,0.5
441793,0.5
441794,0.5
441795,0.5
441796,0.5
441797,0.5
441798,0.5
441799,0.5
441800,0.5
441801,0.5
441802,0.5
441803,0.5
441804,0.5
441805,0.5
441806,0.5
441807,0.5
441808,0.5
441809,0.5
441810,0.5
441811,0.5
441812,0.5
441813,0.5
441814,0.5
441815,0.5
441816,0.5
441817,0.5
441818,0.5
441819,0.5
441820,0.5
441821,0.5
441822,0.5
441823,0.5
441824,0.5
441825,0.5
441826,0.5
441827,0.5
441828,0.5
441829,0.5
441830,0.5
441831,0.5
441832,0.5
441833,0.5
441834,0.5
441835,0.5
441836,0.5
441837,0.5
441838,0.5
441839,0.5
441840,0.5
441841,0.5
441842,0.5
441843,0.5
441844,0.5
441845,0.5
441846,0.5
441847,0.5
441848,0.5
441849,0.5
441850,0.5
441851,0.5
441852,0.5
441853,0.5
441854,0.5
441855,0.5
441856,0.5
441857,0.5
441858,0.5
441859,0.5
441860,0.5
441861,0.5
441862,0.5
441863,0.5
441864,0.5
441865,0.5
441866,0.5
441867,0.5
441868,0.5
441869,0.5
441870,0.5
441871,0.5
441872,0.5
441873,0.5
441874,0.5
441875,0.5
441876,0.5
441877,0.5
441878,0.5
441879,0.5
441880,0.5
441881,0.5
441882,0.5
441883,0.5
441884,0.5
441885,0.5
441886,0.5
441887,0.5
441888,0.5
441889,0.5
441890,0.5
441891,0.5
441892,0.5
441893,0.5
441894,0.5
441895,0.5
441896,0.5
441897,0.5
441898,0.5
441899,0.5
441900,0.5
441901,0.5
441902,0.5
441903,0.5
441904,0.5
441905,0.5
441906,0.5
441907,0.5
441908,0.5
441909,0.5
441910,0.5
441911,0.5
441912,0.5
441913,0.5
441914,0.5
441915,0.5
441916,0.5
441917,0.5
441918,0.5
441919,0.5
441920,0.5
441921,0.5
441922,0.5
441923,0.5
441924,0.5
441925,0.5
441926,0.5
441927,0.5
441928,0.5
441929,0.5
441930,0.5
441931,0.5
441932,0.5
441933,0.5
441934,0.5
441935,0.5
441936,0.5
441937,0.5
441938,0.5
441939,0.5
441940,0.5
441941,0.5
441942,0.5
441943,0.5
441944,0.5
441945,0.5
441946,0.5
441947,0.5
441948,0.5
441949,0.5
441950,0.5
441951,0.5
441952,0.5
441953,0.5
441954,0.5
441955,0.5
441956,0.5
441957,0.5
441958,0.5
441959,0.5
441960,0.5
441961,0.5
441962,0.5
441963,0.5
441964,0.5
441965,0.5
441966,0.5
441967,0.5
441968,0.5
441969,0.5
441970,0.5
441971,0.5
441972,0.5
441973,0.5
441974,0.5
441975,0.5
441976,0.5
441977,0.5
441978,0.5
441979,0.5
441980,0.5
441981,0.5
441982,0.5
441983,0.5
441984,0.5
441985,0.5
441986,0.5
441987,0.5
441988,0.5
441989,0.5
441990,0.5
441991,0.5
441992,0.5
441993,0.5
441994,0.5
441995,0.5
441996,0.5
441997,0.5
441998,0.5
441999,0.5
442000,0.5
442001,0.5
442002,0.5
442003,0.5
442004,0.5
442005,0.5
442006,0.5
442007,0.5
442008,0.5
442009,0.5
442010,0.5
442011,0.5
442012,0.5
442013,0.5
442014,0.5
442015,0.5
442016,0.5
442017,0.5
442018,0.5
442019,0.5
442020,0.5
442021,0.5
442022,0.5
442023,0.5
442024,0.5
442025,0.5
442026,0.5
442027,0.5
442028,0.5
442029,0.5
442030,0.5
442031,0.5
442032,0.5
442033,0.5
442034,0.5
442035,0.5
442036,0.5
442037,0.5
442038,0.5
442039,0.5
442040,0.5
442041,0.5
442042,0.5
442043,0.5
442044,0.5
442045,0.5
442046,0.5
442047,0.5
442048,0.5
442049,0.5
442050,0.5
442051,0.5
442052,0.5
442053,0.5
442054,0.5
442055,0.5
442056,0.5
442057,0.5
442058,0.5
442059,0.5
442060,0.5
442061,0.5
442062,0.5
442063,0.5
442064,0.5
442065,0.5
442066,0.5
442067,0.5
442068,0.5
442069,0.5
442070,0.5
442071,0.5
442072,0.5
442073,0.5
442074,0.5
442075,0.5
442076,0.5
442077,0.5
442078,0.5
442079,0.5
442080,0.5
442081,0.5
442082,0.5
442083,0.5
442084,0.5
442085,0.5
442086,0.5
442087,0.5
442088,0.5
442089,0.5
442090,0.5
442091,0.5
442092,0.5
442093,0.5
442094,0.5
442095,0.5
442096,0.5
442097,0.5
442098,0.5
442099,0.5
442100,0.5
442101,0.5
442102,0.5
442103,0.5
442104,0.5
442105,0.5
442106,0.5
442107,0.5
442108,0.5
442109,0.5
442110,0.5
442111,0.5
442112,0.5
442113,0.5
442114,0.5
442115,0.5
442116,0.5
442117,0.5
442118,0.5
442119,0.5
442120,0.5
442121,0.5
442122,0.5
442123,0.5
442124,0.5
442125,0.5
442126,0.5
442127,0.5
442128,0.5
442129,0.5
442130,0.5
442131,0.5
442132,0.5
442133,0.5
442134,0.5
442135,0.5
442136,0.5
442137,0.5
442138,0.5
442139,0.5
442140,0.5
442141,0.5
442142,0.5
442143,0.5
442144,0.5
442145,0.5
442146,0.5
442147,0.5
442148,0.5
442149,0.5
442150,0.5
442151,0.5
442152,0.5
442153,0.5
442154,0.5
442155,0.5
442156,0.5
442157,0.5
442158,0.5
442159,0.5
442160,0.5
442161,0.5
442162,0.5
442163,0.5
442164,0.5
442165,0.5
442166,0.5
442167,0.5
442168,0.5
442169,0.5
442170,0.5
442171,0.5
442172,0.5
442173,0.5
442174,0.5
442175,0.5
442176,0.5
442177,0.5
442178,0.5
442179,0.5
442180,0.5
442181,0.5
442182,0.5
442183,0.5
442184,0.5
442185,0.5
442186,0.5
442187,0.5
442188,0.5
442189,0.5
442190,0.5
442191,0.5
442192,0.5
442193,0.5
442194,0.5
442195,0.5
442196,0.5
442197,0.5
442198,0.5
442199,0.5
442200,0.5
442201,0.5
442202,0.5
442203,0.5
442204,0.5
442205,0.5
442206,0.5
442207,0.5
442208,0.5
442209,0.5
442210,0.5
442211,0.5
442212,0.5
442213,0.5
442214,0.5
442215,0.5
442216,0.5
442217,0.5
442218,0.5
442219,0.5
442220,0.5
442221,0.5
442222,0.5
442223,0.5
442224,0.5
442225,0.5
442226,0.5
442227,0.5
442228,0.5
442229,0.5
442230,0.5
442231,0.5
442232,0.5
442233,0.5
442234,0.5
442235,0.5
442236,0.5
442237,0.5
442238,0.5
442239,0.5
442240,0.5
442241,0.5
442242,0.5
442243,0.5
442244,0.5
442245,0.5
442246,0.5
442247,0.5
442248,0.5
442249,0.5
442250,0.5
442251,0.5
442252,0.5
442253,0.5
442254,0.5
442255,0.5
442256,0.5
442257,0.5
442258,0.5
442259,0.5
442260,0.5
442261,0.5
442262,0.5
442263,0.5
442264,0.5
442265,0.5
442266,0.5
442267,0.5
442268,0.5
442269,0.5
442270,0.5
442271,0.5
442272,0.5
442273,0.5
442274,0.5
442275,0.5
442276,0.5
442277,0.5
442278,0.5
442279,0.5
442280,0.5
442281,0.5
442282,0.5
442283,0.5
442284,0.5
442285,0.5
442286,0.5
442287,0.5
442288,0.5
442289,0.5
442290,0.5
442291,0.5
442292,0.5
442293,0.5
442294,0.5
442295,0.5
442296,0.5
442297,0.5
442298,0.5
442299,0.5
442300,0.5
442301,0.5
442302,0.5
442303,0.5
442304,0.5
442305,0.5
442306,0.5
442307,0.5
442308,0.5
442309,0.5
442310,0.5
442311,0.5
442312,0.5
442313,0.5
442314,0.5
442315,0.5
442316,0.5
442317,0.5
442318,0.5
442319,0.5
442320,0.5
442321,0.5
442322,0.5
442323,0.5
442324,0.5
442325,0.5
442326,0.5
442327,0.5
442328,0.5
442329,0.5
442330,0.5
442331,0.5
442332,0.5
442333,0.5
442334,0.5
442335,0.5
442336,0.5
442337,0.5
442338,0.5
442339,0.5
442340,0.5
442341,0.5
442342,0.5
442343,0.5
442344,0.5
442345,0.5
442346,0.5
442347,0.5
442348,0.5
442349,0.5
442350,0.5
442351,0.5
442352,0.5
442353,0.5
442354,0.5
442355,0.5
442356,0.5
442357,0.5
442358,0.5
442359,0.5
442360,0.5
442361,0.5
442362,0.5
442363,0.5
442364,0.5
442365,0.5
442366,0.5
442367,0.5
442368,0.5
442369,0.5
442370,0.5
442371,0.5
442372,0.5
442373,0.5
442374,0.5
442375,0.5
442376,0.5
442377,0.5
442378,0.5
442379,0.5
442380,0.5
442381,0.5
442382,0.5
442383,0.5
442384,0.5
442385,0.5
442386,0.5
442387,0.5
442388,0.5
442389,0.5
442390,0.5
442391,0.5
442392,0.5
442393,0.5
442394,0.5
442395,0.5
442396,0.5
442397,0.5
442398,0.5
442399,0.5
442400,0.5
442401,0.5
442402,0.5
442403,0.5
442404,0.5
442405,0.5
442406,0.5
442407,0.5
442408,0.5
442409,0.5
442410,0.5
442411,0.5
442412,0.5
442413,0.5
442414,0.5
442415,0.5
442416,0.5
442417,0.5
442418,0.5
442419,0.5
442420,0.5
442421,0.5
442422,0.5
442423,0.5
442424,0.5
442425,0.5
442426,0.5
442427,0.5
442428,0.5
442429,0.5
442430,0.5
442431,0.5
442432,0.5
442433,0.5
442434,0.5
442435,0.5
442436,0.5
442437,0.5
442438,0.5
442439,0.5
442440,0.5
442441,0.5
442442,0.5
442443,0.5
442444,0.5
442445,0.5
442446,0.5
442447,0.5
442448,0.5
442449,0.5
442450,0.5
442451,0.5
442452,0.5
442453,0.5
442454,0.5
442455,0.5
442456,0.5
442457,0.5
442458,0.5
442459,0.5
442460,0.5
442461,0.5
442462,0.5
442463,0.5
442464,0.5
442465,0.5
442466,0.5
442467,0.5
442468,0.5
442469,0.5
442470,0.5
442471,0.5
442472,0.5
442473,0.5
442474,0.5
442475,0.5
442476,0.5
442477,0.5
442478,0.5
442479,0.5
442480,0.5
442481,0.5
442482,0.5
442483,0.5
442484,0.5
442485,0.5
442486,0.5
442487,0.5
442488,0.5
442489,0.5
442490,0.5
442491,0.5
442492,0.5
442493,0.5
442494,0.5
442495,0.5
442496,0.5
442497,0.5
442498,0.5
442499,0.5
442500,0.5
442501,0.5
442502,0.5
442503,0.5
442504,0.5
442505,0.5
442506,0.5
442507,0.5
442508,0.5
442509,0.5
442510,0.5
442511,0.5
442512,0.5
442513,0.5
442514,0.5
442515,0.5
442516,0.5
442517,0.5
442518,0.5
442519,0.5
442520,0.5
442521,0.5
442522,0.5
442523,0.5
442524,0.5
442525,0.5
442526,0.5
442527,0.5
442528,0.5
442529,0.5
442530,0.5
442531,0.5
442532,0.5
442533,0.5
442534,0.5
442535,0.5
442536,0.5
442537,0.5
442538,0.5
442539,0.5
442540,0.5
442541,0.5
442542,0.5
442543,0.5
442544,0.5
442545,0.5
442546,0.5
442547,0.5
442548,0.5
442549,0.5
442550,0.5
442551,0.5
442552,0.5
442553,0.5
442554,0.5
442555,0.5
442556,0.5
442557,0.5
442558,0.5
442559,0.5
442560,0.5
442561,0.5
442562,0.5
442563,0.5
442564,0.5
442565,0.5
442566,0.5
442567,0.5
442568,0.5
442569,0.5
442570,0.5
442571,0.5
442572,0.5
442573,0.5
442574,0.5
442575,0.5
442576,0.5
442577,0.5
442578,0.5
442579,0.5
442580,0.5
442581,0.5
442582,0.5
442583,0.5
442584,0.5
442585,0.5
442586,0.5
442587,0.5
442588,0.5
442589,0.5
442590,0.5
442591,0.5
442592,0.5
442593,0.5
442594,0.5
442595,0.5
442596,0.5
442597,0.5
442598,0.5
442599,0.5
442600,0.5
442601,0.5
442602,0.5
442603,0.5
442604,0.5
442605,0.5
442606,0.5
442607,0.5
442608,0.5
442609,0.5
442610,0.5
442611,0.5
442612,0.5
442613,0.5
442614,0.5
442615,0.5
442616,0.5
442617,0.5
442618,0.5
442619,0.5
442620,0.5
442621,0.5
442622,0.5
442623,0.5
442624,0.5
442625,0.5
442626,0.5
442627,0.5
442628,0.5
442629,0.5
442630,0.5
442631,0.5
442632,0.5
442633,0.5
442634,0.5
442635,0.5
442636,0.5
442637,0.5
442638,0.5
442639,0.5
442640,0.5
442641,0.5
442642,0.5
442643,0.5
442644,0.5
442645,0.5
442646,0.5
442647,0.5
442648,0.5
442649,0.5
442650,0.5
442651,0.5
442652,0.5
442653,0.5
442654,0.5
442655,0.5
442656,0.5
442657,0.5
442658,0.5
442659,0.5
442660,0.5
442661,0.5
442662,0.5
442663,0.5
442664,0.5
442665,0.5
442666,0.5
442667,0.5
442668,0.5
442669,0.5
442670,0.5
442671,0.5
442672,0.5
442673,0.5
442674,0.5
442675,0.5
442676,0.5
442677,0.5
442678,0.5
442679,0.5
442680,0.5
442681,0.5
442682,0.5
442683,0.5
442684,0.5
442685,0.5
442686,0.5
442687,0.5
442688,0.5
442689,0.5
442690,0.5
442691,0.5
442692,0.5
442693,0.5
442694,0.5
442695,0.5
442696,0.5
442697,0.5
442698,0.5
442699,0.5
442700,0.5
442701,0.5
442702,0.5
442703,0.5
442704,0.5
442705,0.5
442706,0.5
442707,0.5
442708,0.5
442709,0.5
442710,0.5
442711,0.5
442712,0.5
442713,0.5
442714,0.5
442715,0.5
442716,0.5
442717,0.5
442718,0.5
442719,0.5
442720,0.5
442721,0.5
442722,0.5
442723,0.5
442724,0.5
442725,0.5
442726,0.5
442727,0.5
442728,0.5
442729,0.5
442730,0.5
442731,0.5
442732,0.5
442733,0.5
442734,0.5
442735,0.5
442736,0.5
442737,0.5
442738,0.5
442739,0.5
442740,0.5
442741,0.5
442742,0.5
442743,0.5
442744,0.5
442745,0.5
442746,0.5
442747,0.5
442748,0.5
442749,0.5
442750,0.5
442751,0.5
442752,0.5
442753,0.5
442754,0.5
442755,0.5
442756,0.5
442757,0.5
442758,0.5
442759,0.5
442760,0.5
442761,0.5
442762,0.5
442763,0.5
442764,0.5
442765,0.5
442766,0.5
442767,0.5
442768,0.5
442769,0.5
442770,0.5
442771,0.5
442772,0.5
442773,0.5
442774,0.5
442775,0.5
442776,0.5
442777,0.5
442778,0.5
442779,0.5
442780,0.5
442781,0.5
442782,0.5
442783,0.5
442784,0.5
442785,0.5
442786,0.5
442787,0.5
442788,0.5
442789,0.5
442790,0.5
442791,0.5
442792,0.5
442793,0.5
442794,0.5
442795,0.5
442796,0.5
442797,0.5
442798,0.5
442799,0.5
442800,0.5
442801,0.5
442802,0.5
442803,0.5
442804,0.5
442805,0.5
442806,0.5
442807,0.5
442808,0.5
442809,0.5
442810,0.5
442811,0.5
442812,0.5
442813,0.5
442814,0.5
442815,0.5
442816,0.5
442817,0.5
442818,0.5
442819,0.5
442820,0.5
442821,0.5
442822,0.5
442823,0.5
442824,0.5
442825,0.5
442826,0.5
442827,0.5
442828,0.5
442829,0.5
442830,0.5
442831,0.5
442832,0.5
442833,0.5
442834,0.5
442835,0.5
442836,0.5
442837,0.5
442838,0.5
442839,0.5
442840,0.5
442841,0.5
442842,0.5
442843,0.5
442844,0.5
442845,0.5
442846,0.5
442847,0.5
442848,0.5
442849,0.5
442850,0.5
442851,0.5
442852,0.5
442853,0.5
442854,0.5
442855,0.5
442856,0.5
442857,0.5
442858,0.5
442859,0.5
442860,0.5
442861,0.5
442862,0.5
442863,0.5
442864,0.5
442865,0.5
442866,0.5
442867,0.5
442868,0.5
442869,0.5
442870,0.5
442871,0.5
442872,0.5
442873,0.5
442874,0.5
442875,0.5
442876,0.5
442877,0.5
442878,0.5
442879,0.5
442880,0.5
442881,0.5
442882,0.5
442883,0.5
442884,0.5
442885,0.5
442886,0.5
442887,0.5
442888,0.5
442889,0.5
442890,0.5
442891,0.5
442892,0.5
442893,0.5
442894,0.5
442895,0.5
442896,0.5
442897,0.5
442898,0.5
442899,0.5
442900,0.5
442901,0.5
442902,0.5
442903,0.5
442904,0.5
442905,0.5
442906,0.5
442907,0.5
442908,0.5
442909,0.5
442910,0.5
442911,0.5
442912,0.5
442913,0.5
442914,0.5
442915,0.5
442916,0.5
442917,0.5
442918,0.5
442919,0.5
442920,0.5
442921,0.5
442922,0.5
442923,0.5
442924,0.5
442925,0.5
442926,0.5
442927,0.5
442928,0.5
442929,0.5
442930,0.5
442931,0.5
442932,0.5
442933,0.5
442934,0.5
442935,0.5
442936,0.5
442937,0.5
442938,0.5
442939,0.5
442940,0.5
442941,0.5
442942,0.5
442943,0.5
442944,0.5
442945,0.5
442946,0.5
442947,0.5
442948,0.5
442949,0.5
442950,0.5
442951,0.5
442952,0.5
442953,0.5
442954,0.5
442955,0.5
442956,0.5
442957,0.5
442958,0.5
442959,0.5
442960,0.5
442961,0.5
442962,0.5
442963,0.5
442964,0.5
442965,0.5
442966,0.5
442967,0.5
442968,0.5
442969,0.5
442970,0.5
442971,0.5
442972,0.5
442973,0.5
442974,0.5
442975,0.5
442976,0.5
442977,0.5
442978,0.5
442979,0.5
442980,0.5
442981,0.5
442982,0.5
442983,0.5
442984,0.5
442985,0.5
442986,0.5
442987,0.5
442988,0.5
442989,0.5
442990,0.5
442991,0.5
442992,0.5
442993,0.5
442994,0.5
442995,0.5
442996,0.5
442997,0.5
442998,0.5
442999,0.5
443000,0.5
443001,0.5
443002,0.5
443003,0.5
443004,0.5
443005,0.5
443006,0.5
443007,0.5
443008,0.5
443009,0.5
443010,0.5
443011,0.5
443012,0.5
443013,0.5
443014,0.5
443015,0.5
443016,0.5
443017,0.5
443018,0.5
443019,0.5
443020,0.5
443021,0.5
443022,0.5
443023,0.5
443024,0.5
443025,0.5
443026,0.5
443027,0.5
443028,0.5
443029,0.5
443030,0.5
443031,0.5
443032,0.5
443033,0.5
443034,0.5
443035,0.5
443036,0.5
443037,0.5
443038,0.5
443039,0.5
443040,0.5
443041,0.5
443042,0.5
443043,0.5
443044,0.5
443045,0.5
443046,0.5
443047,0.5
443048,0.5
443049,0.5
443050,0.5
443051,0.5
443052,0.5
443053,0.5
443054,0.5
443055,0.5
443056,0.5
443057,0.5
443058,0.5
443059,0.5
443060,0.5
443061,0.5
443062,0.5
443063,0.5
443064,0.5
443065,0.5
443066,0.5
443067,0.5
443068,0.5
443069,0.5
443070,0.5
443071,0.5
443072,0.5
443073,0.5
443074,0.5
443075,0.5
443076,0.5
443077,0.5
443078,0.5
443079,0.5
443080,0.5
443081,0.5
443082,0.5
443083,0.5
443084,0.5
443085,0.5
443086,0.5
443087,0.5
443088,0.5
443089,0.5
443090,0.5
443091,0.5
443092,0.5
443093,0.5
443094,0.5
443095,0.5
443096,0.5
443097,0.5
443098,0.5
443099,0.5
443100,0.5
443101,0.5
443102,0.5
443103,0.5
443104,0.5
443105,0.5
443106,0.5
443107,0.5
443108,0.5
443109,0.5
443110,0.5
443111,0.5
443112,0.5
443113,0.5
443114,0.5
443115,0.5
443116,0.5
443117,0.5
443118,0.5
443119,0.5
443120,0.5
443121,0.5
443122,0.5
443123,0.5
443124,0.5
443125,0.5
443126,0.5
443127,0.5
443128,0.5
443129,0.5
443130,0.5
443131,0.5
443132,0.5
443133,0.5
443134,0.5
443135,0.5
443136,0.5
443137,0.5
443138,0.5
443139,0.5
443140,0.5
443141,0.5
443142,0.5
443143,0.5
443144,0.5
443145,0.5
443146,0.5
443147,0.5
443148,0.5
443149,0.5
443150,0.5
443151,0.5
443152,0.5
443153,0.5
443154,0.5
443155,0.5
443156,0.5
443157,0.5
443158,0.5
443159,0.5
443160,0.5
443161,0.5
443162,0.5
443163,0.5
443164,0.5
443165,0.5
443166,0.5
443167,0.5
443168,0.5
443169,0.5
443170,0.5
443171,0.5
443172,0.5
443173,0.5
443174,0.5
443175,0.5
443176,0.5
443177,0.5
443178,0.5
443179,0.5
443180,0.5
443181,0.5
443182,0.5
443183,0.5
443184,0.5
443185,0.5
443186,0.5
443187,0.5
443188,0.5
443189,0.5
443190,0.5
443191,0.5
443192,0.5
443193,0.5
443194,0.5
443195,0.5
443196,0.5
443197,0.5
443198,0.5
443199,0.5
443200,0.5
443201,0.5
443202,0.5
443203,0.5
443204,0.5
443205,0.5
443206,0.5
443207,0.5
443208,0.5
443209,0.5
443210,0.5
443211,0.5
443212,0.5
443213,0.5
443214,0.5
443215,0.5
443216,0.5
443217,0.5
443218,0.5
443219,0.5
443220,0.5
443221,0.5
443222,0.5
443223,0.5
443224,0.5
443225,0.5
443226,0.5
443227,0.5
443228,0.5
443229,0.5
443230,0.5
443231,0.5
443232,0.5
443233,0.5
443234,0.5
443235,0.5
443236,0.5
443237,0.5
443238,0.5
443239,0.5
443240,0.5
443241,0.5
443242,0.5
443243,0.5
443244,0.5
443245,0.5
443246,0.5
443247,0.5
443248,0.5
443249,0.5
443250,0.5
443251,0.5
443252,0.5
443253,0.5
443254,0.5
443255,0.5
443256,0.5
443257,0.5
443258,0.5
443259,0.5
443260,0.5
443261,0.5
443262,0.5
443263,0.5
443264,0.5
443265,0.5
443266,0.5
443267,0.5
443268,0.5
443269,0.5
443270,0.5
443271,0.5
443272,0.5
443273,0.5
443274,0.5
443275,0.5
443276,0.5
443277,0.5
443278,0.5
443279,0.5
443280,0.5
443281,0.5
443282,0.5
443283,0.5
443284,0.5
443285,0.5
443286,0.5
443287,0.5
443288,0.5
443289,0.5
443290,0.5
443291,0.5
443292,0.5
443293,0.5
443294,0.5
443295,0.5
443296,0.5
443297,0.5
443298,0.5
443299,0.5
443300,0.5
443301,0.5
443302,0.5
443303,0.5
443304,0.5
443305,0.5
443306,0.5
443307,0.5
443308,0.5
443309,0.5
443310,0.5
443311,0.5
443312,0.5
443313,0.5
443314,0.5
443315,0.5
443316,0.5
443317,0.5
443318,0.5
443319,0.5
443320,0.5
443321,0.5
443322,0.5
443323,0.5
443324,0.5
443325,0.5
443326,0.5
443327,0.5
443328,0.5
443329,0.5
443330,0.5
443331,0.5
443332,0.5
443333,0.5
443334,0.5
443335,0.5
443336,0.5
443337,0.5
443338,0.5
443339,0.5
443340,0.5
443341,0.5
443342,0.5
443343,0.5
443344,0.5
443345,0.5
443346,0.5
443347,0.5
443348,0.5
443349,0.5
443350,0.5
443351,0.5
443352,0.5
443353,0.5
443354,0.5
443355,0.5
443356,0.5
443357,0.5
443358,0.5
443359,0.5
443360,0.5
443361,0.5
443362,0.5
443363,0.5
443364,0.5
443365,0.5
443366,0.5
443367,0.5
443368,0.5
443369,0.5
443370,0.5
443371,0.5
443372,0.5
443373,0.5
443374,0.5
443375,0.5
443376,0.5
443377,0.5
443378,0.5
443379,0.5
443380,0.5
443381,0.5
443382,0.5
443383,0.5
443384,0.5
443385,0.5
443386,0.5
443387,0.5
443388,0.5
443389,0.5
443390,0.5
443391,0.5
443392,0.5
443393,0.5
443394,0.5
443395,0.5
443396,0.5
443397,0.5
443398,0.5
443399,0.5
443400,0.5
443401,0.5
443402,0.5
443403,0.5
443404,0.5
443405,0.5
443406,0.5
443407,0.5
443408,0.5
443409,0.5
443410,0.5
443411,0.5
443412,0.5
443413,0.5
443414,0.5
443415,0.5
443416,0.5
443417,0.5
443418,0.5
443419,0.5
443420,0.5
443421,0.5
443422,0.5
443423,0.5
443424,0.5
443425,0.5
443426,0.5
443427,0.5
443428,0.5
443429,0.5
443430,0.5
443431,0.5
443432,0.5
443433,0.5
443434,0.5
443435,0.5
443436,0.5
443437,0.5
443438,0.5
443439,0.5
443440,0.5
443441,0.5
443442,0.5
443443,0.5
443444,0.5
443445,0.5
443446,0.5
443447,0.5
443448,0.5
443449,0.5
443450,0.5
443451,0.5
443452,0.5
443453,0.5
443454,0.5
443455,0.5
443456,0.5
443457,0.5
443458,0.5
443459,0.5
443460,0.5
443461,0.5
443462,0.5
443463,0.5
443464,0.5
443465,0.5
443466,0.5
443467,0.5
443468,0.5
443469,0.5
443470,0.5
443471,0.5
443472,0.5
443473,0.5
443474,0.5
443475,0.5
443476,0.5
443477,0.5
443478,0.5
443479,0.5
443480,0.5
443481,0.5
443482,0.5
443483,0.5
443484,0.5
443485,0.5
443486,0.5
443487,0.5
443488,0.5
443489,0.5
443490,0.5
443491,0.5
443492,0.5
443493,0.5
443494,0.5
443495,0.5
443496,0.5
443497,0.5
443498,0.5
443499,0.5
443500,0.5
443501,0.5
443502,0.5
443503,0.5
443504,0.5
443505,0.5
443506,0.5
443507,0.5
443508,0.5
443509,0.5
443510,0.5
443511,0.5
443512,0.5
443513,0.5
443514,0.5
443515,0.5
443516,0.5
443517,0.5
443518,0.5
443519,0.5
443520,0.5
443521,0.5
443522,0.5
443523,0.5
443524,0.5
443525,0.5
443526,0.5
443527,0.5
443528,0.5
443529,0.5
443530,0.5
443531,0.5
443532,0.5
443533,0.5
443534,0.5
443535,0.5
443536,0.5
443537,0.5
443538,0.5
443539,0.5
443540,0.5
443541,0.5
443542,0.5
443543,0.5
443544,0.5
443545,0.5
443546,0.5
443547,0.5
443548,0.5
443549,0.5
443550,0.5
443551,0.5
443552,0.5
443553,0.5
443554,0.5
443555,0.5
443556,0.5
443557,0.5
443558,0.5
443559,0.5
443560,0.5
443561,0.5
443562,0.5
443563,0.5
443564,0.5
443565,0.5
443566,0.5
443567,0.5
443568,0.5
443569,0.5
443570,0.5
443571,0.5
443572,0.5
443573,0.5
443574,0.5
443575,0.5
443576,0.5
443577,0.5
443578,0.5
443579,0.5
443580,0.5
443581,0.5
443582,0.5
443583,0.5
443584,0.5
443585,0.5
443586,0.5
443587,0.5
443588,0.5
443589,0.5
443590,0.5
443591,0.5
443592,0.5
443593,0.5
443594,0.5
443595,0.5
443596,0.5
443597,0.5
443598,0.5
443599,0.5
443600,0.5
443601,0.5
443602,0.5
443603,0.5
443604,0.5
443605,0.5
443606,0.5
443607,0.5
443608,0.5
443609,0.5
443610,0.5
443611,0.5
443612,0.5
443613,0.5
443614,0.5
443615,0.5
443616,0.5
443617,0.5
443618,0.5
443619,0.5
443620,0.5
443621,0.5
443622,0.5
443623,0.5
443624,0.5
443625,0.5
443626,0.5
443627,0.5
443628,0.5
443629,0.5
443630,0.5
443631,0.5
443632,0.5
443633,0.5
443634,0.5
443635,0.5
443636,0.5
443637,0.5
443638,0.5
443639,0.5
443640,0.5
443641,0.5
443642,0.5
443643,0.5
443644,0.5
443645,0.5
443646,0.5
443647,0.5
443648,0.5
443649,0.5
443650,0.5
443651,0.5
443652,0.5
443653,0.5
443654,0.5
443655,0.5
443656,0.5
443657,0.5
443658,0.5
443659,0.5
443660,0.5
443661,0.5
443662,0.5
443663,0.5
443664,0.5
443665,0.5
443666,0.5
443667,0.5
443668,0.5
443669,0.5
443670,0.5
443671,0.5
443672,0.5
443673,0.5
443674,0.5
443675,0.5
443676,0.5
443677,0.5
443678,0.5
443679,0.5
443680,0.5
443681,0.5
443682,0.5
443683,0.5
443684,0.5
443685,0.5
443686,0.5
443687,0.5
443688,0.5
443689,0.5
443690,0.5
443691,0.5
443692,0.5
443693,0.5
443694,0.5
443695,0.5
443696,0.5
443697,0.5
443698,0.5
443699,0.5
443700,0.5
443701,0.5
443702,0.5
443703,0.5
443704,0.5
443705,0.5
443706,0.5
443707,0.5
443708,0.5
443709,0.5
443710,0.5
443711,0.5
443712,0.5
443713,0.5
443714,0.5
443715,0.5
443716,0.5
443717,0.5
443718,0.5
443719,0.5
443720,0.5
443721,0.5
443722,0.5
443723,0.5
443724,0.5
443725,0.5
443726,0.5
443727,0.5
443728,0.5
443729,0.5
443730,0.5
443731,0.5
443732,0.5
443733,0.5
443734,0.5
443735,0.5
443736,0.5
443737,0.5
443738,0.5
443739,0.5
443740,0.5
443741,0.5
443742,0.5
443743,0.5
443744,0.5
443745,0.5
443746,0.5
443747,0.5
443748,0.5
443749,0.5
443750,0.5
443751,0.5
443752,0.5
443753,0.5
443754,0.5
443755,0.5
443756,0.5
443757,0.5
443758,0.5
443759,0.5
443760,0.5
443761,0.5
443762,0.5
443763,0.5
443764,0.5
443765,0.5
443766,0.5
443767,0.5
443768,0.5
443769,0.5
443770,0.5
443771,0.5
443772,0.5
443773,0.5
443774,0.5
443775,0.5
443776,0.5
443777,0.5
443778,0.5
443779,0.5
443780,0.5
443781,0.5
443782,0.5
443783,0.5
443784,0.5
443785,0.5
443786,0.5
443787,0.5
443788,0.5
443789,0.5
443790,0.5
443791,0.5
443792,0.5
443793,0.5
443794,0.5
443795,0.5
443796,0.5
443797,0.5
443798,0.5
443799,0.5
443800,0.5
443801,0.5
443802,0.5
443803,0.5
443804,0.5
443805,0.5
443806,0.5
443807,0.5
443808,0.5
443809,0.5
443810,0.5
443811,0.5
443812,0.5
443813,0.5
443814,0.5
443815,0.5
443816,0.5
443817,0.5
443818,0.5
443819,0.5
443820,0.5
443821,0.5
443822,0.5
443823,0.5
443824,0.5
443825,0.5
443826,0.5
443827,0.5
443828,0.5
443829,0.5
443830,0.5
443831,0.5
443832,0.5
443833,0.5
443834,0.5
443835,0.5
443836,0.5
443837,0.5
443838,0.5
443839,0.5
443840,0.5
443841,0.5
443842,0.5
443843,0.5
443844,0.5
443845,0.5
443846,0.5
443847,0.5
443848,0.5
443849,0.5
443850,0.5
443851,0.5
443852,0.5
443853,0.5
443854,0.5
443855,0.5
443856,0.5
443857,0.5
443858,0.5
443859,0.5
443860,0.5
443861,0.5
443862,0.5
443863,0.5
443864,0.5
443865,0.5
443866,0.5
443867,0.5
443868,0.5
443869,0.5
443870,0.5
443871,0.5
443872,0.5
443873,0.5
443874,0.5
443875,0.5
443876,0.5
443877,0.5
443878,0.5
443879,0.5
443880,0.5
443881,0.5
443882,0.5
443883,0.5
443884,0.5
443885,0.5
443886,0.5
443887,0.5
443888,0.5
443889,0.5
443890,0.5
443891,0.5
443892,0.5
443893,0.5
443894,0.5
443895,0.5
443896,0.5
443897,0.5
443898,0.5
443899,0.5
443900,0.5
443901,0.5
443902,0.5
443903,0.5
443904,0.5
443905,0.5
443906,0.5
443907,0.5
443908,0.5
443909,0.5
443910,0.5
443911,0.5
443912,0.5
443913,0.5
443914,0.5
443915,0.5
443916,0.5
443917,0.5
443918,0.5
443919,0.5
443920,0.5
443921,0.5
443922,0.5
443923,0.5
443924,0.5
443925,0.5
443926,0.5
443927,0.5
443928,0.5
443929,0.5
443930,0.5
443931,0.5
443932,0.5
443933,0.5
443934,0.5
443935,0.5
443936,0.5
443937,0.5
443938,0.5
443939,0.5
443940,0.5
443941,0.5
443942,0.5
443943,0.5
443944,0.5
443945,0.5
443946,0.5
443947,0.5
443948,0.5
443949,0.5
443950,0.5
443951,0.5
443952,0.5
443953,0.5
443954,0.5
443955,0.5
443956,0.5
443957,0.5
443958,0.5
443959,0.5
443960,0.5
443961,0.5
443962,0.5
443963,0.5
443964,0.5
443965,0.5
443966,0.5
443967,0.5
443968,0.5
443969,0.5
443970,0.5
443971,0.5
443972,0.5
443973,0.5
443974,0.5
443975,0.5
443976,0.5
443977,0.5
443978,0.5
443979,0.5
443980,0.5
443981,0.5
443982,0.5
443983,0.5
443984,0.5
443985,0.5
443986,0.5
443987,0.5
443988,0.5
443989,0.5
443990,0.5
443991,0.5
443992,0.5
443993,0.5
443994,0.5
443995,0.5
443996,0.5
443997,0.5
443998,0.5
443999,0.5
444000,0.5
444001,0.5
444002,0.5
444003,0.5
444004,0.5
444005,0.5
444006,0.5
444007,0.5
444008,0.5
444009,0.5
444010,0.5
444011,0.5
444012,0.5
444013,0.5
444014,0.5
444015,0.5
444016,0.5
444017,0.5
444018,0.5
444019,0.5
444020,0.5
444021,0.5
444022,0.5
444023,0.5
444024,0.5
444025,0.5
444026,0.5
444027,0.5
444028,0.5
444029,0.5
444030,0.5
444031,0.5
444032,0.5
444033,0.5
444034,0.5
444035,0.5
444036,0.5
444037,0.5
444038,0.5
444039,0.5
444040,0.5
444041,0.5
444042,0.5
444043,0.5
444044,0.5
444045,0.5
444046,0.5
444047,0.5
444048,0.5
444049,0.5
444050,0.5
444051,0.5
444052,0.5
444053,0.5
444054,0.5
444055,0.5
444056,0.5
444057,0.5
444058,0.5
444059,0.5
444060,0.5
444061,0.5
444062,0.5
444063,0.5
444064,0.5
444065,0.5
444066,0.5
444067,0.5
444068,0.5
444069,0.5
444070,0.5
444071,0.5
444072,0.5
444073,0.5
444074,0.5
444075,0.5
444076,0.5
444077,0.5
444078,0.5
444079,0.5
444080,0.5
444081,0.5
444082,0.5
444083,0.5
444084,0.5
444085,0.5
444086,0.5
444087,0.5
444088,0.5
444089,0.5
444090,0.5
444091,0.5
444092,0.5
444093,0.5
444094,0.5
444095,0.5
444096,0.5
444097,0.5
444098,0.5
444099,0.5
444100,0.5
444101,0.5
444102,0.5
444103,0.5
444104,0.5
444105,0.5
444106,0.5
444107,0.5
444108,0.5
444109,0.5
444110,0.5
444111,0.5
444112,0.5
444113,0.5
444114,0.5
444115,0.5
444116,0.5
444117,0.5
444118,0.5
444119,0.5
444120,0.5
444121,0.5
444122,0.5
444123,0.5
444124,0.5
444125,0.5
444126,0.5
444127,0.5
444128,0.5
444129,0.5
444130,0.5
444131,0.5
444132,0.5
444133,0.5
444134,0.5
444135,0.5
444136,0.5
444137,0.5
444138,0.5
444139,0.5
444140,0.5
444141,0.5
444142,0.5
444143,0.5
444144,0.5
444145,0.5
444146,0.5
444147,0.5
444148,0.5
444149,0.5
444150,0.5
444151,0.5
444152,0.5
444153,0.5
444154,0.5
444155,0.5
444156,0.5
444157,0.5
444158,0.5
444159,0.5
444160,0.5
444161,0.5
444162,0.5
444163,0.5
444164,0.5
444165,0.5
444166,0.5
444167,0.5
444168,0.5
444169,0.5
444170,0.5
444171,0.5
444172,0.5
444173,0.5
444174,0.5
444175,0.5
444176,0.5
444177,0.5
444178,0.5
444179,0.5
444180,0.5
444181,0.5
444182,0.5
444183,0.5
444184,0.5
444185,0.5
444186,0.5
444187,0.5
444188,0.5
444189,0.5
444190,0.5
444191,0.5
444192,0.5
444193,0.5
444194,0.5
444195,0.5
444196,0.5
444197,0.5
444198,0.5
444199,0.5
444200,0.5
444201,0.5
444202,0.5
444203,0.5
444204,0.5
444205,0.5
444206,0.5
444207,0.5
444208,0.5
444209,0.5
444210,0.5
444211,0.5
444212,0.5
444213,0.5
444214,0.5
444215,0.5
444216,0.5
444217,0.5
444218,0.5
444219,0.5
444220,0.5
444221,0.5
444222,0.5
444223,0.5
444224,0.5
444225,0.5
444226,0.5
444227,0.5
444228,0.5
444229,0.5
444230,0.5
444231,0.5
444232,0.5
444233,0.5
444234,0.5
444235,0.5
444236,0.5
444237,0.5
444238,0.5
444239,0.5
444240,0.5
444241,0.5
444242,0.5
444243,0.5
444244,0.5
444245,0.5
444246,0.5
444247,0.5
444248,0.5
444249,0.5
444250,0.5
444251,0.5
444252,0.5
444253,0.5
444254,0.5
444255,0.5
444256,0.5
444257,0.5
444258,0.5
444259,0.5
444260,0.5
444261,0.5
444262,0.5
444263,0.5
444264,0.5
444265,0.5
444266,0.5
444267,0.5
444268,0.5
444269,0.5
444270,0.5
444271,0.5
444272,0.5
444273,0.5
444274,0.5
444275,0.5
444276,0.5
444277,0.5
444278,0.5
444279,0.5
444280,0.5
444281,0.5
444282,0.5
444283,0.5
444284,0.5
444285,0.5
444286,0.5
444287,0.5
444288,0.5
444289,0.5
444290,0.5
444291,0.5
444292,0.5
444293,0.5
444294,0.5
444295,0.5
444296,0.5
444297,0.5
444298,0.5
444299,0.5
444300,0.5
444301,0.5
444302,0.5
444303,0.5
444304,0.5
444305,0.5
444306,0.5
444307,0.5
444308,0.5
444309,0.5
444310,0.5
444311,0.5
444312,0.5
444313,0.5
444314,0.5
444315,0.5
444316,0.5
444317,0.5
444318,0.5
444319,0.5
444320,0.5
444321,0.5
444322,0.5
444323,0.5
444324,0.5
444325,0.5
444326,0.5
444327,0.5
444328,0.5
444329,0.5
444330,0.5
444331,0.5
444332,0.5
444333,0.5
444334,0.5
444335,0.5
444336,0.5
444337,0.5
444338,0.5
444339,0.5
444340,0.5
444341,0.5
444342,0.5
444343,0.5
444344,0.5
444345,0.5
444346,0.5
444347,0.5
444348,0.5
444349,0.5
444350,0.5
444351,0.5
444352,0.5
444353,0.5
444354,0.5
444355,0.5
444356,0.5
444357,0.5
444358,0.5
444359,0.5
444360,0.5
444361,0.5
444362,0.5
444363,0.5
444364,0.5
444365,0.5
444366,0.5
444367,0.5
444368,0.5
444369,0.5
444370,0.5
444371,0.5
444372,0.5
444373,0.5
444374,0.5
444375,0.5
444376,0.5
444377,0.5
444378,0.5
444379,0.5
444380,0.5
444381,0.5
444382,0.5
444383,0.5
444384,0.5
444385,0.5
444386,0.5
444387,0.5
444388,0.5
444389,0.5
444390,0.5
444391,0.5
444392,0.5
444393,0.5
444394,0.5
444395,0.5
444396,0.5
444397,0.5
444398,0.5
444399,0.5
444400,0.5
444401,0.5
444402,0.5
444403,0.5
444404,0.5
444405,0.5
444406,0.5
444407,0.5
444408,0.5
444409,0.5
444410,0.5
444411,0.5
444412,0.5
444413,0.5
444414,0.5
444415,0.5
444416,0.5
444417,0.5
444418,0.5
444419,0.5
444420,0.5
444421,0.5
444422,0.5
444423,0.5
444424,0.5
444425,0.5
444426,0.5
444427,0.5
444428,0.5
444429,0.5
444430,0.5
444431,0.5
444432,0.5
444433,0.5
444434,0.5
444435,0.5
444436,0.5
444437,0.5
444438,0.5
444439,0.5
444440,0.5
444441,0.5
444442,0.5
444443,0.5
444444,0.5
444445,0.5
444446,0.5
444447,0.5
444448,0.5
444449,0.5
444450,0.5
444451,0.5
444452,0.5
444453,0.5
444454,0.5
444455,0.5
444456,0.5
444457,0.5
444458,0.5
444459,0.5
444460,0.5
444461,0.5
444462,0.5
444463,0.5
444464,0.5
444465,0.5
444466,0.5
444467,0.5
444468,0.5
444469,0.5
444470,0.5
444471,0.5
444472,0.5
444473,0.5
444474,0.5
444475,0.5
444476,0.5
444477,0.5
444478,0.5
444479,0.5
444480,0.5
444481,0.5
444482,0.5
444483,0.5
444484,0.5
444485,0.5
444486,0.5
444487,0.5
444488,0.5
444489,0.5
444490,0.5
444491,0.5
444492,0.5
444493,0.5
444494,0.5
444495,0.5
444496,0.5
444497,0.5
444498,0.5
444499,0.5
444500,0.5
444501,0.5
444502,0.5
444503,0.5
444504,0.5
444505,0.5
444506,0.5
444507,0.5
444508,0.5
444509,0.5
444510,0.5
444511,0.5
444512,0.5
444513,0.5
444514,0.5
444515,0.5
444516,0.5
444517,0.5
444518,0.5
444519,0.5
444520,0.5
444521,0.5
444522,0.5
444523,0.5
444524,0.5
444525,0.5
444526,0.5
444527,0.5
444528,0.5
444529,0.5
444530,0.5
444531,0.5
444532,0.5
444533,0.5
444534,0.5
444535,0.5
444536,0.5
444537,0.5
444538,0.5
444539,0.5
444540,0.5
444541,0.5
444542,0.5
444543,0.5
444544,0.5
444545,0.5
444546,0.5
444547,0.5
444548,0.5
444549,0.5
444550,0.5
444551,0.5
444552,0.5
444553,0.5
444554,0.5
444555,0.5
444556,0.5
444557,0.5
444558,0.5
444559,0.5
444560,0.5
444561,0.5
444562,0.5
444563,0.5
444564,0.5
444565,0.5
444566,0.5
444567,0.5
444568,0.5
444569,0.5
444570,0.5
444571,0.5
444572,0.5
444573,0.5
444574,0.5
444575,0.5
444576,0.5
444577,0.5
444578,0.5
444579,0.5
444580,0.5
444581,0.5
444582,0.5
444583,0.5
444584,0.5
444585,0.5
444586,0.5
444587,0.5
444588,0.5
444589,0.5
444590,0.5
444591,0.5
444592,0.5
444593,0.5
444594,0.5
444595,0.5
444596,0.5
444597,0.5
444598,0.5
444599,0.5
444600,0.5
444601,0.5
444602,0.5
444603,0.5
444604,0.5
444605,0.5
444606,0.5
444607,0.5
444608,0.5
444609,0.5
444610,0.5
444611,0.5
444612,0.5
444613,0.5
444614,0.5
444615,0.5
444616,0.5
444617,0.5
444618,0.5
444619,0.5
444620,0.5
444621,0.5
444622,0.5
444623,0.5
444624,0.5
444625,0.5
444626,0.5
444627,0.5
444628,0.5
444629,0.5
444630,0.5
444631,0.5
444632,0.5
444633,0.5
444634,0.5
444635,0.5
444636,0.5
444637,0.5
444638,0.5
444639,0.5
444640,0.5
444641,0.5
444642,0.5
444643,0.5
444644,0.5
444645,0.5
444646,0.5
444647,0.5
444648,0.5
444649,0.5
444650,0.5
444651,0.5
444652,0.5
444653,0.5
444654,0.5
444655,0.5
444656,0.5
444657,0.5
444658,0.5
444659,0.5
444660,0.5
444661,0.5
444662,0.5
444663,0.5
444664,0.5
444665,0.5
444666,0.5
444667,0.5
444668,0.5
444669,0.5
444670,0.5
444671,0.5
444672,0.5
444673,0.5
444674,0.5
444675,0.5
444676,0.5
444677,0.5
444678,0.5
444679,0.5
444680,0.5
444681,0.5
444682,0.5
444683,0.5
444684,0.5
444685,0.5
444686,0.5
444687,0.5
444688,0.5
444689,0.5
444690,0.5
444691,0.5
444692,0.5
444693,0.5
444694,0.5
444695,0.5
444696,0.5
444697,0.5
444698,0.5
444699,0.5
444700,0.5
444701,0.5
444702,0.5
444703,0.5
444704,0.5
444705,0.5
444706,0.5
444707,0.5
444708,0.5
444709,0.5
444710,0.5
444711,0.5
444712,0.5
444713,0.5
444714,0.5
444715,0.5
444716,0.5
444717,0.5
444718,0.5
444719,0.5
444720,0.5
444721,0.5
444722,0.5
444723,0.5
444724,0.5
444725,0.5
444726,0.5
444727,0.5
444728,0.5
444729,0.5
444730,0.5
444731,0.5
444732,0.5
444733,0.5
444734,0.5
444735,0.5
444736,0.5
444737,0.5
444738,0.5
444739,0.5
444740,0.5
444741,0.5
444742,0.5
444743,0.5
444744,0.5
444745,0.5
444746,0.5
444747,0.5
444748,0.5
444749,0.5
444750,0.5
444751,0.5
444752,0.5
444753,0.5
444754,0.5
444755,0.5
444756,0.5
444757,0.5
444758,0.5
444759,0.5
444760,0.5
444761,0.5
444762,0.5
444763,0.5
444764,0.5
444765,0.5
444766,0.5
444767,0.5
444768,0.5
444769,0.5
444770,0.5
444771,0.5
444772,0.5
444773,0.5
444774,0.5
444775,0.5
444776,0.5
444777,0.5
444778,0.5
444779,0.5
444780,0.5
444781,0.5
444782,0.5
444783,0.5
444784,0.5
444785,0.5
444786,0.5
444787,0.5
444788,0.5
444789,0.5
444790,0.5
444791,0.5
444792,0.5
444793,0.5
444794,0.5
444795,0.5
444796,0.5
444797,0.5
444798,0.5
444799,0.5
444800,0.5
444801,0.5
444802,0.5
444803,0.5
444804,0.5
444805,0.5
444806,0.5
444807,0.5
444808,0.5
444809,0.5
444810,0.5
444811,0.5
444812,0.5
444813,0.5
444814,0.5
444815,0.5
444816,0.5
444817,0.5
444818,0.5
444819,0.5
444820,0.5
444821,0.5
444822,0.5
444823,0.5
444824,0.5
444825,0.5
444826,0.5
444827,0.5
444828,0.5
444829,0.5
444830,0.5
444831,0.5
444832,0.5
444833,0.5
444834,0.5
444835,0.5
444836,0.5
444837,0.5
444838,0.5
444839,0.5
444840,0.5
444841,0.5
444842,0.5
444843,0.5
444844,0.5
444845,0.5
444846,0.5
444847,0.5
444848,0.5
444849,0.5
444850,0.5
444851,0.5
444852,0.5
444853,0.5
444854,0.5
444855,0.5
444856,0.5
444857,0.5
444858,0.5
444859,0.5
444860,0.5
444861,0.5
444862,0.5
444863,0.5
444864,0.5
444865,0.5
444866,0.5
444867,0.5
444868,0.5
444869,0.5
444870,0.5
444871,0.5
444872,0.5
444873,0.5
444874,0.5
444875,0.5
444876,0.5
444877,0.5
444878,0.5
444879,0.5
444880,0.5
444881,0.5
444882,0.5
444883,0.5
444884,0.5
444885,0.5
444886,0.5
444887,0.5
444888,0.5
444889,0.5
444890,0.5
444891,0.5
444892,0.5
444893,0.5
444894,0.5
444895,0.5
444896,0.5
444897,0.5
444898,0.5
444899,0.5
444900,0.5
444901,0.5
444902,0.5
444903,0.5
444904,0.5
444905,0.5
444906,0.5
444907,0.5
444908,0.5
444909,0.5
444910,0.5
444911,0.5
444912,0.5
444913,0.5
444914,0.5
444915,0.5
444916,0.5
444917,0.5
444918,0.5
444919,0.5
444920,0.5
444921,0.5
444922,0.5
444923,0.5
444924,0.5
444925,0.5
444926,0.5
444927,0.5
444928,0.5
444929,0.5
444930,0.5
444931,0.5
444932,0.5
444933,0.5
444934,0.5
444935,0.5
444936,0.5
444937,0.5
444938,0.5
444939,0.5
444940,0.5
444941,0.5
444942,0.5
444943,0.5
444944,0.5
444945,0.5
444946,0.5
444947,0.5
444948,0.5
444949,0.5
444950,0.5
444951,0.5
444952,0.5
444953,0.5
444954,0.5
444955,0.5
444956,0.5
444957,0.5
444958,0.5
444959,0.5
444960,0.5
444961,0.5
444962,0.5
444963,0.5
444964,0.5
444965,0.5
444966,0.5
444967,0.5
444968,0.5
444969,0.5
444970,0.5
444971,0.5
444972,0.5
444973,0.5
444974,0.5
444975,0.5
444976,0.5
444977,0.5
444978,0.5
444979,0.5
444980,0.5
444981,0.5
444982,0.5
444983,0.5
444984,0.5
444985,0.5
444986,0.5
444987,0.5
444988,0.5
444989,0.5
444990,0.5
444991,0.5
444992,0.5
444993,0.5
444994,0.5
444995,0.5
444996,0.5
444997,0.5
444998,0.5
444999,0.5
445000,0.5
445001,0.5
445002,0.5
445003,0.5
445004,0.5
445005,0.5
445006,0.5
445007,0.5
445008,0.5
445009,0.5
445010,0.5
445011,0.5
445012,0.5
445013,0.5
445014,0.5
445015,0.5
445016,0.5
445017,0.5
445018,0.5
445019,0.5
445020,0.5
445021,0.5
445022,0.5
445023,0.5
445024,0.5
445025,0.5
445026,0.5
445027,0.5
445028,0.5
445029,0.5
445030,0.5
445031,0.5
445032,0.5
445033,0.5
445034,0.5
445035,0.5
445036,0.5
445037,0.5
445038,0.5
445039,0.5
445040,0.5
445041,0.5
445042,0.5
445043,0.5
445044,0.5
445045,0.5
445046,0.5
445047,0.5
445048,0.5
445049,0.5
445050,0.5
445051,0.5
445052,0.5
445053,0.5
445054,0.5
445055,0.5
445056,0.5
445057,0.5
445058,0.5
445059,0.5
445060,0.5
445061,0.5
445062,0.5
445063,0.5
445064,0.5
445065,0.5
445066,0.5
445067,0.5
445068,0.5
445069,0.5
445070,0.5
445071,0.5
445072,0.5
445073,0.5
445074,0.5
445075,0.5
445076,0.5
445077,0.5
445078,0.5
445079,0.5
445080,0.5
445081,0.5
445082,0.5
445083,0.5
445084,0.5
445085,0.5
445086,0.5
445087,0.5
445088,0.5
445089,0.5
445090,0.5
445091,0.5
445092,0.5
445093,0.5
445094,0.5
445095,0.5
445096,0.5
445097,0.5
445098,0.5
445099,0.5
445100,0.5
445101,0.5
445102,0.5
445103,0.5
445104,0.5
445105,0.5
445106,0.5
445107,0.5
445108,0.5
445109,0.5
445110,0.5
445111,0.5
445112,0.5
445113,0.5
445114,0.5
445115,0.5
445116,0.5
445117,0.5
445118,0.5
445119,0.5
445120,0.5
445121,0.5
445122,0.5
445123,0.5
445124,0.5
445125,0.5
445126,0.5
445127,0.5
445128,0.5
445129,0.5
445130,0.5
445131,0.5
445132,0.5
445133,0.5
445134,0.5
445135,0.5
445136,0.5
445137,0.5
445138,0.5
445139,0.5
445140,0.5
445141,0.5
445142,0.5
445143,0.5
445144,0.5
445145,0.5
445146,0.5
445147,0.5
445148,0.5
445149,0.5
445150,0.5
445151,0.5
445152,0.5
445153,0.5
445154,0.5
445155,0.5
445156,0.5
445157,0.5
445158,0.5
445159,0.5
445160,0.5
445161,0.5
445162,0.5
445163,0.5
445164,0.5
445165,0.5
445166,0.5
445167,0.5
445168,0.5
445169,0.5
445170,0.5
445171,0.5
445172,0.5
445173,0.5
445174,0.5
445175,0.5
445176,0.5
445177,0.5
445178,0.5
445179,0.5
445180,0.5
445181,0.5
445182,0.5
445183,0.5
445184,0.5
445185,0.5
445186,0.5
445187,0.5
445188,0.5
445189,0.5
445190,0.5
445191,0.5
445192,0.5
445193,0.5
445194,0.5
445195,0.5
445196,0.5
445197,0.5
445198,0.5
445199,0.5
445200,0.5
445201,0.5
445202,0.5
445203,0.5
445204,0.5
445205,0.5
445206,0.5
445207,0.5
445208,0.5
445209,0.5
445210,0.5
445211,0.5
445212,0.5
445213,0.5
445214,0.5
445215,0.5
445216,0.5
445217,0.5
445218,0.5
445219,0.5
445220,0.5
445221,0.5
445222,0.5
445223,0.5
445224,0.5
445225,0.5
445226,0.5
445227,0.5
445228,0.5
445229,0.5
445230,0.5
445231,0.5
445232,0.5
445233,0.5
445234,0.5
445235,0.5
445236,0.5
445237,0.5
445238,0.5
445239,0.5
445240,0.5
445241,0.5
445242,0.5
445243,0.5
445244,0.5
445245,0.5
445246,0.5
445247,0.5
445248,0.5
445249,0.5
445250,0.5
445251,0.5
445252,0.5
445253,0.5
445254,0.5
445255,0.5
445256,0.5
445257,0.5
445258,0.5
445259,0.5
445260,0.5
445261,0.5
445262,0.5
445263,0.5
445264,0.5
445265,0.5
445266,0.5
445267,0.5
445268,0.5
445269,0.5
445270,0.5
445271,0.5
445272,0.5
445273,0.5
445274,0.5
445275,0.5
445276,0.5
445277,0.5
445278,0.5
445279,0.5
445280,0.5
445281,0.5
445282,0.5
445283,0.5
445284,0.5
445285,0.5
445286,0.5
445287,0.5
445288,0.5
445289,0.5
445290,0.5
445291,0.5
445292,0.5
445293,0.5
445294,0.5
445295,0.5
445296,0.5
445297,0.5
445298,0.5
445299,0.5
445300,0.5
445301,0.5
445302,0.5
445303,0.5
445304,0.5
445305,0.5
445306,0.5
445307,0.5
445308,0.5
445309,0.5
445310,0.5
445311,0.5
445312,0.5
445313,0.5
445314,0.5
445315,0.5
445316,0.5
445317,0.5
445318,0.5
445319,0.5
445320,0.5
445321,0.5
445322,0.5
445323,0.5
445324,0.5
445325,0.5
445326,0.5
445327,0.5
445328,0.5
445329,0.5
445330,0.5
445331,0.5
445332,0.5
445333,0.5
445334,0.5
445335,0.5
445336,0.5
445337,0.5
445338,0.5
445339,0.5
445340,0.5
445341,0.5
445342,0.5
445343,0.5
445344,0.5
445345,0.5
445346,0.5
445347,0.5
445348,0.5
445349,0.5
445350,0.5
445351,0.5
445352,0.5
445353,0.5
445354,0.5
445355,0.5
445356,0.5
445357,0.5
445358,0.5
445359,0.5
445360,0.5
445361,0.5
445362,0.5
445363,0.5
445364,0.5
445365,0.5
445366,0.5
445367,0.5
445368,0.5
445369,0.5
445370,0.5
445371,0.5
445372,0.5
445373,0.5
445374,0.5
445375,0.5
445376,0.5
445377,0.5
445378,0.5
445379,0.5
445380,0.5
445381,0.5
445382,0.5
445383,0.5
445384,0.5
445385,0.5
445386,0.5
445387,0.5
445388,0.5
445389,0.5
445390,0.5
445391,0.5
445392,0.5
445393,0.5
445394,0.5
445395,0.5
445396,0.5
445397,0.5
445398,0.5
445399,0.5
445400,0.5
445401,0.5
445402,0.5
445403,0.5
445404,0.5
445405,0.5
445406,0.5
445407,0.5
445408,0.5
445409,0.5
445410,0.5
445411,0.5
445412,0.5
445413,0.5
445414,0.5
445415,0.5
445416,0.5
445417,0.5
445418,0.5
445419,0.5
445420,0.5
445421,0.5
445422,0.5
445423,0.5
445424,0.5
445425,0.5
445426,0.5
445427,0.5
445428,0.5
445429,0.5
445430,0.5
445431,0.5
445432,0.5
445433,0.5
445434,0.5
445435,0.5
445436,0.5
445437,0.5
445438,0.5
445439,0.5
445440,0.5
445441,0.5
445442,0.5
445443,0.5
445444,0.5
445445,0.5
445446,0.5
445447,0.5
445448,0.5
445449,0.5
445450,0.5
445451,0.5
445452,0.5
445453,0.5
445454,0.5
445455,0.5
445456,0.5
445457,0.5
445458,0.5
445459,0.5
445460,0.5
445461,0.5
445462,0.5
445463,0.5
445464,0.5
445465,0.5
445466,0.5
445467,0.5
445468,0.5
445469,0.5
445470,0.5
445471,0.5
445472,0.5
445473,0.5
445474,0.5
445475,0.5
445476,0.5
445477,0.5
445478,0.5
445479,0.5
445480,0.5
445481,0.5
445482,0.5
445483,0.5
445484,0.5
445485,0.5
445486,0.5
445487,0.5
445488,0.5
445489,0.5
445490,0.5
445491,0.5
445492,0.5
445493,0.5
445494,0.5
445495,0.5
445496,0.5
445497,0.5
445498,0.5
445499,0.5
445500,0.5
445501,0.5
445502,0.5
445503,0.5
445504,0.5
445505,0.5
445506,0.5
445507,0.5
445508,0.5
445509,0.5
445510,0.5
445511,0.5
445512,0.5
445513,0.5
445514,0.5
445515,0.5
445516,0.5
445517,0.5
445518,0.5
445519,0.5
445520,0.5
445521,0.5
445522,0.5
445523,0.5
445524,0.5
445525,0.5
445526,0.5
445527,0.5
445528,0.5
445529,0.5
445530,0.5
445531,0.5
445532,0.5
445533,0.5
445534,0.5
445535,0.5
445536,0.5
445537,0.5
445538,0.5
445539,0.5
445540,0.5
445541,0.5
445542,0.5
445543,0.5
445544,0.5
445545,0.5
445546,0.5
445547,0.5
445548,0.5
445549,0.5
445550,0.5
445551,0.5
445552,0.5
445553,0.5
445554,0.5
445555,0.5
445556,0.5
445557,0.5
445558,0.5
445559,0.5
445560,0.5
445561,0.5
445562,0.5
445563,0.5
445564,0.5
445565,0.5
445566,0.5
445567,0.5
445568,0.5
445569,0.5
445570,0.5
445571,0.5
445572,0.5
445573,0.5
445574,0.5
445575,0.5
445576,0.5
445577,0.5
445578,0.5
445579,0.5
445580,0.5
445581,0.5
445582,0.5
445583,0.5
445584,0.5
445585,0.5
445586,0.5
445587,0.5
445588,0.5
445589,0.5
445590,0.5
445591,0.5
445592,0.5
445593,0.5
445594,0.5
445595,0.5
445596,0.5
445597,0.5
445598,0.5
445599,0.5
445600,0.5
445601,0.5
445602,0.5
445603,0.5
445604,0.5
445605,0.5
445606,0.5
445607,0.5
445608,0.5
445609,0.5
445610,0.5
445611,0.5
445612,0.5
445613,0.5
445614,0.5
445615,0.5
445616,0.5
445617,0.5
445618,0.5
445619,0.5
445620,0.5
445621,0.5
445622,0.5
445623,0.5
445624,0.5
445625,0.5
445626,0.5
445627,0.5
445628,0.5
445629,0.5
445630,0.5
445631,0.5
445632,0.5
445633,0.5
445634,0.5
445635,0.5
445636,0.5
445637,0.5
445638,0.5
445639,0.5
445640,0.5
445641,0.5
445642,0.5
445643,0.5
445644,0.5
445645,0.5
445646,0.5
445647,0.5
445648,0.5
445649,0.5
445650,0.5
445651,0.5
445652,0.5
445653,0.5
445654,0.5
445655,0.5
445656,0.5
445657,0.5
445658,0.5
445659,0.5
445660,0.5
445661,0.5
445662,0.5
445663,0.5
445664,0.5
445665,0.5
445666,0.5
445667,0.5
445668,0.5
445669,0.5
445670,0.5
445671,0.5
445672,0.5
445673,0.5
445674,0.5
445675,0.5
445676,0.5
445677,0.5
445678,0.5
445679,0.5
445680,0.5
445681,0.5
445682,0.5
445683,0.5
445684,0.5
445685,0.5
445686,0.5
445687,0.5
445688,0.5
445689,0.5
445690,0.5
445691,0.5
445692,0.5
445693,0.5
445694,0.5
445695,0.5
445696,0.5
445697,0.5
445698,0.5
445699,0.5
445700,0.5
445701,0.5
445702,0.5
445703,0.5
445704,0.5
445705,0.5
445706,0.5
445707,0.5
445708,0.5
445709,0.5
445710,0.5
445711,0.5
445712,0.5
445713,0.5
445714,0.5
445715,0.5
445716,0.5
445717,0.5
445718,0.5
445719,0.5
445720,0.5
445721,0.5
445722,0.5
445723,0.5
445724,0.5
445725,0.5
445726,0.5
445727,0.5
445728,0.5
445729,0.5
445730,0.5
445731,0.5
445732,0.5
445733,0.5
445734,0.5
445735,0.5
445736,0.5
445737,0.5
445738,0.5
445739,0.5
445740,0.5
445741,0.5
445742,0.5
445743,0.5
445744,0.5
445745,0.5
445746,0.5
445747,0.5
445748,0.5
445749,0.5
445750,0.5
445751,0.5
445752,0.5
445753,0.5
445754,0.5
445755,0.5
445756,0.5
445757,0.5
445758,0.5
445759,0.5
445760,0.5
445761,0.5
445762,0.5
445763,0.5
445764,0.5
445765,0.5
445766,0.5
445767,0.5
445768,0.5
445769,0.5
445770,0.5
445771,0.5
445772,0.5
445773,0.5
445774,0.5
445775,0.5
445776,0.5
445777,0.5
445778,0.5
445779,0.5
445780,0.5
445781,0.5
445782,0.5
445783,0.5
445784,0.5
445785,0.5
445786,0.5
445787,0.5
445788,0.5
445789,0.5
445790,0.5
445791,0.5
445792,0.5
445793,0.5
445794,0.5
445795,0.5
445796,0.5
445797,0.5
445798,0.5
445799,0.5
445800,0.5
445801,0.5
445802,0.5
445803,0.5
445804,0.5
445805,0.5
445806,0.5
445807,0.5
445808,0.5
445809,0.5
445810,0.5
445811,0.5
445812,0.5
445813,0.5
445814,0.5
445815,0.5
445816,0.5
445817,0.5
445818,0.5
445819,0.5
445820,0.5
445821,0.5
445822,0.5
445823,0.5
445824,0.5
445825,0.5
445826,0.5
445827,0.5
445828,0.5
445829,0.5
445830,0.5
445831,0.5
445832,0.5
445833,0.5
445834,0.5
445835,0.5
445836,0.5
445837,0.5
445838,0.5
445839,0.5
445840,0.5
445841,0.5
445842,0.5
445843,0.5
445844,0.5
445845,0.5
445846,0.5
445847,0.5
445848,0.5
445849,0.5
445850,0.5
445851,0.5
445852,0.5
445853,0.5
445854,0.5
445855,0.5
445856,0.5
445857,0.5
445858,0.5
445859,0.5
445860,0.5
445861,0.5
445862,0.5
445863,0.5
445864,0.5
445865,0.5
445866,0.5
445867,0.5
445868,0.5
445869,0.5
445870,0.5
445871,0.5
445872,0.5
445873,0.5
445874,0.5
445875,0.5
445876,0.5
445877,0.5
445878,0.5
445879,0.5
445880,0.5
445881,0.5
445882,0.5
445883,0.5
445884,0.5
445885,0.5
445886,0.5
445887,0.5
445888,0.5
445889,0.5
445890,0.5
445891,0.5
445892,0.5
445893,0.5
445894,0.5
445895,0.5
445896,0.5
445897,0.5
445898,0.5
445899,0.5
445900,0.5
445901,0.5
445902,0.5
445903,0.5
445904,0.5
445905,0.5
445906,0.5
445907,0.5
445908,0.5
445909,0.5
445910,0.5
445911,0.5
445912,0.5
445913,0.5
445914,0.5
445915,0.5
445916,0.5
445917,0.5
445918,0.5
445919,0.5
445920,0.5
445921,0.5
445922,0.5
445923,0.5
445924,0.5
445925,0.5
445926,0.5
445927,0.5
445928,0.5
445929,0.5
445930,0.5
445931,0.5
445932,0.5
445933,0.5
445934,0.5
445935,0.5
445936,0.5
445937,0.5
445938,0.5
445939,0.5
445940,0.5
445941,0.5
445942,0.5
445943,0.5
445944,0.5
445945,0.5
445946,0.5
445947,0.5
445948,0.5
445949,0.5
445950,0.5
445951,0.5
445952,0.5
445953,0.5
445954,0.5
445955,0.5
445956,0.5
445957,0.5
445958,0.5
445959,0.5
445960,0.5
445961,0.5
445962,0.5
445963,0.5
445964,0.5
445965,0.5
445966,0.5
445967,0.5
445968,0.5
445969,0.5
445970,0.5
445971,0.5
445972,0.5
445973,0.5
445974,0.5
445975,0.5
445976,0.5
445977,0.5
445978,0.5
445979,0.5
445980,0.5
445981,0.5
445982,0.5
445983,0.5
445984,0.5
445985,0.5
445986,0.5
445987,0.5
445988,0.5
445989,0.5
445990,0.5
445991,0.5
445992,0.5
445993,0.5
445994,0.5
445995,0.5
445996,0.5
445997,0.5
445998,0.5
445999,0.5
446000,0.5
446001,0.5
446002,0.5
446003,0.5
446004,0.5
446005,0.5
446006,0.5
446007,0.5
446008,0.5
446009,0.5
446010,0.5
446011,0.5
446012,0.5
446013,0.5
446014,0.5
446015,0.5
446016,0.5
446017,0.5
446018,0.5
446019,0.5
446020,0.5
446021,0.5
446022,0.5
446023,0.5
446024,0.5
446025,0.5
446026,0.5
446027,0.5
446028,0.5
446029,0.5
446030,0.5
446031,0.5
446032,0.5
446033,0.5
446034,0.5
446035,0.5
446036,0.5
446037,0.5
446038,0.5
446039,0.5
446040,0.5
446041,0.5
446042,0.5
446043,0.5
446044,0.5
446045,0.5
446046,0.5
446047,0.5
446048,0.5
446049,0.5
446050,0.5
446051,0.5
446052,0.5
446053,0.5
446054,0.5
446055,0.5
446056,0.5
446057,0.5
446058,0.5
446059,0.5
446060,0.5
446061,0.5
446062,0.5
446063,0.5
446064,0.5
446065,0.5
446066,0.5
446067,0.5
446068,0.5
446069,0.5
446070,0.5
446071,0.5
446072,0.5
446073,0.5
446074,0.5
446075,0.5
446076,0.5
446077,0.5
446078,0.5
446079,0.5
446080,0.5
446081,0.5
446082,0.5
446083,0.5
446084,0.5
446085,0.5
446086,0.5
446087,0.5
446088,0.5
446089,0.5
446090,0.5
446091,0.5
446092,0.5
446093,0.5
446094,0.5
446095,0.5
446096,0.5
446097,0.5
446098,0.5
446099,0.5
446100,0.5
446101,0.5
446102,0.5
446103,0.5
446104,0.5
446105,0.5
446106,0.5
446107,0.5
446108,0.5
446109,0.5
446110,0.5
446111,0.5
446112,0.5
446113,0.5
446114,0.5
446115,0.5
446116,0.5
446117,0.5
446118,0.5
446119,0.5
446120,0.5
446121,0.5
446122,0.5
446123,0.5
446124,0.5
446125,0.5
446126,0.5
446127,0.5
446128,0.5
446129,0.5
446130,0.5
446131,0.5
446132,0.5
446133,0.5
446134,0.5
446135,0.5
446136,0.5
446137,0.5
446138,0.5
446139,0.5
446140,0.5
446141,0.5
446142,0.5
446143,0.5
446144,0.5
446145,0.5
446146,0.5
446147,0.5
446148,0.5
446149,0.5
446150,0.5
446151,0.5
446152,0.5
446153,0.5
446154,0.5
446155,0.5
446156,0.5
446157,0.5
446158,0.5
446159,0.5
446160,0.5
446161,0.5
446162,0.5
446163,0.5
446164,0.5
446165,0.5
446166,0.5
446167,0.5
446168,0.5
446169,0.5
446170,0.5
446171,0.5
446172,0.5
446173,0.5
446174,0.5
446175,0.5
446176,0.5
446177,0.5
446178,0.5
446179,0.5
446180,0.5
446181,0.5
446182,0.5
446183,0.5
446184,0.5
446185,0.5
446186,0.5
446187,0.5
446188,0.5
446189,0.5
446190,0.5
446191,0.5
446192,0.5
446193,0.5
446194,0.5
446195,0.5
446196,0.5
446197,0.5
446198,0.5
446199,0.5
446200,0.5
446201,0.5
446202,0.5
446203,0.5
446204,0.5
446205,0.5
446206,0.5
446207,0.5
446208,0.5
446209,0.5
446210,0.5
446211,0.5
446212,0.5
446213,0.5
446214,0.5
446215,0.5
446216,0.5
446217,0.5
446218,0.5
446219,0.5
446220,0.5
446221,0.5
446222,0.5
446223,0.5
446224,0.5
446225,0.5
446226,0.5
446227,0.5
446228,0.5
446229,0.5
446230,0.5
446231,0.5
446232,0.5
446233,0.5
446234,0.5
446235,0.5
446236,0.5
446237,0.5
446238,0.5
446239,0.5
446240,0.5
446241,0.5
446242,0.5
446243,0.5
446244,0.5
446245,0.5
446246,0.5
446247,0.5
446248,0.5
446249,0.5
446250,0.5
446251,0.5
446252,0.5
446253,0.5
446254,0.5
446255,0.5
446256,0.5
446257,0.5
446258,0.5
446259,0.5
446260,0.5
446261,0.5
446262,0.5
446263,0.5
446264,0.5
446265,0.5
446266,0.5
446267,0.5
446268,0.5
446269,0.5
446270,0.5
446271,0.5
446272,0.5
446273,0.5
446274,0.5
446275,0.5
446276,0.5
446277,0.5
446278,0.5
446279,0.5
446280,0.5
446281,0.5
446282,0.5
446283,0.5
446284,0.5
446285,0.5
446286,0.5
446287,0.5
446288,0.5
446289,0.5
446290,0.5
446291,0.5
446292,0.5
446293,0.5
446294,0.5
446295,0.5
446296,0.5
446297,0.5
446298,0.5
446299,0.5
446300,0.5
446301,0.5
446302,0.5
446303,0.5
446304,0.5
446305,0.5
446306,0.5
446307,0.5
446308,0.5
446309,0.5
446310,0.5
446311,0.5
446312,0.5
446313,0.5
446314,0.5
446315,0.5
446316,0.5
446317,0.5
446318,0.5
446319,0.5
446320,0.5
446321,0.5
446322,0.5
446323,0.5
446324,0.5
446325,0.5
446326,0.5
446327,0.5
446328,0.5
446329,0.5
446330,0.5
446331,0.5
446332,0.5
446333,0.5
446334,0.5
446335,0.5
446336,0.5
446337,0.5
446338,0.5
446339,0.5
446340,0.5
446341,0.5
446342,0.5
446343,0.5
446344,0.5
446345,0.5
446346,0.5
446347,0.5
446348,0.5
446349,0.5
446350,0.5
446351,0.5
446352,0.5
446353,0.5
446354,0.5
446355,0.5
446356,0.5
446357,0.5
446358,0.5
446359,0.5
446360,0.5
446361,0.5
446362,0.5
446363,0.5
446364,0.5
446365,0.5
446366,0.5
446367,0.5
446368,0.5
446369,0.5
446370,0.5
446371,0.5
446372,0.5
446373,0.5
446374,0.5
446375,0.5
446376,0.5
446377,0.5
446378,0.5
446379,0.5
446380,0.5
446381,0.5
446382,0.5
446383,0.5
446384,0.5
446385,0.5
446386,0.5
446387,0.5
446388,0.5
446389,0.5
446390,0.5
446391,0.5
446392,0.5
446393,0.5
446394,0.5
446395,0.5
446396,0.5
446397,0.5
446398,0.5
446399,0.5
446400,0.5
446401,0.5
446402,0.5
446403,0.5
446404,0.5
446405,0.5
446406,0.5
446407,0.5
446408,0.5
446409,0.5
446410,0.5
446411,0.5
446412,0.5
446413,0.5
446414,0.5
446415,0.5
446416,0.5
446417,0.5
446418,0.5
446419,0.5
446420,0.5
446421,0.5
446422,0.5
446423,0.5
446424,0.5
446425,0.5
446426,0.5
446427,0.5
446428,0.5
446429,0.5
446430,0.5
446431,0.5
446432,0.5
446433,0.5
446434,0.5
446435,0.5
446436,0.5
446437,0.5
446438,0.5
446439,0.5
446440,0.5
446441,0.5
446442,0.5
446443,0.5
446444,0.5
446445,0.5
446446,0.5
446447,0.5
446448,0.5
446449,0.5
446450,0.5
446451,0.5
446452,0.5
446453,0.5
446454,0.5
446455,0.5
446456,0.5
446457,0.5
446458,0.5
446459,0.5
446460,0.5
446461,0.5
446462,0.5
446463,0.5
446464,0.5
446465,0.5
446466,0.5
446467,0.5
446468,0.5
446469,0.5
446470,0.5
446471,0.5
446472,0.5
446473,0.5
446474,0.5
446475,0.5
446476,0.5
446477,0.5
446478,0.5
446479,0.5
446480,0.5
446481,0.5
446482,0.5
446483,0.5
446484,0.5
446485,0.5
446486,0.5
446487,0.5
446488,0.5
446489,0.5
446490,0.5
446491,0.5
446492,0.5
446493,0.5
446494,0.5
446495,0.5
446496,0.5
446497,0.5
446498,0.5
446499,0.5
446500,0.5
446501,0.5
446502,0.5
446503,0.5
446504,0.5
446505,0.5
446506,0.5
446507,0.5
446508,0.5
446509,0.5
446510,0.5
446511,0.5
446512,0.5
446513,0.5
446514,0.5
446515,0.5
446516,0.5
446517,0.5
446518,0.5
446519,0.5
446520,0.5
446521,0.5
446522,0.5
446523,0.5
446524,0.5
446525,0.5
446526,0.5
446527,0.5
446528,0.5
446529,0.5
446530,0.5
446531,0.5
446532,0.5
446533,0.5
446534,0.5
446535,0.5
446536,0.5
446537,0.5
446538,0.5
446539,0.5
446540,0.5
446541,0.5
446542,0.5
446543,0.5
446544,0.5
446545,0.5
446546,0.5
446547,0.5
446548,0.5
446549,0.5
446550,0.5
446551,0.5
446552,0.5
446553,0.5
446554,0.5
446555,0.5
446556,0.5
446557,0.5
446558,0.5
446559,0.5
446560,0.5
446561,0.5
446562,0.5
446563,0.5
446564,0.5
446565,0.5
446566,0.5
446567,0.5
446568,0.5
446569,0.5
446570,0.5
446571,0.5
446572,0.5
446573,0.5
446574,0.5
446575,0.5
446576,0.5
446577,0.5
446578,0.5
446579,0.5
446580,0.5
446581,0.5
446582,0.5
446583,0.5
446584,0.5
446585,0.5
446586,0.5
446587,0.5
446588,0.5
446589,0.5
446590,0.5
446591,0.5
446592,0.5
446593,0.5
446594,0.5
446595,0.5
446596,0.5
446597,0.5
446598,0.5
446599,0.5
446600,0.5
446601,0.5
446602,0.5
446603,0.5
446604,0.5
446605,0.5
446606,0.5
446607,0.5
446608,0.5
446609,0.5
446610,0.5
446611,0.5
446612,0.5
446613,0.5
446614,0.5
446615,0.5
446616,0.5
446617,0.5
446618,0.5
446619,0.5
446620,0.5
446621,0.5
446622,0.5
446623,0.5
446624,0.5
446625,0.5
446626,0.5
446627,0.5
446628,0.5
446629,0.5
446630,0.5
446631,0.5
446632,0.5
446633,0.5
446634,0.5
446635,0.5
446636,0.5
446637,0.5
446638,0.5
446639,0.5
446640,0.5
446641,0.5
446642,0.5
446643,0.5
446644,0.5
446645,0.5
446646,0.5
446647,0.5
446648,0.5
446649,0.5
446650,0.5
446651,0.5
446652,0.5
446653,0.5
446654,0.5
446655,0.5
446656,0.5
446657,0.5
446658,0.5
446659,0.5
446660,0.5
446661,0.5
446662,0.5
446663,0.5
446664,0.5
446665,0.5
446666,0.5
446667,0.5
446668,0.5
446669,0.5
446670,0.5
446671,0.5
446672,0.5
446673,0.5
446674,0.5
446675,0.5
446676,0.5
446677,0.5
446678,0.5
446679,0.5
446680,0.5
446681,0.5
446682,0.5
446683,0.5
446684,0.5
446685,0.5
446686,0.5
446687,0.5
446688,0.5
446689,0.5
446690,0.5
446691,0.5
446692,0.5
446693,0.5
446694,0.5
446695,0.5
446696,0.5
446697,0.5
446698,0.5
446699,0.5
446700,0.5
446701,0.5
446702,0.5
446703,0.5
446704,0.5
446705,0.5
446706,0.5
446707,0.5
446708,0.5
446709,0.5
446710,0.5
446711,0.5
446712,0.5
446713,0.5
446714,0.5
446715,0.5
446716,0.5
446717,0.5
446718,0.5
446719,0.5
446720,0.5
446721,0.5
446722,0.5
446723,0.5
446724,0.5
446725,0.5
446726,0.5
446727,0.5
446728,0.5
446729,0.5
446730,0.5
446731,0.5
446732,0.5
446733,0.5
446734,0.5
446735,0.5
446736,0.5
446737,0.5
446738,0.5
446739,0.5
446740,0.5
446741,0.5
446742,0.5
446743,0.5
446744,0.5
446745,0.5
446746,0.5
446747,0.5
446748,0.5
446749,0.5
446750,0.5
446751,0.5
446752,0.5
446753,0.5
446754,0.5
446755,0.5
446756,0.5
446757,0.5
446758,0.5
446759,0.5
446760,0.5
446761,0.5
446762,0.5
446763,0.5
446764,0.5
446765,0.5
446766,0.5
446767,0.5
446768,0.5
446769,0.5
446770,0.5
446771,0.5
446772,0.5
446773,0.5
446774,0.5
446775,0.5
446776,0.5
446777,0.5
446778,0.5
446779,0.5
446780,0.5
446781,0.5
446782,0.5
446783,0.5
446784,0.5
446785,0.5
446786,0.5
446787,0.5
446788,0.5
446789,0.5
446790,0.5
446791,0.5
446792,0.5
446793,0.5
446794,0.5
446795,0.5
446796,0.5
446797,0.5
446798,0.5
446799,0.5
446800,0.5
446801,0.5
446802,0.5
446803,0.5
446804,0.5
446805,0.5
446806,0.5
446807,0.5
446808,0.5
446809,0.5
446810,0.5
446811,0.5
446812,0.5
446813,0.5
446814,0.5
446815,0.5
446816,0.5
446817,0.5
446818,0.5
446819,0.5
446820,0.5
446821,0.5
446822,0.5
446823,0.5
446824,0.5
446825,0.5
446826,0.5
446827,0.5
446828,0.5
446829,0.5
446830,0.5
446831,0.5
446832,0.5
446833,0.5
446834,0.5
446835,0.5
446836,0.5
446837,0.5
446838,0.5
446839,0.5
446840,0.5
446841,0.5
446842,0.5
446843,0.5
446844,0.5
446845,0.5
446846,0.5
446847,0.5
446848,0.5
446849,0.5
446850,0.5
446851,0.5
446852,0.5
446853,0.5
446854,0.5
446855,0.5
446856,0.5
446857,0.5
446858,0.5
446859,0.5
446860,0.5
446861,0.5
446862,0.5
446863,0.5
446864,0.5
446865,0.5
446866,0.5
446867,0.5
446868,0.5
446869,0.5
446870,0.5
446871,0.5
446872,0.5
446873,0.5
446874,0.5
446875,0.5
446876,0.5
446877,0.5
446878,0.5
446879,0.5
446880,0.5
446881,0.5
446882,0.5
446883,0.5
446884,0.5
446885,0.5
446886,0.5
446887,0.5
446888,0.5
446889,0.5
446890,0.5
446891,0.5
446892,0.5
446893,0.5
446894,0.5
446895,0.5
446896,0.5
446897,0.5
446898,0.5
446899,0.5
446900,0.5
446901,0.5
446902,0.5
446903,0.5
446904,0.5
446905,0.5
446906,0.5
446907,0.5
446908,0.5
446909,0.5
446910,0.5
446911,0.5
446912,0.5
446913,0.5
446914,0.5
446915,0.5
446916,0.5
446917,0.5
446918,0.5
446919,0.5
446920,0.5
446921,0.5
446922,0.5
446923,0.5
446924,0.5
446925,0.5
446926,0.5
446927,0.5
446928,0.5
446929,0.5
446930,0.5
446931,0.5
446932,0.5
446933,0.5
446934,0.5
446935,0.5
446936,0.5
446937,0.5
446938,0.5
446939,0.5
446940,0.5
446941,0.5
446942,0.5
446943,0.5
446944,0.5
446945,0.5
446946,0.5
446947,0.5
446948,0.5
446949,0.5
446950,0.5
446951,0.5
446952,0.5
446953,0.5
446954,0.5
446955,0.5
446956,0.5
446957,0.5
446958,0.5
446959,0.5
446960,0.5
446961,0.5
446962,0.5
446963,0.5
446964,0.5
446965,0.5
446966,0.5
446967,0.5
446968,0.5
446969,0.5
446970,0.5
446971,0.5
446972,0.5
446973,0.5
446974,0.5
446975,0.5
446976,0.5
446977,0.5
446978,0.5
446979,0.5
446980,0.5
446981,0.5
446982,0.5
446983,0.5
446984,0.5
446985,0.5
446986,0.5
446987,0.5
446988,0.5
446989,0.5
446990,0.5
446991,0.5
446992,0.5
446993,0.5
446994,0.5
446995,0.5
446996,0.5
446997,0.5
446998,0.5
446999,0.5
447000,0.5
447001,0.5
447002,0.5
447003,0.5
447004,0.5
447005,0.5
447006,0.5
447007,0.5
447008,0.5
447009,0.5
447010,0.5
447011,0.5
447012,0.5
447013,0.5
447014,0.5
447015,0.5
447016,0.5
447017,0.5
447018,0.5
447019,0.5
447020,0.5
447021,0.5
447022,0.5
447023,0.5
447024,0.5
447025,0.5
447026,0.5
447027,0.5
447028,0.5
447029,0.5
447030,0.5
447031,0.5
447032,0.5
447033,0.5
447034,0.5
447035,0.5
447036,0.5
447037,0.5
447038,0.5
447039,0.5
447040,0.5
447041,0.5
447042,0.5
447043,0.5
447044,0.5
447045,0.5
447046,0.5
447047,0.5
447048,0.5
447049,0.5
447050,0.5
447051,0.5
447052,0.5
447053,0.5
447054,0.5
447055,0.5
447056,0.5
447057,0.5
447058,0.5
447059,0.5
447060,0.5
447061,0.5
447062,0.5
447063,0.5
447064,0.5
447065,0.5
447066,0.5
447067,0.5
447068,0.5
447069,0.5
447070,0.5
447071,0.5
447072,0.5
447073,0.5
447074,0.5
447075,0.5
447076,0.5
447077,0.5
447078,0.5
447079,0.5
447080,0.5
447081,0.5
447082,0.5
447083,0.5
447084,0.5
447085,0.5
447086,0.5
447087,0.5
447088,0.5
447089,0.5
447090,0.5
447091,0.5
447092,0.5
447093,0.5
447094,0.5
447095,0.5
447096,0.5
447097,0.5
447098,0.5
447099,0.5
447100,0.5
447101,0.5
447102,0.5
447103,0.5
447104,0.5
447105,0.5
447106,0.5
447107,0.5
447108,0.5
447109,0.5
447110,0.5
447111,0.5
447112,0.5
447113,0.5
447114,0.5
447115,0.5
447116,0.5
447117,0.5
447118,0.5
447119,0.5
447120,0.5
447121,0.5
447122,0.5
447123,0.5
447124,0.5
447125,0.5
447126,0.5
447127,0.5
447128,0.5
447129,0.5
447130,0.5
447131,0.5
447132,0.5
447133,0.5
447134,0.5
447135,0.5
447136,0.5
447137,0.5
447138,0.5
447139,0.5
447140,0.5
447141,0.5
447142,0.5
447143,0.5
447144,0.5
447145,0.5
447146,0.5
447147,0.5
447148,0.5
447149,0.5
447150,0.5
447151,0.5
447152,0.5
447153,0.5
447154,0.5
447155,0.5
447156,0.5
447157,0.5
447158,0.5
447159,0.5
447160,0.5
447161,0.5
447162,0.5
447163,0.5
447164,0.5
447165,0.5
447166,0.5
447167,0.5
447168,0.5
447169,0.5
447170,0.5
447171,0.5
447172,0.5
447173,0.5
447174,0.5
447175,0.5
447176,0.5
447177,0.5
447178,0.5
447179,0.5
447180,0.5
447181,0.5
447182,0.5
447183,0.5
447184,0.5
447185,0.5
447186,0.5
447187,0.5
447188,0.5
447189,0.5
447190,0.5
447191,0.5
447192,0.5
447193,0.5
447194,0.5
447195,0.5
447196,0.5
447197,0.5
447198,0.5
447199,0.5
447200,0.5
447201,0.5
447202,0.5
447203,0.5
447204,0.5
447205,0.5
447206,0.5
447207,0.5
447208,0.5
447209,0.5
447210,0.5
447211,0.5
447212,0.5
447213,0.5
447214,0.5
447215,0.5
447216,0.5
447217,0.5
447218,0.5
447219,0.5
447220,0.5
447221,0.5
447222,0.5
447223,0.5
447224,0.5
447225,0.5
447226,0.5
447227,0.5
447228,0.5
447229,0.5
447230,0.5
447231,0.5
447232,0.5
447233,0.5
447234,0.5
447235,0.5
447236,0.5
447237,0.5
447238,0.5
447239,0.5
447240,0.5
447241,0.5
447242,0.5
447243,0.5
447244,0.5
447245,0.5
447246,0.5
447247,0.5
447248,0.5
447249,0.5
447250,0.5
447251,0.5
447252,0.5
447253,0.5
447254,0.5
447255,0.5
447256,0.5
447257,0.5
447258,0.5
447259,0.5
447260,0.5
447261,0.5
447262,0.5
447263,0.5
447264,0.5
447265,0.5
447266,0.5
447267,0.5
447268,0.5
447269,0.5
447270,0.5
447271,0.5
447272,0.5
447273,0.5
447274,0.5
447275,0.5
447276,0.5
447277,0.5
447278,0.5
447279,0.5
447280,0.5
447281,0.5
447282,0.5
447283,0.5
447284,0.5
447285,0.5
447286,0.5
447287,0.5
447288,0.5
447289,0.5
447290,0.5
447291,0.5
447292,0.5
447293,0.5
447294,0.5
447295,0.5
447296,0.5
447297,0.5
447298,0.5
447299,0.5
447300,0.5
447301,0.5
447302,0.5
447303,0.5
447304,0.5
447305,0.5
447306,0.5
447307,0.5
447308,0.5
447309,0.5
447310,0.5
447311,0.5
447312,0.5
447313,0.5
447314,0.5
447315,0.5
447316,0.5
447317,0.5
447318,0.5
447319,0.5
447320,0.5
447321,0.5
447322,0.5
447323,0.5
447324,0.5
447325,0.5
447326,0.5
447327,0.5
447328,0.5
447329,0.5
447330,0.5
447331,0.5
447332,0.5
447333,0.5
447334,0.5
447335,0.5
447336,0.5
447337,0.5
447338,0.5
447339,0.5
447340,0.5
447341,0.5
447342,0.5
447343,0.5
447344,0.5
447345,0.5
447346,0.5
447347,0.5
447348,0.5
447349,0.5
447350,0.5
447351,0.5
447352,0.5
447353,0.5
447354,0.5
447355,0.5
447356,0.5
447357,0.5
447358,0.5
447359,0.5
447360,0.5
447361,0.5
447362,0.5
447363,0.5
447364,0.5
447365,0.5
447366,0.5
447367,0.5
447368,0.5
447369,0.5
447370,0.5
447371,0.5
447372,0.5
447373,0.5
447374,0.5
447375,0.5
447376,0.5
447377,0.5
447378,0.5
447379,0.5
447380,0.5
447381,0.5
447382,0.5
447383,0.5
447384,0.5
447385,0.5
447386,0.5
447387,0.5
447388,0.5
447389,0.5
447390,0.5
447391,0.5
447392,0.5
447393,0.5
447394,0.5
447395,0.5
447396,0.5
447397,0.5
447398,0.5
447399,0.5
447400,0.5
447401,0.5
447402,0.5
447403,0.5
447404,0.5
447405,0.5
447406,0.5
447407,0.5
447408,0.5
447409,0.5
447410,0.5
447411,0.5
447412,0.5
447413,0.5
447414,0.5
447415,0.5
447416,0.5
447417,0.5
447418,0.5
447419,0.5
447420,0.5
447421,0.5
447422,0.5
447423,0.5
447424,0.5
447425,0.5
447426,0.5
447427,0.5
447428,0.5
447429,0.5
447430,0.5
447431,0.5
447432,0.5
447433,0.5
447434,0.5
447435,0.5
447436,0.5
447437,0.5
447438,0.5
447439,0.5
447440,0.5
447441,0.5
447442,0.5
447443,0.5
447444,0.5
447445,0.5
447446,0.5
447447,0.5
447448,0.5
447449,0.5
447450,0.5
447451,0.5
447452,0.5
447453,0.5
447454,0.5
447455,0.5
447456,0.5
447457,0.5
447458,0.5
447459,0.5
447460,0.5
447461,0.5
447462,0.5
447463,0.5
447464,0.5
447465,0.5
447466,0.5
447467,0.5
447468,0.5
447469,0.5
447470,0.5
447471,0.5
447472,0.5
447473,0.5
447474,0.5
447475,0.5
447476,0.5
447477,0.5
447478,0.5
447479,0.5
447480,0.5
447481,0.5
447482,0.5
447483,0.5
447484,0.5
447485,0.5
447486,0.5
447487,0.5
447488,0.5
447489,0.5
447490,0.5
447491,0.5
447492,0.5
447493,0.5
447494,0.5
447495,0.5
447496,0.5
447497,0.5
447498,0.5
447499,0.5
447500,0.5
447501,0.5
447502,0.5
447503,0.5
447504,0.5
447505,0.5
447506,0.5
447507,0.5
447508,0.5
447509,0.5
447510,0.5
447511,0.5
447512,0.5
447513,0.5
447514,0.5
447515,0.5
447516,0.5
447517,0.5
447518,0.5
447519,0.5
447520,0.5
447521,0.5
447522,0.5
447523,0.5
447524,0.5
447525,0.5
447526,0.5
447527,0.5
447528,0.5
447529,0.5
447530,0.5
447531,0.5
447532,0.5
447533,0.5
447534,0.5
447535,0.5
447536,0.5
447537,0.5
447538,0.5
447539,0.5
447540,0.5
447541,0.5
447542,0.5
447543,0.5
447544,0.5
447545,0.5
447546,0.5
447547,0.5
447548,0.5
447549,0.5
447550,0.5
447551,0.5
447552,0.5
447553,0.5
447554,0.5
447555,0.5
447556,0.5
447557,0.5
447558,0.5
447559,0.5
447560,0.5
447561,0.5
447562,0.5
447563,0.5
447564,0.5
447565,0.5
447566,0.5
447567,0.5
447568,0.5
447569,0.5
447570,0.5
447571,0.5
447572,0.5
447573,0.5
447574,0.5
447575,0.5
447576,0.5
447577,0.5
447578,0.5
447579,0.5
447580,0.5
447581,0.5
447582,0.5
447583,0.5
447584,0.5
447585,0.5
447586,0.5
447587,0.5
447588,0.5
447589,0.5
447590,0.5
447591,0.5
447592,0.5
447593,0.5
447594,0.5
447595,0.5
447596,0.5
447597,0.5
447598,0.5
447599,0.5
447600,0.5
447601,0.5
447602,0.5
447603,0.5
447604,0.5
447605,0.5
447606,0.5
447607,0.5
447608,0.5
447609,0.5
447610,0.5
447611,0.5
447612,0.5
447613,0.5
447614,0.5
447615,0.5
447616,0.5
447617,0.5
447618,0.5
447619,0.5
447620,0.5
447621,0.5
447622,0.5
447623,0.5
447624,0.5
447625,0.5
447626,0.5
447627,0.5
447628,0.5
447629,0.5
447630,0.5
447631,0.5
447632,0.5
447633,0.5
447634,0.5
447635,0.5
447636,0.5
447637,0.5
447638,0.5
447639,0.5
447640,0.5
447641,0.5
447642,0.5
447643,0.5
447644,0.5
447645,0.5
447646,0.5
447647,0.5
447648,0.5
447649,0.5
447650,0.5
447651,0.5
447652,0.5
447653,0.5
447654,0.5
447655,0.5
447656,0.5
447657,0.5
447658,0.5
447659,0.5
447660,0.5
447661,0.5
447662,0.5
447663,0.5
447664,0.5
447665,0.5
447666,0.5
447667,0.5
447668,0.5
447669,0.5
447670,0.5
447671,0.5
447672,0.5
447673,0.5
447674,0.5
447675,0.5
447676,0.5
447677,0.5
447678,0.5
447679,0.5
447680,0.5
447681,0.5
447682,0.5
447683,0.5
447684,0.5
447685,0.5
447686,0.5
447687,0.5
447688,0.5
447689,0.5
447690,0.5
447691,0.5
447692,0.5
447693,0.5
447694,0.5
447695,0.5
447696,0.5
447697,0.5
447698,0.5
447699,0.5
447700,0.5
447701,0.5
447702,0.5
447703,0.5
447704,0.5
447705,0.5
447706,0.5
447707,0.5
447708,0.5
447709,0.5
447710,0.5
447711,0.5
447712,0.5
447713,0.5
447714,0.5
447715,0.5
447716,0.5
447717,0.5
447718,0.5
447719,0.5
447720,0.5
447721,0.5
447722,0.5
447723,0.5
447724,0.5
447725,0.5
447726,0.5
447727,0.5
447728,0.5
447729,0.5
447730,0.5
447731,0.5
447732,0.5
447733,0.5
447734,0.5
447735,0.5
447736,0.5
447737,0.5
447738,0.5
447739,0.5
447740,0.5
447741,0.5
447742,0.5
447743,0.5
447744,0.5
447745,0.5
447746,0.5
447747,0.5
447748,0.5
447749,0.5
447750,0.5
447751,0.5
447752,0.5
447753,0.5
447754,0.5
447755,0.5
447756,0.5
447757,0.5
447758,0.5
447759,0.5
447760,0.5
447761,0.5
447762,0.5
447763,0.5
447764,0.5
447765,0.5
447766,0.5
447767,0.5
447768,0.5
447769,0.5
447770,0.5
447771,0.5
447772,0.5
447773,0.5
447774,0.5
447775,0.5
447776,0.5
447777,0.5
447778,0.5
447779,0.5
447780,0.5
447781,0.5
447782,0.5
447783,0.5
447784,0.5
447785,0.5
447786,0.5
447787,0.5
447788,0.5
447789,0.5
447790,0.5
447791,0.5
447792,0.5
447793,0.5
447794,0.5
447795,0.5
447796,0.5
447797,0.5
447798,0.5
447799,0.5
447800,0.5
447801,0.5
447802,0.5
447803,0.5
447804,0.5
447805,0.5
447806,0.5
447807,0.5
447808,0.5
447809,0.5
447810,0.5
447811,0.5
447812,0.5
447813,0.5
447814,0.5
447815,0.5
447816,0.5
447817,0.5
447818,0.5
447819,0.5
447820,0.5
447821,0.5
447822,0.5
447823,0.5
447824,0.5
447825,0.5
447826,0.5
447827,0.5
447828,0.5
447829,0.5
447830,0.5
447831,0.5
447832,0.5
447833,0.5
447834,0.5
447835,0.5
447836,0.5
447837,0.5
447838,0.5
447839,0.5
447840,0.5
447841,0.5
447842,0.5
447843,0.5
447844,0.5
447845,0.5
447846,0.5
447847,0.5
447848,0.5
447849,0.5
447850,0.5
447851,0.5
447852,0.5
447853,0.5
447854,0.5
447855,0.5
447856,0.5
447857,0.5
447858,0.5
447859,0.5
447860,0.5
447861,0.5
447862,0.5
447863,0.5
447864,0.5
447865,0.5
447866,0.5
447867,0.5
447868,0.5
447869,0.5
447870,0.5
447871,0.5
447872,0.5
447873,0.5
447874,0.5
447875,0.5
447876,0.5
447877,0.5
447878,0.5
447879,0.5
447880,0.5
447881,0.5
447882,0.5
447883,0.5
447884,0.5
447885,0.5
447886,0.5
447887,0.5
447888,0.5
447889,0.5
447890,0.5
447891,0.5
447892,0.5
447893,0.5
447894,0.5
447895,0.5
447896,0.5
447897,0.5
447898,0.5
447899,0.5
447900,0.5
447901,0.5
447902,0.5
447903,0.5
447904,0.5
447905,0.5
447906,0.5
447907,0.5
447908,0.5
447909,0.5
447910,0.5
447911,0.5
447912,0.5
447913,0.5
447914,0.5
447915,0.5
447916,0.5
447917,0.5
447918,0.5
447919,0.5
447920,0.5
447921,0.5
447922,0.5
447923,0.5
447924,0.5
447925,0.5
447926,0.5
447927,0.5
447928,0.5
447929,0.5
447930,0.5
447931,0.5
447932,0.5
447933,0.5
447934,0.5
447935,0.5
447936,0.5
447937,0.5
447938,0.5
447939,0.5
447940,0.5
447941,0.5
447942,0.5
447943,0.5
447944,0.5
447945,0.5
447946,0.5
447947,0.5
447948,0.5
447949,0.5
447950,0.5
447951,0.5
447952,0.5
447953,0.5
447954,0.5
447955,0.5
447956,0.5
447957,0.5
447958,0.5
447959,0.5
447960,0.5
447961,0.5
447962,0.5
447963,0.5
447964,0.5
447965,0.5
447966,0.5
447967,0.5
447968,0.5
447969,0.5
447970,0.5
447971,0.5
447972,0.5
447973,0.5
447974,0.5
447975,0.5
447976,0.5
447977,0.5
447978,0.5
447979,0.5
447980,0.5
447981,0.5
447982,0.5
447983,0.5
447984,0.5
447985,0.5
447986,0.5
447987,0.5
447988,0.5
447989,0.5
447990,0.5
447991,0.5
447992,0.5
447993,0.5
447994,0.5
447995,0.5
447996,0.5
447997,0.5
447998,0.5
447999,0.5
448000,0.5
448001,0.5
448002,0.5
448003,0.5
448004,0.5
448005,0.5
448006,0.5
448007,0.5
448008,0.5
448009,0.5
448010,0.5
448011,0.5
448012,0.5
448013,0.5
448014,0.5
448015,0.5
448016,0.5
448017,0.5
448018,0.5
448019,0.5
448020,0.5
448021,0.5
448022,0.5
448023,0.5
448024,0.5
448025,0.5
448026,0.5
448027,0.5
448028,0.5
448029,0.5
448030,0.5
448031,0.5
448032,0.5
448033,0.5
448034,0.5
448035,0.5
448036,0.5
448037,0.5
448038,0.5
448039,0.5
448040,0.5
448041,0.5
448042,0.5
448043,0.5
448044,0.5
448045,0.5
448046,0.5
448047,0.5
448048,0.5
448049,0.5
448050,0.5
448051,0.5
448052,0.5
448053,0.5
448054,0.5
448055,0.5
448056,0.5
448057,0.5
448058,0.5
448059,0.5
448060,0.5
448061,0.5
448062,0.5
448063,0.5
448064,0.5
448065,0.5
448066,0.5
448067,0.5
448068,0.5
448069,0.5
448070,0.5
448071,0.5
448072,0.5
448073,0.5
448074,0.5
448075,0.5
448076,0.5
448077,0.5
448078,0.5
448079,0.5
448080,0.5
448081,0.5
448082,0.5
448083,0.5
448084,0.5
448085,0.5
448086,0.5
448087,0.5
448088,0.5
448089,0.5
448090,0.5
448091,0.5
448092,0.5
448093,0.5
448094,0.5
448095,0.5
448096,0.5
448097,0.5
448098,0.5
448099,0.5
448100,0.5
448101,0.5
448102,0.5
448103,0.5
448104,0.5
448105,0.5
448106,0.5
448107,0.5
448108,0.5
448109,0.5
448110,0.5
448111,0.5
448112,0.5
448113,0.5
448114,0.5
448115,0.5
448116,0.5
448117,0.5
448118,0.5
448119,0.5
448120,0.5
448121,0.5
448122,0.5
448123,0.5
448124,0.5
448125,0.5
448126,0.5
448127,0.5
448128,0.5
448129,0.5
448130,0.5
448131,0.5
448132,0.5
448133,0.5
448134,0.5
448135,0.5
448136,0.5
448137,0.5
448138,0.5
448139,0.5
448140,0.5
448141,0.5
448142,0.5
448143,0.5
448144,0.5
448145,0.5
448146,0.5
448147,0.5
448148,0.5
448149,0.5
448150,0.5
448151,0.5
448152,0.5
448153,0.5
448154,0.5
448155,0.5
448156,0.5
448157,0.5
448158,0.5
448159,0.5
448160,0.5
448161,0.5
448162,0.5
448163,0.5
448164,0.5
448165,0.5
448166,0.5
448167,0.5
448168,0.5
448169,0.5
448170,0.5
448171,0.5
448172,0.5
448173,0.5
448174,0.5
448175,0.5
448176,0.5
448177,0.5
448178,0.5
448179,0.5
448180,0.5
448181,0.5
448182,0.5
448183,0.5
448184,0.5
448185,0.5
448186,0.5
448187,0.5
448188,0.5
448189,0.5
448190,0.5
448191,0.5
448192,0.5
448193,0.5
448194,0.5
448195,0.5
448196,0.5
448197,0.5
448198,0.5
448199,0.5
448200,0.5
448201,0.5
448202,0.5
448203,0.5
448204,0.5
448205,0.5
448206,0.5
448207,0.5
448208,0.5
448209,0.5
448210,0.5
448211,0.5
448212,0.5
448213,0.5
448214,0.5
448215,0.5
448216,0.5
448217,0.5
448218,0.5
448219,0.5
448220,0.5
448221,0.5
448222,0.5
448223,0.5
448224,0.5
448225,0.5
448226,0.5
448227,0.5
448228,0.5
448229,0.5
448230,0.5
448231,0.5
448232,0.5
448233,0.5
448234,0.5
448235,0.5
448236,0.5
448237,0.5
448238,0.5
448239,0.5
448240,0.5
448241,0.5
448242,0.5
448243,0.5
448244,0.5
448245,0.5
448246,0.5
448247,0.5
448248,0.5
448249,0.5
448250,0.5
448251,0.5
448252,0.5
448253,0.5
448254,0.5
448255,0.5
448256,0.5
448257,0.5
448258,0.5
448259,0.5
448260,0.5
448261,0.5
448262,0.5
448263,0.5
448264,0.5
448265,0.5
448266,0.5
448267,0.5
448268,0.5
448269,0.5
448270,0.5
448271,0.5
448272,0.5
448273,0.5
448274,0.5
448275,0.5
448276,0.5
448277,0.5
448278,0.5
448279,0.5
448280,0.5
448281,0.5
448282,0.5
448283,0.5
448284,0.5
448285,0.5
448286,0.5
448287,0.5
448288,0.5
448289,0.5
448290,0.5
448291,0.5
448292,0.5
448293,0.5
448294,0.5
448295,0.5
448296,0.5
448297,0.5
448298,0.5
448299,0.5
448300,0.5
448301,0.5
448302,0.5
448303,0.5
448304,0.5
448305,0.5
448306,0.5
448307,0.5
448308,0.5
448309,0.5
448310,0.5
448311,0.5
448312,0.5
448313,0.5
448314,0.5
448315,0.5
448316,0.5
448317,0.5
448318,0.5
448319,0.5
448320,0.5
448321,0.5
448322,0.5
448323,0.5
448324,0.5
448325,0.5
448326,0.5
448327,0.5
448328,0.5
448329,0.5
448330,0.5
448331,0.5
448332,0.5
448333,0.5
448334,0.5
448335,0.5
448336,0.5
448337,0.5
448338,0.5
448339,0.5
448340,0.5
448341,0.5
448342,0.5
448343,0.5
448344,0.5
448345,0.5
448346,0.5
448347,0.5
448348,0.5
448349,0.5
448350,0.5
448351,0.5
448352,0.5
448353,0.5
448354,0.5
448355,0.5
448356,0.5
448357,0.5
448358,0.5
448359,0.5
448360,0.5
448361,0.5
448362,0.5
448363,0.5
448364,0.5
448365,0.5
448366,0.5
448367,0.5
448368,0.5
448369,0.5
448370,0.5
448371,0.5
448372,0.5
448373,0.5
448374,0.5
448375,0.5
448376,0.5
448377,0.5
448378,0.5
448379,0.5
448380,0.5
448381,0.5
448382,0.5
448383,0.5
448384,0.5
448385,0.5
448386,0.5
448387,0.5
448388,0.5
448389,0.5
448390,0.5
448391,0.5
448392,0.5
448393,0.5
448394,0.5
448395,0.5
448396,0.5
448397,0.5
448398,0.5
448399,0.5
448400,0.5
448401,0.5
448402,0.5
448403,0.5
448404,0.5
448405,0.5
448406,0.5
448407,0.5
448408,0.5
448409,0.5
448410,0.5
448411,0.5
448412,0.5
448413,0.5
448414,0.5
448415,0.5
448416,0.5
448417,0.5
448418,0.5
448419,0.5
448420,0.5
448421,0.5
448422,0.5
448423,0.5
448424,0.5
448425,0.5
448426,0.5
448427,0.5
448428,0.5
448429,0.5
448430,0.5
448431,0.5
448432,0.5
448433,0.5
448434,0.5
448435,0.5
448436,0.5
448437,0.5
448438,0.5
448439,0.5
448440,0.5
448441,0.5
448442,0.5
448443,0.5
448444,0.5
448445,0.5
448446,0.5
448447,0.5
448448,0.5
448449,0.5
448450,0.5
448451,0.5
448452,0.5
448453,0.5
448454,0.5
448455,0.5
448456,0.5
448457,0.5
448458,0.5
448459,0.5
448460,0.5
448461,0.5
448462,0.5
448463,0.5
448464,0.5
448465,0.5
448466,0.5
448467,0.5
448468,0.5
448469,0.5
448470,0.5
448471,0.5
448472,0.5
448473,0.5
448474,0.5
448475,0.5
448476,0.5
448477,0.5
448478,0.5
448479,0.5
448480,0.5
448481,0.5
448482,0.5
448483,0.5
448484,0.5
448485,0.5
448486,0.5
448487,0.5
448488,0.5
448489,0.5
448490,0.5
448491,0.5
448492,0.5
448493,0.5
448494,0.5
448495,0.5
448496,0.5
448497,0.5
448498,0.5
448499,0.5
448500,0.5
448501,0.5
448502,0.5
448503,0.5
448504,0.5
448505,0.5
448506,0.5
448507,0.5
448508,0.5
448509,0.5
448510,0.5
448511,0.5
448512,0.5
448513,0.5
448514,0.5
448515,0.5
448516,0.5
448517,0.5
448518,0.5
448519,0.5
448520,0.5
448521,0.5
448522,0.5
448523,0.5
448524,0.5
448525,0.5
448526,0.5
448527,0.5
448528,0.5
448529,0.5
448530,0.5
448531,0.5
448532,0.5
448533,0.5
448534,0.5
448535,0.5
448536,0.5
448537,0.5
448538,0.5
448539,0.5
448540,0.5
448541,0.5
448542,0.5
448543,0.5
448544,0.5
448545,0.5
448546,0.5
448547,0.5
448548,0.5
448549,0.5
448550,0.5
448551,0.5
448552,0.5
448553,0.5
448554,0.5
448555,0.5
448556,0.5
448557,0.5
448558,0.5
448559,0.5
448560,0.5
448561,0.5
448562,0.5
448563,0.5
448564,0.5
448565,0.5
448566,0.5
448567,0.5
448568,0.5
448569,0.5
448570,0.5
448571,0.5
448572,0.5
448573,0.5
448574,0.5
448575,0.5
448576,0.5
448577,0.5
448578,0.5
448579,0.5
448580,0.5
448581,0.5
448582,0.5
448583,0.5
448584,0.5
448585,0.5
448586,0.5
448587,0.5
448588,0.5
448589,0.5
448590,0.5
448591,0.5
448592,0.5
448593,0.5
448594,0.5
448595,0.5
448596,0.5
448597,0.5
448598,0.5
448599,0.5
448600,0.5
448601,0.5
448602,0.5
448603,0.5
448604,0.5
448605,0.5
448606,0.5
448607,0.5
448608,0.5
448609,0.5
448610,0.5
448611,0.5
448612,0.5
448613,0.5
448614,0.5
448615,0.5
448616,0.5
448617,0.5
448618,0.5
448619,0.5
448620,0.5
448621,0.5
448622,0.5
448623,0.5
448624,0.5
448625,0.5
448626,0.5
448627,0.5
448628,0.5
448629,0.5
448630,0.5
448631,0.5
448632,0.5
448633,0.5
448634,0.5
448635,0.5
448636,0.5
448637,0.5
448638,0.5
448639,0.5
448640,0.5
448641,0.5
448642,0.5
448643,0.5
448644,0.5
448645,0.5
448646,0.5
448647,0.5
448648,0.5
448649,0.5
448650,0.5
448651,0.5
448652,0.5
448653,0.5
448654,0.5
448655,0.5
448656,0.5
448657,0.5
448658,0.5
448659,0.5
448660,0.5
448661,0.5
448662,0.5
448663,0.5
448664,0.5
448665,0.5
448666,0.5
448667,0.5
448668,0.5
448669,0.5
448670,0.5
448671,0.5
448672,0.5
448673,0.5
448674,0.5
448675,0.5
448676,0.5
448677,0.5
448678,0.5
448679,0.5
448680,0.5
448681,0.5
448682,0.5
448683,0.5
448684,0.5
448685,0.5
448686,0.5
448687,0.5
448688,0.5
448689,0.5
448690,0.5
448691,0.5
448692,0.5
448693,0.5
448694,0.5
448695,0.5
448696,0.5
448697,0.5
448698,0.5
448699,0.5
448700,0.5
448701,0.5
448702,0.5
448703,0.5
448704,0.5
448705,0.5
448706,0.5
448707,0.5
448708,0.5
448709,0.5
448710,0.5
448711,0.5
448712,0.5
448713,0.5
448714,0.5
448715,0.5
448716,0.5
448717,0.5
448718,0.5
448719,0.5
448720,0.5
448721,0.5
448722,0.5
448723,0.5
448724,0.5
448725,0.5
448726,0.5
448727,0.5
448728,0.5
448729,0.5
448730,0.5
448731,0.5
448732,0.5
448733,0.5
448734,0.5
448735,0.5
448736,0.5
448737,0.5
448738,0.5
448739,0.5
448740,0.5
448741,0.5
448742,0.5
448743,0.5
448744,0.5
448745,0.5
448746,0.5
448747,0.5
448748,0.5
448749,0.5
448750,0.5
448751,0.5
448752,0.5
448753,0.5
448754,0.5
448755,0.5
448756,0.5
448757,0.5
448758,0.5
448759,0.5
448760,0.5
448761,0.5
448762,0.5
448763,0.5
448764,0.5
448765,0.5
448766,0.5
448767,0.5
448768,0.5
448769,0.5
448770,0.5
448771,0.5
448772,0.5
448773,0.5
448774,0.5
448775,0.5
448776,0.5
448777,0.5
448778,0.5
448779,0.5
448780,0.5
448781,0.5
448782,0.5
448783,0.5
448784,0.5
448785,0.5
448786,0.5
448787,0.5
448788,0.5
448789,0.5
448790,0.5
448791,0.5
448792,0.5
448793,0.5
448794,0.5
448795,0.5
448796,0.5
448797,0.5
448798,0.5
448799,0.5
448800,0.5
448801,0.5
448802,0.5
448803,0.5
448804,0.5
448805,0.5
448806,0.5
448807,0.5
448808,0.5
448809,0.5
448810,0.5
448811,0.5
448812,0.5
448813,0.5
448814,0.5
448815,0.5
448816,0.5
448817,0.5
448818,0.5
448819,0.5
448820,0.5
448821,0.5
448822,0.5
448823,0.5
448824,0.5
448825,0.5
448826,0.5
448827,0.5
448828,0.5
448829,0.5
448830,0.5
448831,0.5
448832,0.5
448833,0.5
448834,0.5
448835,0.5
448836,0.5
448837,0.5
448838,0.5
448839,0.5
448840,0.5
448841,0.5
448842,0.5
448843,0.5
448844,0.5
448845,0.5
448846,0.5
448847,0.5
448848,0.5
448849,0.5
448850,0.5
448851,0.5
448852,0.5
448853,0.5
448854,0.5
448855,0.5
448856,0.5
448857,0.5
448858,0.5
448859,0.5
448860,0.5
448861,0.5
448862,0.5
448863,0.5
448864,0.5
448865,0.5
448866,0.5
448867,0.5
448868,0.5
448869,0.5
448870,0.5
448871,0.5
448872,0.5
448873,0.5
448874,0.5
448875,0.5
448876,0.5
448877,0.5
448878,0.5
448879,0.5
448880,0.5
448881,0.5
448882,0.5
448883,0.5
448884,0.5
448885,0.5
448886,0.5
448887,0.5
448888,0.5
448889,0.5
448890,0.5
448891,0.5
448892,0.5
448893,0.5
448894,0.5
448895,0.5
448896,0.5
448897,0.5
448898,0.5
448899,0.5
448900,0.5
448901,0.5
448902,0.5
448903,0.5
448904,0.5
448905,0.5
448906,0.5
448907,0.5
448908,0.5
448909,0.5
448910,0.5
448911,0.5
448912,0.5
448913,0.5
448914,0.5
448915,0.5
448916,0.5
448917,0.5
448918,0.5
448919,0.5
448920,0.5
448921,0.5
448922,0.5
448923,0.5
448924,0.5
448925,0.5
448926,0.5
448927,0.5
448928,0.5
448929,0.5
448930,0.5
448931,0.5
448932,0.5
448933,0.5
448934,0.5
448935,0.5
448936,0.5
448937,0.5
448938,0.5
448939,0.5
448940,0.5
448941,0.5
448942,0.5
448943,0.5
448944,0.5
448945,0.5
448946,0.5
448947,0.5
448948,0.5
448949,0.5
448950,0.5
448951,0.5
448952,0.5
448953,0.5
448954,0.5
448955,0.5
448956,0.5
448957,0.5
448958,0.5
448959,0.5
448960,0.5
448961,0.5
448962,0.5
448963,0.5
448964,0.5
448965,0.5
448966,0.5
448967,0.5
448968,0.5
448969,0.5
448970,0.5
448971,0.5
448972,0.5
448973,0.5
448974,0.5
448975,0.5
448976,0.5
448977,0.5
448978,0.5
448979,0.5
448980,0.5
448981,0.5
448982,0.5
448983,0.5
448984,0.5
448985,0.5
448986,0.5
448987,0.5
448988,0.5
448989,0.5
448990,0.5
448991,0.5
448992,0.5
448993,0.5
448994,0.5
448995,0.5
448996,0.5
448997,0.5
448998,0.5
448999,0.5
449000,0.5
449001,0.5
449002,0.5
449003,0.5
449004,0.5
449005,0.5
449006,0.5
449007,0.5
449008,0.5
449009,0.5
449010,0.5
449011,0.5
449012,0.5
449013,0.5
449014,0.5
449015,0.5
449016,0.5
449017,0.5
449018,0.5
449019,0.5
449020,0.5
449021,0.5
449022,0.5
449023,0.5
449024,0.5
449025,0.5
449026,0.5
449027,0.5
449028,0.5
449029,0.5
449030,0.5
449031,0.5
449032,0.5
449033,0.5
449034,0.5
449035,0.5
449036,0.5
449037,0.5
449038,0.5
449039,0.5
449040,0.5
449041,0.5
449042,0.5
449043,0.5
449044,0.5
449045,0.5
449046,0.5
449047,0.5
449048,0.5
449049,0.5
449050,0.5
449051,0.5
449052,0.5
449053,0.5
449054,0.5
449055,0.5
449056,0.5
449057,0.5
449058,0.5
449059,0.5
449060,0.5
449061,0.5
449062,0.5
449063,0.5
449064,0.5
449065,0.5
449066,0.5
449067,0.5
449068,0.5
449069,0.5
449070,0.5
449071,0.5
449072,0.5
449073,0.5
449074,0.5
449075,0.5
449076,0.5
449077,0.5
449078,0.5
449079,0.5
449080,0.5
449081,0.5
449082,0.5
449083,0.5
449084,0.5
449085,0.5
449086,0.5
449087,0.5
449088,0.5
449089,0.5
449090,0.5
449091,0.5
449092,0.5
449093,0.5
449094,0.5
449095,0.5
449096,0.5
449097,0.5
449098,0.5
449099,0.5
449100,0.5
449101,0.5
449102,0.5
449103,0.5
449104,0.5
449105,0.5
449106,0.5
449107,0.5
449108,0.5
449109,0.5
449110,0.5
449111,0.5
449112,0.5
449113,0.5
449114,0.5
449115,0.5
449116,0.5
449117,0.5
449118,0.5
449119,0.5
449120,0.5
449121,0.5
449122,0.5
449123,0.5
449124,0.5
449125,0.5
449126,0.5
449127,0.5
449128,0.5
449129,0.5
449130,0.5
449131,0.5
449132,0.5
449133,0.5
449134,0.5
449135,0.5
449136,0.5
449137,0.5
449138,0.5
449139,0.5
449140,0.5
449141,0.5
449142,0.5
449143,0.5
449144,0.5
449145,0.5
449146,0.5
449147,0.5
449148,0.5
449149,0.5
449150,0.5
449151,0.5
449152,0.5
449153,0.5
449154,0.5
449155,0.5
449156,0.5
449157,0.5
449158,0.5
449159,0.5
449160,0.5
449161,0.5
449162,0.5
449163,0.5
449164,0.5
449165,0.5
449166,0.5
449167,0.5
449168,0.5
449169,0.5
449170,0.5
449171,0.5
449172,0.5
449173,0.5
449174,0.5
449175,0.5
449176,0.5
449177,0.5
449178,0.5
449179,0.5
449180,0.5
449181,0.5
449182,0.5
449183,0.5
449184,0.5
449185,0.5
449186,0.5
449187,0.5
449188,0.5
449189,0.5
449190,0.5
449191,0.5
449192,0.5
449193,0.5
449194,0.5
449195,0.5
449196,0.5
449197,0.5
449198,0.5
449199,0.5
449200,0.5
449201,0.5
449202,0.5
449203,0.5
449204,0.5
449205,0.5
449206,0.5
449207,0.5
449208,0.5
449209,0.5
449210,0.5
449211,0.5
449212,0.5
449213,0.5
449214,0.5
449215,0.5
449216,0.5
449217,0.5
449218,0.5
449219,0.5
449220,0.5
449221,0.5
449222,0.5
449223,0.5
449224,0.5
449225,0.5
449226,0.5
449227,0.5
449228,0.5
449229,0.5
449230,0.5
449231,0.5
449232,0.5
449233,0.5
449234,0.5
449235,0.5
449236,0.5
449237,0.5
449238,0.5
449239,0.5
449240,0.5
449241,0.5
449242,0.5
449243,0.5
449244,0.5
449245,0.5
449246,0.5
449247,0.5
449248,0.5
449249,0.5
449250,0.5
449251,0.5
449252,0.5
449253,0.5
449254,0.5
449255,0.5
449256,0.5
449257,0.5
449258,0.5
449259,0.5
449260,0.5
449261,0.5
449262,0.5
449263,0.5
449264,0.5
449265,0.5
449266,0.5
449267,0.5
449268,0.5
449269,0.5
449270,0.5
449271,0.5
449272,0.5
449273,0.5
449274,0.5
449275,0.5
449276,0.5
449277,0.5
449278,0.5
449279,0.5
449280,0.5
449281,0.5
449282,0.5
449283,0.5
449284,0.5
449285,0.5
449286,0.5
449287,0.5
449288,0.5
449289,0.5
449290,0.5
449291,0.5
449292,0.5
449293,0.5
449294,0.5
449295,0.5
449296,0.5
449297,0.5
449298,0.5
449299,0.5
449300,0.5
449301,0.5
449302,0.5
449303,0.5
449304,0.5
449305,0.5
449306,0.5
449307,0.5
449308,0.5
449309,0.5
449310,0.5
449311,0.5
449312,0.5
449313,0.5
449314,0.5
449315,0.5
449316,0.5
449317,0.5
449318,0.5
449319,0.5
449320,0.5
449321,0.5
449322,0.5
449323,0.5
449324,0.5
449325,0.5
449326,0.5
449327,0.5
449328,0.5
449329,0.5
449330,0.5
449331,0.5
449332,0.5
449333,0.5
449334,0.5
449335,0.5
449336,0.5
449337,0.5
449338,0.5
449339,0.5
449340,0.5
449341,0.5
449342,0.5
449343,0.5
449344,0.5
449345,0.5
449346,0.5
449347,0.5
449348,0.5
449349,0.5
449350,0.5
449351,0.5
449352,0.5
449353,0.5
449354,0.5
449355,0.5
449356,0.5
449357,0.5
449358,0.5
449359,0.5
449360,0.5
449361,0.5
449362,0.5
449363,0.5
449364,0.5
449365,0.5
449366,0.5
449367,0.5
449368,0.5
449369,0.5
449370,0.5
449371,0.5
449372,0.5
449373,0.5
449374,0.5
449375,0.5
449376,0.5
449377,0.5
449378,0.5
449379,0.5
449380,0.5
449381,0.5
449382,0.5
449383,0.5
449384,0.5
449385,0.5
449386,0.5
449387,0.5
449388,0.5
449389,0.5
449390,0.5
449391,0.5
449392,0.5
449393,0.5
449394,0.5
449395,0.5
449396,0.5
449397,0.5
449398,0.5
449399,0.5
449400,0.5
449401,0.5
449402,0.5
449403,0.5
449404,0.5
449405,0.5
449406,0.5
449407,0.5
449408,0.5
449409,0.5
449410,0.5
449411,0.5
449412,0.5
449413,0.5
449414,0.5
449415,0.5
449416,0.5
449417,0.5
449418,0.5
449419,0.5
449420,0.5
449421,0.5
449422,0.5
449423,0.5
449424,0.5
449425,0.5
449426,0.5
449427,0.5
449428,0.5
449429,0.5
449430,0.5
449431,0.5
449432,0.5
449433,0.5
449434,0.5
449435,0.5
449436,0.5
449437,0.5
449438,0.5
449439,0.5
449440,0.5
449441,0.5
449442,0.5
449443,0.5
449444,0.5
449445,0.5
449446,0.5
449447,0.5
449448,0.5
449449,0.5
449450,0.5
449451,0.5
449452,0.5
449453,0.5
449454,0.5
449455,0.5
449456,0.5
449457,0.5
449458,0.5
449459,0.5
449460,0.5
449461,0.5
449462,0.5
449463,0.5
449464,0.5
449465,0.5
449466,0.5
449467,0.5
449468,0.5
449469,0.5
449470,0.5
449471,0.5
449472,0.5
449473,0.5
449474,0.5
449475,0.5
449476,0.5
449477,0.5
449478,0.5
449479,0.5
449480,0.5
449481,0.5
449482,0.5
449483,0.5
449484,0.5
449485,0.5
449486,0.5
449487,0.5
449488,0.5
449489,0.5
449490,0.5
449491,0.5
449492,0.5
449493,0.5
449494,0.5
449495,0.5
449496,0.5
449497,0.5
449498,0.5
449499,0.5
449500,0.5
449501,0.5
449502,0.5
449503,0.5
449504,0.5
449505,0.5
449506,0.5
449507,0.5
449508,0.5
449509,0.5
449510,0.5
449511,0.5
449512,0.5
449513,0.5
449514,0.5
449515,0.5
449516,0.5
449517,0.5
449518,0.5
449519,0.5
449520,0.5
449521,0.5
449522,0.5
449523,0.5
449524,0.5
449525,0.5
449526,0.5
449527,0.5
449528,0.5
449529,0.5
449530,0.5
449531,0.5
449532,0.5
449533,0.5
449534,0.5
449535,0.5
449536,0.5
449537,0.5
449538,0.5
449539,0.5
449540,0.5
449541,0.5
449542,0.5
449543,0.5
449544,0.5
449545,0.5
449546,0.5
449547,0.5
449548,0.5
449549,0.5
449550,0.5
449551,0.5
449552,0.5
449553,0.5
449554,0.5
449555,0.5
449556,0.5
449557,0.5
449558,0.5
449559,0.5
449560,0.5
449561,0.5
449562,0.5
449563,0.5
449564,0.5
449565,0.5
449566,0.5
449567,0.5
449568,0.5
449569,0.5
449570,0.5
449571,0.5
449572,0.5
449573,0.5
449574,0.5
449575,0.5
449576,0.5
449577,0.5
449578,0.5
449579,0.5
449580,0.5
449581,0.5
449582,0.5
449583,0.5
449584,0.5
449585,0.5
449586,0.5
449587,0.5
449588,0.5
449589,0.5
449590,0.5
449591,0.5
449592,0.5
449593,0.5
449594,0.5
449595,0.5
449596,0.5
449597,0.5
449598,0.5
449599,0.5
449600,0.5
449601,0.5
449602,0.5
449603,0.5
449604,0.5
449605,0.5
449606,0.5
449607,0.5
449608,0.5
449609,0.5
449610,0.5
449611,0.5
449612,0.5
449613,0.5
449614,0.5
449615,0.5
449616,0.5
449617,0.5
449618,0.5
449619,0.5
449620,0.5
449621,0.5
449622,0.5
449623,0.5
449624,0.5
449625,0.5
449626,0.5
449627,0.5
449628,0.5
449629,0.5
449630,0.5
449631,0.5
449632,0.5
449633,0.5
449634,0.5
449635,0.5
449636,0.5
449637,0.5
449638,0.5
449639,0.5
449640,0.5
449641,0.5
449642,0.5
449643,0.5
449644,0.5
449645,0.5
449646,0.5
449647,0.5
449648,0.5
449649,0.5
449650,0.5
449651,0.5
449652,0.5
449653,0.5
449654,0.5
449655,0.5
449656,0.5
449657,0.5
449658,0.5
449659,0.5
449660,0.5
449661,0.5
449662,0.5
449663,0.5
449664,0.5
449665,0.5
449666,0.5
449667,0.5
449668,0.5
449669,0.5
449670,0.5
449671,0.5
449672,0.5
449673,0.5
449674,0.5
449675,0.5
449676,0.5
449677,0.5
449678,0.5
449679,0.5
449680,0.5
449681,0.5
449682,0.5
449683,0.5
449684,0.5
449685,0.5
449686,0.5
449687,0.5
449688,0.5
449689,0.5
449690,0.5
449691,0.5
449692,0.5
449693,0.5
449694,0.5
449695,0.5
449696,0.5
449697,0.5
449698,0.5
449699,0.5
449700,0.5
449701,0.5
449702,0.5
449703,0.5
449704,0.5
449705,0.5
449706,0.5
449707,0.5
449708,0.5
449709,0.5
449710,0.5
449711,0.5
449712,0.5
449713,0.5
449714,0.5
449715,0.5
449716,0.5
449717,0.5
449718,0.5
449719,0.5
449720,0.5
449721,0.5
449722,0.5
449723,0.5
449724,0.5
449725,0.5
449726,0.5
449727,0.5
449728,0.5
449729,0.5
449730,0.5
449731,0.5
449732,0.5
449733,0.5
449734,0.5
449735,0.5
449736,0.5
449737,0.5
449738,0.5
449739,0.5
449740,0.5
449741,0.5
449742,0.5
449743,0.5
449744,0.5
449745,0.5
449746,0.5
449747,0.5
449748,0.5
449749,0.5
449750,0.5
449751,0.5
449752,0.5
449753,0.5
449754,0.5
449755,0.5
449756,0.5
449757,0.5
449758,0.5
449759,0.5
449760,0.5
449761,0.5
449762,0.5
449763,0.5
449764,0.5
449765,0.5
449766,0.5
449767,0.5
449768,0.5
449769,0.5
449770,0.5
449771,0.5
449772,0.5
449773,0.5
449774,0.5
449775,0.5
449776,0.5
449777,0.5
449778,0.5
449779,0.5
449780,0.5
449781,0.5
449782,0.5
449783,0.5
449784,0.5
449785,0.5
449786,0.5
449787,0.5
449788,0.5
449789,0.5
449790,0.5
449791,0.5
449792,0.5
449793,0.5
449794,0.5
449795,0.5
449796,0.5
449797,0.5
449798,0.5
449799,0.5
449800,0.5
449801,0.5
449802,0.5
449803,0.5
449804,0.5
449805,0.5
449806,0.5
449807,0.5
449808,0.5
449809,0.5
449810,0.5
449811,0.5
449812,0.5
449813,0.5
449814,0.5
449815,0.5
449816,0.5
449817,0.5
449818,0.5
449819,0.5
449820,0.5
449821,0.5
449822,0.5
449823,0.5
449824,0.5
449825,0.5
449826,0.5
449827,0.5
449828,0.5
449829,0.5
449830,0.5
449831,0.5
449832,0.5
449833,0.5
449834,0.5
449835,0.5
449836,0.5
449837,0.5
449838,0.5
449839,0.5
449840,0.5
449841,0.5
449842,0.5
449843,0.5
449844,0.5
449845,0.5
449846,0.5
449847,0.5
449848,0.5
449849,0.5
449850,0.5
449851,0.5
449852,0.5
449853,0.5
449854,0.5
449855,0.5
449856,0.5
449857,0.5
449858,0.5
449859,0.5
449860,0.5
449861,0.5
449862,0.5
449863,0.5
449864,0.5
449865,0.5
449866,0.5
449867,0.5
449868,0.5
449869,0.5
449870,0.5
449871,0.5
449872,0.5
449873,0.5
449874,0.5
449875,0.5
449876,0.5
449877,0.5
449878,0.5
449879,0.5
449880,0.5
449881,0.5
449882,0.5
449883,0.5
449884,0.5
449885,0.5
449886,0.5
449887,0.5
449888,0.5
449889,0.5
449890,0.5
449891,0.5
449892,0.5
449893,0.5
449894,0.5
449895,0.5
449896,0.5
449897,0.5
449898,0.5
449899,0.5
449900,0.5
449901,0.5
449902,0.5
449903,0.5
449904,0.5
449905,0.5
449906,0.5
449907,0.5
449908,0.5
449909,0.5
449910,0.5
449911,0.5
449912,0.5
449913,0.5
449914,0.5
449915,0.5
449916,0.5
449917,0.5
449918,0.5
449919,0.5
449920,0.5
449921,0.5
449922,0.5
449923,0.5
449924,0.5
449925,0.5
449926,0.5
449927,0.5
449928,0.5
449929,0.5
449930,0.5
449931,0.5
449932,0.5
449933,0.5
449934,0.5
449935,0.5
449936,0.5
449937,0.5
449938,0.5
449939,0.5
449940,0.5
449941,0.5
449942,0.5
449943,0.5
449944,0.5
449945,0.5
449946,0.5
449947,0.5
449948,0.5
449949,0.5
449950,0.5
449951,0.5
449952,0.5
449953,0.5
449954,0.5
449955,0.5
449956,0.5
449957,0.5
449958,0.5
449959,0.5
449960,0.5
449961,0.5
449962,0.5
449963,0.5
449964,0.5
449965,0.5
449966,0.5
449967,0.5
449968,0.5
449969,0.5
449970,0.5
449971,0.5
449972,0.5
449973,0.5
449974,0.5
449975,0.5
449976,0.5
449977,0.5
449978,0.5
449979,0.5
449980,0.5
449981,0.5
449982,0.5
449983,0.5
449984,0.5
449985,0.5
449986,0.5
449987,0.5
449988,0.5
449989,0.5
449990,0.5
449991,0.5
449992,0.5
449993,0.5
449994,0.5
449995,0.5
449996,0.5
449997,0.5
449998,0.5
449999,0.5
450000,0.5
450001,0.5
450002,0.5
450003,0.5
450004,0.5
450005,0.5
450006,0.5
450007,0.5
450008,0.5
450009,0.5
450010,0.5
450011,0.5
450012,0.5
450013,0.5
450014,0.5
450015,0.5
450016,0.5
450017,0.5
450018,0.5
450019,0.5
450020,0.5
450021,0.5
450022,0.5
450023,0.5
450024,0.5
450025,0.5
450026,0.5
450027,0.5
450028,0.5
450029,0.5
450030,0.5
450031,0.5
450032,0.5
450033,0.5
450034,0.5
450035,0.5
450036,0.5
450037,0.5
450038,0.5
450039,0.5
450040,0.5
450041,0.5
450042,0.5
450043,0.5
450044,0.5
450045,0.5
450046,0.5
450047,0.5
450048,0.5
450049,0.5
450050,0.5
450051,0.5
450052,0.5
450053,0.5
450054,0.5
450055,0.5
450056,0.5
450057,0.5
450058,0.5
450059,0.5
450060,0.5
450061,0.5
450062,0.5
450063,0.5
450064,0.5
450065,0.5
450066,0.5
450067,0.5
450068,0.5
450069,0.5
450070,0.5
450071,0.5
450072,0.5
450073,0.5
450074,0.5
450075,0.5
450076,0.5
450077,0.5
450078,0.5
450079,0.5
450080,0.5
450081,0.5
450082,0.5
450083,0.5
450084,0.5
450085,0.5
450086,0.5
450087,0.5
450088,0.5
450089,0.5
450090,0.5
450091,0.5
450092,0.5
450093,0.5
450094,0.5
450095,0.5
450096,0.5
450097,0.5
450098,0.5
450099,0.5
450100,0.5
450101,0.5
450102,0.5
450103,0.5
450104,0.5
450105,0.5
450106,0.5
450107,0.5
450108,0.5
450109,0.5
450110,0.5
450111,0.5
450112,0.5
450113,0.5
450114,0.5
450115,0.5
450116,0.5
450117,0.5
450118,0.5
450119,0.5
450120,0.5
450121,0.5
450122,0.5
450123,0.5
450124,0.5
450125,0.5
450126,0.5
450127,0.5
450128,0.5
450129,0.5
450130,0.5
450131,0.5
450132,0.5
450133,0.5
450134,0.5
450135,0.5
450136,0.5
450137,0.5
450138,0.5
450139,0.5
450140,0.5
450141,0.5
450142,0.5
450143,0.5
450144,0.5
450145,0.5
450146,0.5
450147,0.5
450148,0.5
450149,0.5
450150,0.5
450151,0.5
450152,0.5
450153,0.5
450154,0.5
450155,0.5
450156,0.5
450157,0.5
450158,0.5
450159,0.5
450160,0.5
450161,0.5
450162,0.5
450163,0.5
450164,0.5
450165,0.5
450166,0.5
450167,0.5
450168,0.5
450169,0.5
450170,0.5
450171,0.5
450172,0.5
450173,0.5
450174,0.5
450175,0.5
450176,0.5
450177,0.5
450178,0.5
450179,0.5
450180,0.5
450181,0.5
450182,0.5
450183,0.5
450184,0.5
450185,0.5
450186,0.5
450187,0.5
450188,0.5
450189,0.5
450190,0.5
450191,0.5
450192,0.5
450193,0.5
450194,0.5
450195,0.5
450196,0.5
450197,0.5
450198,0.5
450199,0.5
450200,0.5
450201,0.5
450202,0.5
450203,0.5
450204,0.5
450205,0.5
450206,0.5
450207,0.5
450208,0.5
450209,0.5
450210,0.5
450211,0.5
450212,0.5
450213,0.5
450214,0.5
450215,0.5
450216,0.5
450217,0.5
450218,0.5
450219,0.5
450220,0.5
450221,0.5
450222,0.5
450223,0.5
450224,0.5
450225,0.5
450226,0.5
450227,0.5
450228,0.5
450229,0.5
450230,0.5
450231,0.5
450232,0.5
450233,0.5
450234,0.5
450235,0.5
450236,0.5
450237,0.5
450238,0.5
450239,0.5
450240,0.5
450241,0.5
450242,0.5
450243,0.5
450244,0.5
450245,0.5
450246,0.5
450247,0.5
450248,0.5
450249,0.5
450250,0.5
450251,0.5
450252,0.5
450253,0.5
450254,0.5
450255,0.5
450256,0.5
450257,0.5
450258,0.5
450259,0.5
450260,0.5
450261,0.5
450262,0.5
450263,0.5
450264,0.5
450265,0.5
450266,0.5
450267,0.5
450268,0.5
450269,0.5
450270,0.5
450271,0.5
450272,0.5
450273,0.5
450274,0.5
450275,0.5
450276,0.5
450277,0.5
450278,0.5
450279,0.5
450280,0.5
450281,0.5
450282,0.5
450283,0.5
450284,0.5
450285,0.5
450286,0.5
450287,0.5
450288,0.5
450289,0.5
450290,0.5
450291,0.5
450292,0.5
450293,0.5
450294,0.5
450295,0.5
450296,0.5
450297,0.5
450298,0.5
450299,0.5
450300,0.5
450301,0.5
450302,0.5
450303,0.5
450304,0.5
450305,0.5
450306,0.5
450307,0.5
450308,0.5
450309,0.5
450310,0.5
450311,0.5
450312,0.5
450313,0.5
450314,0.5
450315,0.5
450316,0.5
450317,0.5
450318,0.5
450319,0.5
450320,0.5
450321,0.5
450322,0.5
450323,0.5
450324,0.5
450325,0.5
450326,0.5
450327,0.5
450328,0.5
450329,0.5
450330,0.5
450331,0.5
450332,0.5
450333,0.5
450334,0.5
450335,0.5
450336,0.5
450337,0.5
450338,0.5
450339,0.5
450340,0.5
450341,0.5
450342,0.5
450343,0.5
450344,0.5
450345,0.5
450346,0.5
450347,0.5
450348,0.5
450349,0.5
450350,0.5
450351,0.5
450352,0.5
450353,0.5
450354,0.5
450355,0.5
450356,0.5
450357,0.5
450358,0.5
450359,0.5
450360,0.5
450361,0.5
450362,0.5
450363,0.5
450364,0.5
450365,0.5
450366,0.5
450367,0.5
450368,0.5
450369,0.5
450370,0.5
450371,0.5
450372,0.5
450373,0.5
450374,0.5
450375,0.5
450376,0.5
450377,0.5
450378,0.5
450379,0.5
450380,0.5
450381,0.5
450382,0.5
450383,0.5
450384,0.5
450385,0.5
450386,0.5
450387,0.5
450388,0.5
450389,0.5
450390,0.5
450391,0.5
450392,0.5
450393,0.5
450394,0.5
450395,0.5
450396,0.5
450397,0.5
450398,0.5
450399,0.5
450400,0.5
450401,0.5
450402,0.5
450403,0.5
450404,0.5
450405,0.5
450406,0.5
450407,0.5
450408,0.5
450409,0.5
450410,0.5
450411,0.5
450412,0.5
450413,0.5
450414,0.5
450415,0.5
450416,0.5
450417,0.5
450418,0.5
450419,0.5
450420,0.5
450421,0.5
450422,0.5
450423,0.5
450424,0.5
450425,0.5
450426,0.5
450427,0.5
450428,0.5
450429,0.5
450430,0.5
450431,0.5
450432,0.5
450433,0.5
450434,0.5
450435,0.5
450436,0.5
450437,0.5
450438,0.5
450439,0.5
450440,0.5
450441,0.5
450442,0.5
450443,0.5
450444,0.5
450445,0.5
450446,0.5
450447,0.5
450448,0.5
450449,0.5
450450,0.5
450451,0.5
450452,0.5
450453,0.5
450454,0.5
450455,0.5
450456,0.5
450457,0.5
450458,0.5
450459,0.5
450460,0.5
450461,0.5
450462,0.5
450463,0.5
450464,0.5
450465,0.5
450466,0.5
450467,0.5
450468,0.5
450469,0.5
450470,0.5
450471,0.5
450472,0.5
450473,0.5
450474,0.5
450475,0.5
450476,0.5
450477,0.5
450478,0.5
450479,0.5
450480,0.5
450481,0.5
450482,0.5
450483,0.5
450484,0.5
450485,0.5
450486,0.5
450487,0.5
450488,0.5
450489,0.5
450490,0.5
450491,0.5
450492,0.5
450493,0.5
450494,0.5
450495,0.5
450496,0.5
450497,0.5
450498,0.5
450499,0.5
450500,0.5
450501,0.5
450502,0.5
450503,0.5
450504,0.5
450505,0.5
450506,0.5
450507,0.5
450508,0.5
450509,0.5
450510,0.5
450511,0.5
450512,0.5
450513,0.5
450514,0.5
450515,0.5
450516,0.5
450517,0.5
450518,0.5
450519,0.5
450520,0.5
450521,0.5
450522,0.5
450523,0.5
450524,0.5
450525,0.5
450526,0.5
450527,0.5
450528,0.5
450529,0.5
450530,0.5
450531,0.5
450532,0.5
450533,0.5
450534,0.5
450535,0.5
450536,0.5
450537,0.5
450538,0.5
450539,0.5
450540,0.5
450541,0.5
450542,0.5
450543,0.5
450544,0.5
450545,0.5
450546,0.5
450547,0.5
450548,0.5
450549,0.5
450550,0.5
450551,0.5
450552,0.5
450553,0.5
450554,0.5
450555,0.5
450556,0.5
450557,0.5
450558,0.5
450559,0.5
450560,0.5
450561,0.5
450562,0.5
450563,0.5
450564,0.5
450565,0.5
450566,0.5
450567,0.5
450568,0.5
450569,0.5
450570,0.5
450571,0.5
450572,0.5
450573,0.5
450574,0.5
450575,0.5
450576,0.5
450577,0.5
450578,0.5
450579,0.5
450580,0.5
450581,0.5
450582,0.5
450583,0.5
450584,0.5
450585,0.5
450586,0.5
450587,0.5
450588,0.5
450589,0.5
450590,0.5
450591,0.5
450592,0.5
450593,0.5
450594,0.5
450595,0.5
450596,0.5
450597,0.5
450598,0.5
450599,0.5
450600,0.5
450601,0.5
450602,0.5
450603,0.5
450604,0.5
450605,0.5
450606,0.5
450607,0.5
450608,0.5
450609,0.5
450610,0.5
450611,0.5
450612,0.5
450613,0.5
450614,0.5
450615,0.5
450616,0.5
450617,0.5
450618,0.5
450619,0.5
450620,0.5
450621,0.5
450622,0.5
450623,0.5
450624,0.5
450625,0.5
450626,0.5
450627,0.5
450628,0.5
450629,0.5
450630,0.5
450631,0.5
450632,0.5
450633,0.5
450634,0.5
450635,0.5
450636,0.5
450637,0.5
450638,0.5
450639,0.5
450640,0.5
450641,0.5
450642,0.5
450643,0.5
450644,0.5
450645,0.5
450646,0.5
450647,0.5
450648,0.5
450649,0.5
450650,0.5
450651,0.5
450652,0.5
450653,0.5
450654,0.5
450655,0.5
450656,0.5
450657,0.5
450658,0.5
450659,0.5
450660,0.5
450661,0.5
450662,0.5
450663,0.5
450664,0.5
450665,0.5
450666,0.5
450667,0.5
450668,0.5
450669,0.5
450670,0.5
450671,0.5
450672,0.5
450673,0.5
450674,0.5
450675,0.5
450676,0.5
450677,0.5
450678,0.5
450679,0.5
450680,0.5
450681,0.5
450682,0.5
450683,0.5
450684,0.5
450685,0.5
450686,0.5
450687,0.5
450688,0.5
450689,0.5
450690,0.5
450691,0.5
450692,0.5
450693,0.5
450694,0.5
450695,0.5
450696,0.5
450697,0.5
450698,0.5
450699,0.5
450700,0.5
450701,0.5
450702,0.5
450703,0.5
450704,0.5
450705,0.5
450706,0.5
450707,0.5
450708,0.5
450709,0.5
450710,0.5
450711,0.5
450712,0.5
450713,0.5
450714,0.5
450715,0.5
450716,0.5
450717,0.5
450718,0.5
450719,0.5
450720,0.5
450721,0.5
450722,0.5
450723,0.5
450724,0.5
450725,0.5
450726,0.5
450727,0.5
450728,0.5
450729,0.5
450730,0.5
450731,0.5
450732,0.5
450733,0.5
450734,0.5
450735,0.5
450736,0.5
450737,0.5
450738,0.5
450739,0.5
450740,0.5
450741,0.5
450742,0.5
450743,0.5
450744,0.5
450745,0.5
450746,0.5
450747,0.5
450748,0.5
450749,0.5
450750,0.5
450751,0.5
450752,0.5
450753,0.5
450754,0.5
450755,0.5
450756,0.5
450757,0.5
450758,0.5
450759,0.5
450760,0.5
450761,0.5
450762,0.5
450763,0.5
450764,0.5
450765,0.5
450766,0.5
450767,0.5
450768,0.5
450769,0.5
450770,0.5
450771,0.5
450772,0.5
450773,0.5
450774,0.5
450775,0.5
450776,0.5
450777,0.5
450778,0.5
450779,0.5
450780,0.5
450781,0.5
450782,0.5
450783,0.5
450784,0.5
450785,0.5
450786,0.5
450787,0.5
450788,0.5
450789,0.5
450790,0.5
450791,0.5
450792,0.5
450793,0.5
450794,0.5
450795,0.5
450796,0.5
450797,0.5
450798,0.5
450799,0.5
450800,0.5
450801,0.5
450802,0.5
450803,0.5
450804,0.5
450805,0.5
450806,0.5
450807,0.5
450808,0.5
450809,0.5
450810,0.5
450811,0.5
450812,0.5
450813,0.5
450814,0.5
450815,0.5
450816,0.5
450817,0.5
450818,0.5
450819,0.5
450820,0.5
450821,0.5
450822,0.5
450823,0.5
450824,0.5
450825,0.5
450826,0.5
450827,0.5
450828,0.5
450829,0.5
450830,0.5
450831,0.5
450832,0.5
450833,0.5
450834,0.5
450835,0.5
450836,0.5
450837,0.5
450838,0.5
450839,0.5
450840,0.5
450841,0.5
450842,0.5
450843,0.5
450844,0.5
450845,0.5
450846,0.5
450847,0.5
450848,0.5
450849,0.5
450850,0.5
450851,0.5
450852,0.5
450853,0.5
450854,0.5
450855,0.5
450856,0.5
450857,0.5
450858,0.5
450859,0.5
450860,0.5
450861,0.5
450862,0.5
450863,0.5
450864,0.5
450865,0.5
450866,0.5
450867,0.5
450868,0.5
450869,0.5
450870,0.5
450871,0.5
450872,0.5
450873,0.5
450874,0.5
450875,0.5
450876,0.5
450877,0.5
450878,0.5
450879,0.5
450880,0.5
450881,0.5
450882,0.5
450883,0.5
450884,0.5
450885,0.5
450886,0.5
450887,0.5
450888,0.5
450889,0.5
450890,0.5
450891,0.5
450892,0.5
450893,0.5
450894,0.5
450895,0.5
450896,0.5
450897,0.5
450898,0.5
450899,0.5
450900,0.5
450901,0.5
450902,0.5
450903,0.5
450904,0.5
450905,0.5
450906,0.5
450907,0.5
450908,0.5
450909,0.5
450910,0.5
450911,0.5
450912,0.5
450913,0.5
450914,0.5
450915,0.5
450916,0.5
450917,0.5
450918,0.5
450919,0.5
450920,0.5
450921,0.5
450922,0.5
450923,0.5
450924,0.5
450925,0.5
450926,0.5
450927,0.5
450928,0.5
450929,0.5
450930,0.5
450931,0.5
450932,0.5
450933,0.5
450934,0.5
450935,0.5
450936,0.5
450937,0.5
450938,0.5
450939,0.5
450940,0.5
450941,0.5
450942,0.5
450943,0.5
450944,0.5
450945,0.5
450946,0.5
450947,0.5
450948,0.5
450949,0.5
450950,0.5
450951,0.5
450952,0.5
450953,0.5
450954,0.5
450955,0.5
450956,0.5
450957,0.5
450958,0.5
450959,0.5
450960,0.5
450961,0.5
450962,0.5
450963,0.5
450964,0.5
450965,0.5
450966,0.5
450967,0.5
450968,0.5
450969,0.5
450970,0.5
450971,0.5
450972,0.5
450973,0.5
450974,0.5
450975,0.5
450976,0.5
450977,0.5
450978,0.5
450979,0.5
450980,0.5
450981,0.5
450982,0.5
450983,0.5
450984,0.5
450985,0.5
450986,0.5
450987,0.5
450988,0.5
450989,0.5
450990,0.5
450991,0.5
450992,0.5
450993,0.5
450994,0.5
450995,0.5
450996,0.5
450997,0.5
450998,0.5
450999,0.5
451000,0.5
451001,0.5
451002,0.5
451003,0.5
451004,0.5
451005,0.5
451006,0.5
451007,0.5
451008,0.5
451009,0.5
451010,0.5
451011,0.5
451012,0.5
451013,0.5
451014,0.5
451015,0.5
451016,0.5
451017,0.5
451018,0.5
451019,0.5
451020,0.5
451021,0.5
451022,0.5
451023,0.5
451024,0.5
451025,0.5
451026,0.5
451027,0.5
451028,0.5
451029,0.5
451030,0.5
451031,0.5
451032,0.5
451033,0.5
451034,0.5
451035,0.5
451036,0.5
451037,0.5
451038,0.5
451039,0.5
451040,0.5
451041,0.5
451042,0.5
451043,0.5
451044,0.5
451045,0.5
451046,0.5
451047,0.5
451048,0.5
451049,0.5
451050,0.5
451051,0.5
451052,0.5
451053,0.5
451054,0.5
451055,0.5
451056,0.5
451057,0.5
451058,0.5
451059,0.5
451060,0.5
451061,0.5
451062,0.5
451063,0.5
451064,0.5
451065,0.5
451066,0.5
451067,0.5
451068,0.5
451069,0.5
451070,0.5
451071,0.5
451072,0.5
451073,0.5
451074,0.5
451075,0.5
451076,0.5
451077,0.5
451078,0.5
451079,0.5
451080,0.5
451081,0.5
451082,0.5
451083,0.5
451084,0.5
451085,0.5
451086,0.5
451087,0.5
451088,0.5
451089,0.5
451090,0.5
451091,0.5
451092,0.5
451093,0.5
451094,0.5
451095,0.5
451096,0.5
451097,0.5
451098,0.5
451099,0.5
451100,0.5
451101,0.5
451102,0.5
451103,0.5
451104,0.5
451105,0.5
451106,0.5
451107,0.5
451108,0.5
451109,0.5
451110,0.5
451111,0.5
451112,0.5
451113,0.5
451114,0.5
451115,0.5
451116,0.5
451117,0.5
451118,0.5
451119,0.5
451120,0.5
451121,0.5
451122,0.5
451123,0.5
451124,0.5
451125,0.5
451126,0.5
451127,0.5
451128,0.5
451129,0.5
451130,0.5
451131,0.5
451132,0.5
451133,0.5
451134,0.5
451135,0.5
451136,0.5
451137,0.5
451138,0.5
451139,0.5
451140,0.5
451141,0.5
451142,0.5
451143,0.5
451144,0.5
451145,0.5
451146,0.5
451147,0.5
451148,0.5
451149,0.5
451150,0.5
451151,0.5
451152,0.5
451153,0.5
451154,0.5
451155,0.5
451156,0.5
451157,0.5
451158,0.5
451159,0.5
451160,0.5
451161,0.5
451162,0.5
451163,0.5
451164,0.5
451165,0.5
451166,0.5
451167,0.5
451168,0.5
451169,0.5
451170,0.5
451171,0.5
451172,0.5
451173,0.5
451174,0.5
451175,0.5
451176,0.5
451177,0.5
451178,0.5
451179,0.5
451180,0.5
451181,0.5
451182,0.5
451183,0.5
451184,0.5
451185,0.5
451186,0.5
451187,0.5
451188,0.5
451189,0.5
451190,0.5
451191,0.5
451192,0.5
451193,0.5
451194,0.5
451195,0.5
451196,0.5
451197,0.5
451198,0.5
451199,0.5
451200,0.5
451201,0.5
451202,0.5
451203,0.5
451204,0.5
451205,0.5
451206,0.5
451207,0.5
451208,0.5
451209,0.5
451210,0.5
451211,0.5
451212,0.5
451213,0.5
451214,0.5
451215,0.5
451216,0.5
451217,0.5
451218,0.5
451219,0.5
451220,0.5
451221,0.5
451222,0.5
451223,0.5
451224,0.5
451225,0.5
451226,0.5
451227,0.5
451228,0.5
451229,0.5
451230,0.5
451231,0.5
451232,0.5
451233,0.5
451234,0.5
451235,0.5
451236,0.5
451237,0.5
451238,0.5
451239,0.5
451240,0.5
451241,0.5
451242,0.5
451243,0.5
451244,0.5
451245,0.5
451246,0.5
451247,0.5
451248,0.5
451249,0.5
451250,0.5
451251,0.5
451252,0.5
451253,0.5
451254,0.5
451255,0.5
451256,0.5
451257,0.5
451258,0.5
451259,0.5
451260,0.5
451261,0.5
451262,0.5
451263,0.5
451264,0.5
451265,0.5
451266,0.5
451267,0.5
451268,0.5
451269,0.5
451270,0.5
451271,0.5
451272,0.5
451273,0.5
451274,0.5
451275,0.5
451276,0.5
451277,0.5
451278,0.5
451279,0.5
451280,0.5
451281,0.5
451282,0.5
451283,0.5
451284,0.5
451285,0.5
451286,0.5
451287,0.5
451288,0.5
451289,0.5
451290,0.5
451291,0.5
451292,0.5
451293,0.5
451294,0.5
451295,0.5
451296,0.5
451297,0.5
451298,0.5
451299,0.5
451300,0.5
451301,0.5
451302,0.5
451303,0.5
451304,0.5
451305,0.5
451306,0.5
451307,0.5
451308,0.5
451309,0.5
451310,0.5
451311,0.5
451312,0.5
451313,0.5
451314,0.5
451315,0.5
451316,0.5
451317,0.5
451318,0.5
451319,0.5
451320,0.5
451321,0.5
451322,0.5
451323,0.5
451324,0.5
451325,0.5
451326,0.5
451327,0.5
451328,0.5
451329,0.5
451330,0.5
451331,0.5
451332,0.5
451333,0.5
451334,0.5
451335,0.5
451336,0.5
451337,0.5
451338,0.5
451339,0.5
451340,0.5
451341,0.5
451342,0.5
451343,0.5
451344,0.5
451345,0.5
451346,0.5
451347,0.5
451348,0.5
451349,0.5
451350,0.5
451351,0.5
451352,0.5
451353,0.5
451354,0.5
451355,0.5
451356,0.5
451357,0.5
451358,0.5
451359,0.5
451360,0.5
451361,0.5
451362,0.5
451363,0.5
451364,0.5
451365,0.5
451366,0.5
451367,0.5
451368,0.5
451369,0.5
451370,0.5
451371,0.5
451372,0.5
451373,0.5
451374,0.5
451375,0.5
451376,0.5
451377,0.5
451378,0.5
451379,0.5
451380,0.5
451381,0.5
451382,0.5
451383,0.5
451384,0.5
451385,0.5
451386,0.5
451387,0.5
451388,0.5
451389,0.5
451390,0.5
451391,0.5
451392,0.5
451393,0.5
451394,0.5
451395,0.5
451396,0.5
451397,0.5
451398,0.5
451399,0.5
451400,0.5
451401,0.5
451402,0.5
451403,0.5
451404,0.5
451405,0.5
451406,0.5
451407,0.5
451408,0.5
451409,0.5
451410,0.5
451411,0.5
451412,0.5
451413,0.5
451414,0.5
451415,0.5
451416,0.5
451417,0.5
451418,0.5
451419,0.5
451420,0.5
451421,0.5
451422,0.5
451423,0.5
451424,0.5
451425,0.5
451426,0.5
451427,0.5
451428,0.5
451429,0.5
451430,0.5
451431,0.5
451432,0.5
451433,0.5
451434,0.5
451435,0.5
451436,0.5
451437,0.5
451438,0.5
451439,0.5
451440,0.5
451441,0.5
451442,0.5
451443,0.5
451444,0.5
451445,0.5
451446,0.5
451447,0.5
451448,0.5
451449,0.5
451450,0.5
451451,0.5
451452,0.5
451453,0.5
451454,0.5
451455,0.5
451456,0.5
451457,0.5
451458,0.5
451459,0.5
451460,0.5
451461,0.5
451462,0.5
451463,0.5
451464,0.5
451465,0.5
451466,0.5
451467,0.5
451468,0.5
451469,0.5
451470,0.5
451471,0.5
451472,0.5
451473,0.5
451474,0.5
451475,0.5
451476,0.5
451477,0.5
451478,0.5
451479,0.5
451480,0.5
451481,0.5
451482,0.5
451483,0.5
451484,0.5
451485,0.5
451486,0.5
451487,0.5
451488,0.5
451489,0.5
451490,0.5
451491,0.5
451492,0.5
451493,0.5
451494,0.5
451495,0.5
451496,0.5
451497,0.5
451498,0.5
451499,0.5
451500,0.5
451501,0.5
451502,0.5
451503,0.5
451504,0.5
451505,0.5
451506,0.5
451507,0.5
451508,0.5
451509,0.5
451510,0.5
451511,0.5
451512,0.5
451513,0.5
451514,0.5
451515,0.5
451516,0.5
451517,0.5
451518,0.5
451519,0.5
451520,0.5
451521,0.5
451522,0.5
451523,0.5
451524,0.5
451525,0.5
451526,0.5
451527,0.5
451528,0.5
451529,0.5
451530,0.5
451531,0.5
451532,0.5
451533,0.5
451534,0.5
451535,0.5
451536,0.5
451537,0.5
451538,0.5
451539,0.5
451540,0.5
451541,0.5
451542,0.5
451543,0.5
451544,0.5
451545,0.5
451546,0.5
451547,0.5
451548,0.5
451549,0.5
451550,0.5
451551,0.5
451552,0.5
451553,0.5
451554,0.5
451555,0.5
451556,0.5
451557,0.5
451558,0.5
451559,0.5
451560,0.5
451561,0.5
451562,0.5
451563,0.5
451564,0.5
451565,0.5
451566,0.5
451567,0.5
451568,0.5
451569,0.5
451570,0.5
451571,0.5
451572,0.5
451573,0.5
451574,0.5
451575,0.5
451576,0.5
451577,0.5
451578,0.5
451579,0.5
451580,0.5
451581,0.5
451582,0.5
451583,0.5
451584,0.5
451585,0.5
451586,0.5
451587,0.5
451588,0.5
451589,0.5
451590,0.5
451591,0.5
451592,0.5
451593,0.5
451594,0.5
451595,0.5
451596,0.5
451597,0.5
451598,0.5
451599,0.5
451600,0.5
451601,0.5
451602,0.5
451603,0.5
451604,0.5
451605,0.5
451606,0.5
451607,0.5
451608,0.5
451609,0.5
451610,0.5
451611,0.5
451612,0.5
451613,0.5
451614,0.5
451615,0.5
451616,0.5
451617,0.5
451618,0.5
451619,0.5
451620,0.5
451621,0.5
451622,0.5
451623,0.5
451624,0.5
451625,0.5
451626,0.5
451627,0.5
451628,0.5
451629,0.5
451630,0.5
451631,0.5
451632,0.5
451633,0.5
451634,0.5
451635,0.5
451636,0.5
451637,0.5
451638,0.5
451639,0.5
451640,0.5
451641,0.5
451642,0.5
451643,0.5
451644,0.5
451645,0.5
451646,0.5
451647,0.5
451648,0.5
451649,0.5
451650,0.5
451651,0.5
451652,0.5
451653,0.5
451654,0.5
451655,0.5
451656,0.5
451657,0.5
451658,0.5
451659,0.5
451660,0.5
451661,0.5
451662,0.5
451663,0.5
451664,0.5
451665,0.5
451666,0.5
451667,0.5
451668,0.5
451669,0.5
451670,0.5
451671,0.5
451672,0.5
451673,0.5
451674,0.5
451675,0.5
451676,0.5
451677,0.5
451678,0.5
451679,0.5
451680,0.5
451681,0.5
451682,0.5
451683,0.5
451684,0.5
451685,0.5
451686,0.5
451687,0.5
451688,0.5
451689,0.5
451690,0.5
451691,0.5
451692,0.5
451693,0.5
451694,0.5
451695,0.5
451696,0.5
451697,0.5
451698,0.5
451699,0.5
451700,0.5
451701,0.5
451702,0.5
451703,0.5
451704,0.5
451705,0.5
451706,0.5
451707,0.5
451708,0.5
451709,0.5
451710,0.5
451711,0.5
451712,0.5
451713,0.5
451714,0.5
451715,0.5
451716,0.5
451717,0.5
451718,0.5
451719,0.5
451720,0.5
451721,0.5
451722,0.5
451723,0.5
451724,0.5
451725,0.5
451726,0.5
451727,0.5
451728,0.5
451729,0.5
451730,0.5
451731,0.5
451732,0.5
451733,0.5
451734,0.5
451735,0.5
451736,0.5
451737,0.5
451738,0.5
451739,0.5
451740,0.5
451741,0.5
451742,0.5
451743,0.5
451744,0.5
451745,0.5
451746,0.5
451747,0.5
451748,0.5
451749,0.5
451750,0.5
451751,0.5
451752,0.5
451753,0.5
451754,0.5
451755,0.5
451756,0.5
451757,0.5
451758,0.5
451759,0.5
451760,0.5
451761,0.5
451762,0.5
451763,0.5
451764,0.5
451765,0.5
451766,0.5
451767,0.5
451768,0.5
451769,0.5
451770,0.5
451771,0.5
451772,0.5
451773,0.5
451774,0.5
451775,0.5
451776,0.5
451777,0.5
451778,0.5
451779,0.5
451780,0.5
451781,0.5
451782,0.5
451783,0.5
451784,0.5
451785,0.5
451786,0.5
451787,0.5
451788,0.5
451789,0.5
451790,0.5
451791,0.5
451792,0.5
451793,0.5
451794,0.5
451795,0.5
451796,0.5
451797,0.5
451798,0.5
451799,0.5
451800,0.5
451801,0.5
451802,0.5
451803,0.5
451804,0.5
451805,0.5
451806,0.5
451807,0.5
451808,0.5
451809,0.5
451810,0.5
451811,0.5
451812,0.5
451813,0.5
451814,0.5
451815,0.5
451816,0.5
451817,0.5
451818,0.5
451819,0.5
451820,0.5
451821,0.5
451822,0.5
451823,0.5
451824,0.5
451825,0.5
451826,0.5
451827,0.5
451828,0.5
451829,0.5
451830,0.5
451831,0.5
451832,0.5
451833,0.5
451834,0.5
451835,0.5
451836,0.5
451837,0.5
451838,0.5
451839,0.5
451840,0.5
451841,0.5
451842,0.5
451843,0.5
451844,0.5
451845,0.5
451846,0.5
451847,0.5
451848,0.5
451849,0.5
451850,0.5
451851,0.5
451852,0.5
451853,0.5
451854,0.5
451855,0.5
451856,0.5
451857,0.5
451858,0.5
451859,0.5
451860,0.5
451861,0.5
451862,0.5
451863,0.5
451864,0.5
451865,0.5
451866,0.5
451867,0.5
451868,0.5
451869,0.5
451870,0.5
451871,0.5
451872,0.5
451873,0.5
451874,0.5
451875,0.5
451876,0.5
451877,0.5
451878,0.5
451879,0.5
451880,0.5
451881,0.5
451882,0.5
451883,0.5
451884,0.5
451885,0.5
451886,0.5
451887,0.5
451888,0.5
451889,0.5
451890,0.5
451891,0.5
451892,0.5
451893,0.5
451894,0.5
451895,0.5
451896,0.5
451897,0.5
451898,0.5
451899,0.5
451900,0.5
451901,0.5
451902,0.5
451903,0.5
451904,0.5
451905,0.5
451906,0.5
451907,0.5
451908,0.5
451909,0.5
451910,0.5
451911,0.5
451912,0.5
451913,0.5
451914,0.5
451915,0.5
451916,0.5
451917,0.5
451918,0.5
451919,0.5
451920,0.5
451921,0.5
451922,0.5
451923,0.5
451924,0.5
451925,0.5
451926,0.5
451927,0.5
451928,0.5
451929,0.5
451930,0.5
451931,0.5
451932,0.5
451933,0.5
451934,0.5
451935,0.5
451936,0.5
451937,0.5
451938,0.5
451939,0.5
451940,0.5
451941,0.5
451942,0.5
451943,0.5
451944,0.5
451945,0.5
451946,0.5
451947,0.5
451948,0.5
451949,0.5
451950,0.5
451951,0.5
451952,0.5
451953,0.5
451954,0.5
451955,0.5
451956,0.5
451957,0.5
451958,0.5
451959,0.5
451960,0.5
451961,0.5
451962,0.5
451963,0.5
451964,0.5
451965,0.5
451966,0.5
451967,0.5
451968,0.5
451969,0.5
451970,0.5
451971,0.5
451972,0.5
451973,0.5
451974,0.5
451975,0.5
451976,0.5
451977,0.5
451978,0.5
451979,0.5
451980,0.5
451981,0.5
451982,0.5
451983,0.5
451984,0.5
451985,0.5
451986,0.5
451987,0.5
451988,0.5
451989,0.5
451990,0.5
451991,0.5
451992,0.5
451993,0.5
451994,0.5
451995,0.5
451996,0.5
451997,0.5
451998,0.5
451999,0.5
452000,0.5
452001,0.5
452002,0.5
452003,0.5
452004,0.5
452005,0.5
452006,0.5
452007,0.5
452008,0.5
452009,0.5
452010,0.5
452011,0.5
452012,0.5
452013,0.5
452014,0.5
452015,0.5
452016,0.5
452017,0.5
452018,0.5
452019,0.5
452020,0.5
452021,0.5
452022,0.5
452023,0.5
452024,0.5
452025,0.5
452026,0.5
452027,0.5
452028,0.5
452029,0.5
452030,0.5
452031,0.5
452032,0.5
452033,0.5
452034,0.5
452035,0.5
452036,0.5
452037,0.5
452038,0.5
452039,0.5
452040,0.5
452041,0.5
452042,0.5
452043,0.5
452044,0.5
452045,0.5
452046,0.5
452047,0.5
452048,0.5
452049,0.5
452050,0.5
452051,0.5
452052,0.5
452053,0.5
452054,0.5
452055,0.5
452056,0.5
452057,0.5
452058,0.5
452059,0.5
452060,0.5
452061,0.5
452062,0.5
452063,0.5
452064,0.5
452065,0.5
452066,0.5
452067,0.5
452068,0.5
452069,0.5
452070,0.5
452071,0.5
452072,0.5
452073,0.5
452074,0.5
452075,0.5
452076,0.5
452077,0.5
452078,0.5
452079,0.5
452080,0.5
452081,0.5
452082,0.5
452083,0.5
452084,0.5
452085,0.5
452086,0.5
452087,0.5
452088,0.5
452089,0.5
452090,0.5
452091,0.5
452092,0.5
452093,0.5
452094,0.5
452095,0.5
452096,0.5
452097,0.5
452098,0.5
452099,0.5
452100,0.5
452101,0.5
452102,0.5
452103,0.5
452104,0.5
452105,0.5
452106,0.5
452107,0.5
452108,0.5
452109,0.5
452110,0.5
452111,0.5
452112,0.5
452113,0.5
452114,0.5
452115,0.5
452116,0.5
452117,0.5
452118,0.5
452119,0.5
452120,0.5
452121,0.5
452122,0.5
452123,0.5
452124,0.5
452125,0.5
452126,0.5
452127,0.5
452128,0.5
452129,0.5
452130,0.5
452131,0.5
452132,0.5
452133,0.5
452134,0.5
452135,0.5
452136,0.5
452137,0.5
452138,0.5
452139,0.5
452140,0.5
452141,0.5
452142,0.5
452143,0.5
452144,0.5
452145,0.5
452146,0.5
452147,0.5
452148,0.5
452149,0.5
452150,0.5
452151,0.5
452152,0.5
452153,0.5
452154,0.5
452155,0.5
452156,0.5
452157,0.5
452158,0.5
452159,0.5
452160,0.5
452161,0.5
452162,0.5
452163,0.5
452164,0.5
452165,0.5
452166,0.5
452167,0.5
452168,0.5
452169,0.5
452170,0.5
452171,0.5
452172,0.5
452173,0.5
452174,0.5
452175,0.5
452176,0.5
452177,0.5
452178,0.5
452179,0.5
452180,0.5
452181,0.5
452182,0.5
452183,0.5
452184,0.5
452185,0.5
452186,0.5
452187,0.5
452188,0.5
452189,0.5
452190,0.5
452191,0.5
452192,0.5
452193,0.5
452194,0.5
452195,0.5
452196,0.5
452197,0.5
452198,0.5
452199,0.5
452200,0.5
452201,0.5
452202,0.5
452203,0.5
452204,0.5
452205,0.5
452206,0.5
452207,0.5
452208,0.5
452209,0.5
452210,0.5
452211,0.5
452212,0.5
452213,0.5
452214,0.5
452215,0.5
452216,0.5
452217,0.5
452218,0.5
452219,0.5
452220,0.5
452221,0.5
452222,0.5
452223,0.5
452224,0.5
452225,0.5
452226,0.5
452227,0.5
452228,0.5
452229,0.5
452230,0.5
452231,0.5
452232,0.5
452233,0.5
452234,0.5
452235,0.5
452236,0.5
452237,0.5
452238,0.5
452239,0.5
452240,0.5
452241,0.5
452242,0.5
452243,0.5
452244,0.5
452245,0.5
452246,0.5
452247,0.5
452248,0.5
452249,0.5
452250,0.5
452251,0.5
452252,0.5
452253,0.5
452254,0.5
452255,0.5
452256,0.5
452257,0.5
452258,0.5
452259,0.5
452260,0.5
452261,0.5
452262,0.5
452263,0.5
452264,0.5
452265,0.5
452266,0.5
452267,0.5
452268,0.5
452269,0.5
452270,0.5
452271,0.5
452272,0.5
452273,0.5
452274,0.5
452275,0.5
452276,0.5
452277,0.5
452278,0.5
452279,0.5
452280,0.5
452281,0.5
452282,0.5
452283,0.5
452284,0.5
452285,0.5
452286,0.5
452287,0.5
452288,0.5
452289,0.5
452290,0.5
452291,0.5
452292,0.5
452293,0.5
452294,0.5
452295,0.5
452296,0.5
452297,0.5
452298,0.5
452299,0.5
452300,0.5
452301,0.5
452302,0.5
452303,0.5
452304,0.5
452305,0.5
452306,0.5
452307,0.5
452308,0.5
452309,0.5
452310,0.5
452311,0.5
452312,0.5
452313,0.5
452314,0.5
452315,0.5
452316,0.5
452317,0.5
452318,0.5
452319,0.5
452320,0.5
452321,0.5
452322,0.5
452323,0.5
452324,0.5
452325,0.5
452326,0.5
452327,0.5
452328,0.5
452329,0.5
452330,0.5
452331,0.5
452332,0.5
452333,0.5
452334,0.5
452335,0.5
452336,0.5
452337,0.5
452338,0.5
452339,0.5
452340,0.5
452341,0.5
452342,0.5
452343,0.5
452344,0.5
452345,0.5
452346,0.5
452347,0.5
452348,0.5
452349,0.5
452350,0.5
452351,0.5
452352,0.5
452353,0.5
452354,0.5
452355,0.5
452356,0.5
452357,0.5
452358,0.5
452359,0.5
452360,0.5
452361,0.5
452362,0.5
452363,0.5
452364,0.5
452365,0.5
452366,0.5
452367,0.5
452368,0.5
452369,0.5
452370,0.5
452371,0.5
452372,0.5
452373,0.5
452374,0.5
452375,0.5
452376,0.5
452377,0.5
452378,0.5
452379,0.5
452380,0.5
452381,0.5
452382,0.5
452383,0.5
452384,0.5
452385,0.5
452386,0.5
452387,0.5
452388,0.5
452389,0.5
452390,0.5
452391,0.5
452392,0.5
452393,0.5
452394,0.5
452395,0.5
452396,0.5
452397,0.5
452398,0.5
452399,0.5
452400,0.5
452401,0.5
452402,0.5
452403,0.5
452404,0.5
452405,0.5
452406,0.5
452407,0.5
452408,0.5
452409,0.5
452410,0.5
452411,0.5
452412,0.5
452413,0.5
452414,0.5
452415,0.5
452416,0.5
452417,0.5
452418,0.5
452419,0.5
452420,0.5
452421,0.5
452422,0.5
452423,0.5
452424,0.5
452425,0.5
452426,0.5
452427,0.5
452428,0.5
452429,0.5
452430,0.5
452431,0.5
452432,0.5
452433,0.5
452434,0.5
452435,0.5
452436,0.5
452437,0.5
452438,0.5
452439,0.5
452440,0.5
452441,0.5
452442,0.5
452443,0.5
452444,0.5
452445,0.5
452446,0.5
452447,0.5
452448,0.5
452449,0.5
452450,0.5
452451,0.5
452452,0.5
452453,0.5
452454,0.5
452455,0.5
452456,0.5
452457,0.5
452458,0.5
452459,0.5
452460,0.5
452461,0.5
452462,0.5
452463,0.5
452464,0.5
452465,0.5
452466,0.5
452467,0.5
452468,0.5
452469,0.5
452470,0.5
452471,0.5
452472,0.5
452473,0.5
452474,0.5
452475,0.5
452476,0.5
452477,0.5
452478,0.5
452479,0.5
452480,0.5
452481,0.5
452482,0.5
452483,0.5
452484,0.5
452485,0.5
452486,0.5
452487,0.5
452488,0.5
452489,0.5
452490,0.5
452491,0.5
452492,0.5
452493,0.5
452494,0.5
452495,0.5
452496,0.5
452497,0.5
452498,0.5
452499,0.5
452500,0.5
452501,0.5
452502,0.5
452503,0.5
452504,0.5
452505,0.5
452506,0.5
452507,0.5
452508,0.5
452509,0.5
452510,0.5
452511,0.5
452512,0.5
452513,0.5
452514,0.5
452515,0.5
452516,0.5
452517,0.5
452518,0.5
452519,0.5
452520,0.5
452521,0.5
452522,0.5
452523,0.5
452524,0.5
452525,0.5
452526,0.5
452527,0.5
452528,0.5
452529,0.5
452530,0.5
452531,0.5
452532,0.5
452533,0.5
452534,0.5
452535,0.5
452536,0.5
452537,0.5
452538,0.5
452539,0.5
452540,0.5
452541,0.5
452542,0.5
452543,0.5
452544,0.5
452545,0.5
452546,0.5
452547,0.5
452548,0.5
452549,0.5
452550,0.5
452551,0.5
452552,0.5
452553,0.5
452554,0.5
452555,0.5
452556,0.5
452557,0.5
452558,0.5
452559,0.5
452560,0.5
452561,0.5
452562,0.5
452563,0.5
452564,0.5
452565,0.5
452566,0.5
452567,0.5
452568,0.5
452569,0.5
452570,0.5
452571,0.5
452572,0.5
452573,0.5
452574,0.5
452575,0.5
452576,0.5
452577,0.5
452578,0.5
452579,0.5
452580,0.5
452581,0.5
452582,0.5
452583,0.5
452584,0.5
452585,0.5
452586,0.5
452587,0.5
452588,0.5
452589,0.5
452590,0.5
452591,0.5
452592,0.5
452593,0.5
452594,0.5
452595,0.5
452596,0.5
452597,0.5
452598,0.5
452599,0.5
452600,0.5
452601,0.5
452602,0.5
452603,0.5
452604,0.5
452605,0.5
452606,0.5
452607,0.5
452608,0.5
452609,0.5
452610,0.5
452611,0.5
452612,0.5
452613,0.5
452614,0.5
452615,0.5
452616,0.5
452617,0.5
452618,0.5
452619,0.5
452620,0.5
452621,0.5
452622,0.5
452623,0.5
452624,0.5
452625,0.5
452626,0.5
452627,0.5
452628,0.5
452629,0.5
452630,0.5
452631,0.5
452632,0.5
452633,0.5
452634,0.5
452635,0.5
452636,0.5
452637,0.5
452638,0.5
452639,0.5
452640,0.5
452641,0.5
452642,0.5
452643,0.5
452644,0.5
452645,0.5
452646,0.5
452647,0.5
452648,0.5
452649,0.5
452650,0.5
452651,0.5
452652,0.5
452653,0.5
452654,0.5
452655,0.5
452656,0.5
452657,0.5
452658,0.5
452659,0.5
452660,0.5
452661,0.5
452662,0.5
452663,0.5
452664,0.5
452665,0.5
452666,0.5
452667,0.5
452668,0.5
452669,0.5
452670,0.5
452671,0.5
452672,0.5
452673,0.5
452674,0.5
452675,0.5
452676,0.5
452677,0.5
452678,0.5
452679,0.5
452680,0.5
452681,0.5
452682,0.5
452683,0.5
452684,0.5
452685,0.5
452686,0.5
452687,0.5
452688,0.5
452689,0.5
452690,0.5
452691,0.5
452692,0.5
452693,0.5
452694,0.5
452695,0.5
452696,0.5
452697,0.5
452698,0.5
452699,0.5
452700,0.5
452701,0.5
452702,0.5
452703,0.5
452704,0.5
452705,0.5
452706,0.5
452707,0.5
452708,0.5
452709,0.5
452710,0.5
452711,0.5
452712,0.5
452713,0.5
452714,0.5
452715,0.5
452716,0.5
452717,0.5
452718,0.5
452719,0.5
452720,0.5
452721,0.5
452722,0.5
452723,0.5
452724,0.5
452725,0.5
452726,0.5
452727,0.5
452728,0.5
452729,0.5
452730,0.5
452731,0.5
452732,0.5
452733,0.5
452734,0.5
452735,0.5
452736,0.5
452737,0.5
452738,0.5
452739,0.5
452740,0.5
452741,0.5
452742,0.5
452743,0.5
452744,0.5
452745,0.5
452746,0.5
452747,0.5
452748,0.5
452749,0.5
452750,0.5
452751,0.5
452752,0.5
452753,0.5
452754,0.5
452755,0.5
452756,0.5
452757,0.5
452758,0.5
452759,0.5
452760,0.5
452761,0.5
452762,0.5
452763,0.5
452764,0.5
452765,0.5
452766,0.5
452767,0.5
452768,0.5
452769,0.5
452770,0.5
452771,0.5
452772,0.5
452773,0.5
452774,0.5
452775,0.5
452776,0.5
452777,0.5
452778,0.5
452779,0.5
452780,0.5
452781,0.5
452782,0.5
452783,0.5
452784,0.5
452785,0.5
452786,0.5
452787,0.5
452788,0.5
452789,0.5
452790,0.5
452791,0.5
452792,0.5
452793,0.5
452794,0.5
452795,0.5
452796,0.5
452797,0.5
452798,0.5
452799,0.5
452800,0.5
452801,0.5
452802,0.5
452803,0.5
452804,0.5
452805,0.5
452806,0.5
452807,0.5
452808,0.5
452809,0.5
452810,0.5
452811,0.5
452812,0.5
452813,0.5
452814,0.5
452815,0.5
452816,0.5
452817,0.5
452818,0.5
452819,0.5
452820,0.5
452821,0.5
452822,0.5
452823,0.5
452824,0.5
452825,0.5
452826,0.5
452827,0.5
452828,0.5
452829,0.5
452830,0.5
452831,0.5
452832,0.5
452833,0.5
452834,0.5
452835,0.5
452836,0.5
452837,0.5
452838,0.5
452839,0.5
452840,0.5
452841,0.5
452842,0.5
452843,0.5
452844,0.5
452845,0.5
452846,0.5
452847,0.5
452848,0.5
452849,0.5
452850,0.5
452851,0.5
452852,0.5
452853,0.5
452854,0.5
452855,0.5
452856,0.5
452857,0.5
452858,0.5
452859,0.5
452860,0.5
452861,0.5
452862,0.5
452863,0.5
452864,0.5
452865,0.5
452866,0.5
452867,0.5
452868,0.5
452869,0.5
452870,0.5
452871,0.5
452872,0.5
452873,0.5
452874,0.5
452875,0.5
452876,0.5
452877,0.5
452878,0.5
452879,0.5
452880,0.5
452881,0.5
452882,0.5
452883,0.5
452884,0.5
452885,0.5
452886,0.5
452887,0.5
452888,0.5
452889,0.5
452890,0.5
452891,0.5
452892,0.5
452893,0.5
452894,0.5
452895,0.5
452896,0.5
452897,0.5
452898,0.5
452899,0.5
452900,0.5
452901,0.5
452902,0.5
452903,0.5
452904,0.5
452905,0.5
452906,0.5
452907,0.5
452908,0.5
452909,0.5
452910,0.5
452911,0.5
452912,0.5
452913,0.5
452914,0.5
452915,0.5
452916,0.5
452917,0.5
452918,0.5
452919,0.5
452920,0.5
452921,0.5
452922,0.5
452923,0.5
452924,0.5
452925,0.5
452926,0.5
452927,0.5
452928,0.5
452929,0.5
452930,0.5
452931,0.5
452932,0.5
452933,0.5
452934,0.5
452935,0.5
452936,0.5
452937,0.5
452938,0.5
452939,0.5
452940,0.5
452941,0.5
452942,0.5
452943,0.5
452944,0.5
452945,0.5
452946,0.5
452947,0.5
452948,0.5
452949,0.5
452950,0.5
452951,0.5
452952,0.5
452953,0.5
452954,0.5
452955,0.5
452956,0.5
452957,0.5
452958,0.5
452959,0.5
452960,0.5
452961,0.5
452962,0.5
452963,0.5
452964,0.5
452965,0.5
452966,0.5
452967,0.5
452968,0.5
452969,0.5
452970,0.5
452971,0.5
452972,0.5
452973,0.5
452974,0.5
452975,0.5
452976,0.5
452977,0.5
452978,0.5
452979,0.5
452980,0.5
452981,0.5
452982,0.5
452983,0.5
452984,0.5
452985,0.5
452986,0.5
452987,0.5
452988,0.5
452989,0.5
452990,0.5
452991,0.5
452992,0.5
452993,0.5
452994,0.5
452995,0.5
452996,0.5
452997,0.5
452998,0.5
452999,0.5
453000,0.5
453001,0.5
453002,0.5
453003,0.5
453004,0.5
453005,0.5
453006,0.5
453007,0.5
453008,0.5
453009,0.5
453010,0.5
453011,0.5
453012,0.5
453013,0.5
453014,0.5
453015,0.5
453016,0.5
453017,0.5
453018,0.5
453019,0.5
453020,0.5
453021,0.5
453022,0.5
453023,0.5
453024,0.5
453025,0.5
453026,0.5
453027,0.5
453028,0.5
453029,0.5
453030,0.5
453031,0.5
453032,0.5
453033,0.5
453034,0.5
453035,0.5
453036,0.5
453037,0.5
453038,0.5
453039,0.5
453040,0.5
453041,0.5
453042,0.5
453043,0.5
453044,0.5
453045,0.5
453046,0.5
453047,0.5
453048,0.5
453049,0.5
453050,0.5
453051,0.5
453052,0.5
453053,0.5
453054,0.5
453055,0.5
453056,0.5
453057,0.5
453058,0.5
453059,0.5
453060,0.5
453061,0.5
453062,0.5
453063,0.5
453064,0.5
453065,0.5
453066,0.5
453067,0.5
453068,0.5
453069,0.5
453070,0.5
453071,0.5
453072,0.5
453073,0.5
453074,0.5
453075,0.5
453076,0.5
453077,0.5
453078,0.5
453079,0.5
453080,0.5
453081,0.5
453082,0.5
453083,0.5
453084,0.5
453085,0.5
453086,0.5
453087,0.5
453088,0.5
453089,0.5
453090,0.5
453091,0.5
453092,0.5
453093,0.5
453094,0.5
453095,0.5
453096,0.5
453097,0.5
453098,0.5
453099,0.5
453100,0.5
453101,0.5
453102,0.5
453103,0.5
453104,0.5
453105,0.5
453106,0.5
453107,0.5
453108,0.5
453109,0.5
453110,0.5
453111,0.5
453112,0.5
453113,0.5
453114,0.5
453115,0.5
453116,0.5
453117,0.5
453118,0.5
453119,0.5
453120,0.5
453121,0.5
453122,0.5
453123,0.5
453124,0.5
453125,0.5
453126,0.5
453127,0.5
453128,0.5
453129,0.5
453130,0.5
453131,0.5
453132,0.5
453133,0.5
453134,0.5
453135,0.5
453136,0.5
453137,0.5
453138,0.5
453139,0.5
453140,0.5
453141,0.5
453142,0.5
453143,0.5
453144,0.5
453145,0.5
453146,0.5
453147,0.5
453148,0.5
453149,0.5
453150,0.5
453151,0.5
453152,0.5
453153,0.5
453154,0.5
453155,0.5
453156,0.5
453157,0.5
453158,0.5
453159,0.5
453160,0.5
453161,0.5
453162,0.5
453163,0.5
453164,0.5
453165,0.5
453166,0.5
453167,0.5
453168,0.5
453169,0.5
453170,0.5
453171,0.5
453172,0.5
453173,0.5
453174,0.5
453175,0.5
453176,0.5
453177,0.5
453178,0.5
453179,0.5
453180,0.5
453181,0.5
453182,0.5
453183,0.5
453184,0.5
453185,0.5
453186,0.5
453187,0.5
453188,0.5
453189,0.5
453190,0.5
453191,0.5
453192,0.5
453193,0.5
453194,0.5
453195,0.5
453196,0.5
453197,0.5
453198,0.5
453199,0.5
453200,0.5
453201,0.5
453202,0.5
453203,0.5
453204,0.5
453205,0.5
453206,0.5
453207,0.5
453208,0.5
453209,0.5
453210,0.5
453211,0.5
453212,0.5
453213,0.5
453214,0.5
453215,0.5
453216,0.5
453217,0.5
453218,0.5
453219,0.5
453220,0.5
453221,0.5
453222,0.5
453223,0.5
453224,0.5
453225,0.5
453226,0.5
453227,0.5
453228,0.5
453229,0.5
453230,0.5
453231,0.5
453232,0.5
453233,0.5
453234,0.5
453235,0.5
453236,0.5
453237,0.5
453238,0.5
453239,0.5
453240,0.5
453241,0.5
453242,0.5
453243,0.5
453244,0.5
453245,0.5
453246,0.5
453247,0.5
453248,0.5
453249,0.5
453250,0.5
453251,0.5
453252,0.5
453253,0.5
453254,0.5
453255,0.5
453256,0.5
453257,0.5
453258,0.5
453259,0.5
453260,0.5
453261,0.5
453262,0.5
453263,0.5
453264,0.5
453265,0.5
453266,0.5
453267,0.5
453268,0.5
453269,0.5
453270,0.5
453271,0.5
453272,0.5
453273,0.5
453274,0.5
453275,0.5
453276,0.5
453277,0.5
453278,0.5
453279,0.5
453280,0.5
453281,0.5
453282,0.5
453283,0.5
453284,0.5
453285,0.5
453286,0.5
453287,0.5
453288,0.5
453289,0.5
453290,0.5
453291,0.5
453292,0.5
453293,0.5
453294,0.5
453295,0.5
453296,0.5
453297,0.5
453298,0.5
453299,0.5
453300,0.5
453301,0.5
453302,0.5
453303,0.5
453304,0.5
453305,0.5
453306,0.5
453307,0.5
453308,0.5
453309,0.5
453310,0.5
453311,0.5
453312,0.5
453313,0.5
453314,0.5
453315,0.5
453316,0.5
453317,0.5
453318,0.5
453319,0.5
453320,0.5
453321,0.5
453322,0.5
453323,0.5
453324,0.5
453325,0.5
453326,0.5
453327,0.5
453328,0.5
453329,0.5
453330,0.5
453331,0.5
453332,0.5
453333,0.5
453334,0.5
453335,0.5
453336,0.5
453337,0.5
453338,0.5
453339,0.5
453340,0.5
453341,0.5
453342,0.5
453343,0.5
453344,0.5
453345,0.5
453346,0.5
453347,0.5
453348,0.5
453349,0.5
453350,0.5
453351,0.5
453352,0.5
453353,0.5
453354,0.5
453355,0.5
453356,0.5
453357,0.5
453358,0.5
453359,0.5
453360,0.5
453361,0.5
453362,0.5
453363,0.5
453364,0.5
453365,0.5
453366,0.5
453367,0.5
453368,0.5
453369,0.5
453370,0.5
453371,0.5
453372,0.5
453373,0.5
453374,0.5
453375,0.5
453376,0.5
453377,0.5
453378,0.5
453379,0.5
453380,0.5
453381,0.5
453382,0.5
453383,0.5
453384,0.5
453385,0.5
453386,0.5
453387,0.5
453388,0.5
453389,0.5
453390,0.5
453391,0.5
453392,0.5
453393,0.5
453394,0.5
453395,0.5
453396,0.5
453397,0.5
453398,0.5
453399,0.5
453400,0.5
453401,0.5
453402,0.5
453403,0.5
453404,0.5
453405,0.5
453406,0.5
453407,0.5
453408,0.5
453409,0.5
453410,0.5
453411,0.5
453412,0.5
453413,0.5
453414,0.5
453415,0.5
453416,0.5
453417,0.5
453418,0.5
453419,0.5
453420,0.5
453421,0.5
453422,0.5
453423,0.5
453424,0.5
453425,0.5
453426,0.5
453427,0.5
453428,0.5
453429,0.5
453430,0.5
453431,0.5
453432,0.5
453433,0.5
453434,0.5
453435,0.5
453436,0.5
453437,0.5
453438,0.5
453439,0.5
453440,0.5
453441,0.5
453442,0.5
453443,0.5
453444,0.5
453445,0.5
453446,0.5
453447,0.5
453448,0.5
453449,0.5
453450,0.5
453451,0.5
453452,0.5
453453,0.5
453454,0.5
453455,0.5
453456,0.5
453457,0.5
453458,0.5
453459,0.5
453460,0.5
453461,0.5
453462,0.5
453463,0.5
453464,0.5
453465,0.5
453466,0.5
453467,0.5
453468,0.5
453469,0.5
453470,0.5
453471,0.5
453472,0.5
453473,0.5
453474,0.5
453475,0.5
453476,0.5
453477,0.5
453478,0.5
453479,0.5
453480,0.5
453481,0.5
453482,0.5
453483,0.5
453484,0.5
453485,0.5
453486,0.5
453487,0.5
453488,0.5
453489,0.5
453490,0.5
453491,0.5
453492,0.5
453493,0.5
453494,0.5
453495,0.5
453496,0.5
453497,0.5
453498,0.5
453499,0.5
453500,0.5
453501,0.5
453502,0.5
453503,0.5
453504,0.5
453505,0.5
453506,0.5
453507,0.5
453508,0.5
453509,0.5
453510,0.5
453511,0.5
453512,0.5
453513,0.5
453514,0.5
453515,0.5
453516,0.5
453517,0.5
453518,0.5
453519,0.5
453520,0.5
453521,0.5
453522,0.5
453523,0.5
453524,0.5
453525,0.5
453526,0.5
453527,0.5
453528,0.5
453529,0.5
453530,0.5
453531,0.5
453532,0.5
453533,0.5
453534,0.5
453535,0.5
453536,0.5
453537,0.5
453538,0.5
453539,0.5
453540,0.5
453541,0.5
453542,0.5
453543,0.5
453544,0.5
453545,0.5
453546,0.5
453547,0.5
453548,0.5
453549,0.5
453550,0.5
453551,0.5
453552,0.5
453553,0.5
453554,0.5
453555,0.5
453556,0.5
453557,0.5
453558,0.5
453559,0.5
453560,0.5
453561,0.5
453562,0.5
453563,0.5
453564,0.5
453565,0.5
453566,0.5
453567,0.5
453568,0.5
453569,0.5
453570,0.5
453571,0.5
453572,0.5
453573,0.5
453574,0.5
453575,0.5
453576,0.5
453577,0.5
453578,0.5
453579,0.5
453580,0.5
453581,0.5
453582,0.5
453583,0.5
453584,0.5
453585,0.5
453586,0.5
453587,0.5
453588,0.5
453589,0.5
453590,0.5
453591,0.5
453592,0.5
453593,0.5
453594,0.5
453595,0.5
453596,0.5
453597,0.5
453598,0.5
453599,0.5
453600,0.5
453601,0.5
453602,0.5
453603,0.5
453604,0.5
453605,0.5
453606,0.5
453607,0.5
453608,0.5
453609,0.5
453610,0.5
453611,0.5
453612,0.5
453613,0.5
453614,0.5
453615,0.5
453616,0.5
453617,0.5
453618,0.5
453619,0.5
453620,0.5
453621,0.5
453622,0.5
453623,0.5
453624,0.5
453625,0.5
453626,0.5
453627,0.5
453628,0.5
453629,0.5
453630,0.5
453631,0.5
453632,0.5
453633,0.5
453634,0.5
453635,0.5
453636,0.5
453637,0.5
453638,0.5
453639,0.5
453640,0.5
453641,0.5
453642,0.5
453643,0.5
453644,0.5
453645,0.5
453646,0.5
453647,0.5
453648,0.5
453649,0.5
453650,0.5
453651,0.5
453652,0.5
453653,0.5
453654,0.5
453655,0.5
453656,0.5
453657,0.5
453658,0.5
453659,0.5
453660,0.5
453661,0.5
453662,0.5
453663,0.5
453664,0.5
453665,0.5
453666,0.5
453667,0.5
453668,0.5
453669,0.5
453670,0.5
453671,0.5
453672,0.5
453673,0.5
453674,0.5
453675,0.5
453676,0.5
453677,0.5
453678,0.5
453679,0.5
453680,0.5
453681,0.5
453682,0.5
453683,0.5
453684,0.5
453685,0.5
453686,0.5
453687,0.5
453688,0.5
453689,0.5
453690,0.5
453691,0.5
453692,0.5
453693,0.5
453694,0.5
453695,0.5
453696,0.5
453697,0.5
453698,0.5
453699,0.5
453700,0.5
453701,0.5
453702,0.5
453703,0.5
453704,0.5
453705,0.5
453706,0.5
453707,0.5
453708,0.5
453709,0.5
453710,0.5
453711,0.5
453712,0.5
453713,0.5
453714,0.5
453715,0.5
453716,0.5
453717,0.5
453718,0.5
453719,0.5
453720,0.5
453721,0.5
453722,0.5
453723,0.5
453724,0.5
453725,0.5
453726,0.5
453727,0.5
453728,0.5
453729,0.5
453730,0.5
453731,0.5
453732,0.5
453733,0.5
453734,0.5
453735,0.5
453736,0.5
453737,0.5
453738,0.5
453739,0.5
453740,0.5
453741,0.5
453742,0.5
453743,0.5
453744,0.5
453745,0.5
453746,0.5
453747,0.5
453748,0.5
453749,0.5
453750,0.5
453751,0.5
453752,0.5
453753,0.5
453754,0.5
453755,0.5
453756,0.5
453757,0.5
453758,0.5
453759,0.5
453760,0.5
453761,0.5
453762,0.5
453763,0.5
453764,0.5
453765,0.5
453766,0.5
453767,0.5
453768,0.5
453769,0.5
453770,0.5
453771,0.5
453772,0.5
453773,0.5
453774,0.5
453775,0.5
453776,0.5
453777,0.5
453778,0.5
453779,0.5
453780,0.5
453781,0.5
453782,0.5
453783,0.5
453784,0.5
453785,0.5
453786,0.5
453787,0.5
453788,0.5
453789,0.5
453790,0.5
453791,0.5
453792,0.5
453793,0.5
453794,0.5
453795,0.5
453796,0.5
453797,0.5
453798,0.5
453799,0.5
453800,0.5
453801,0.5
453802,0.5
453803,0.5
453804,0.5
453805,0.5
453806,0.5
453807,0.5
453808,0.5
453809,0.5
453810,0.5
453811,0.5
453812,0.5
453813,0.5
453814,0.5
453815,0.5
453816,0.5
453817,0.5
453818,0.5
453819,0.5
453820,0.5
453821,0.5
453822,0.5
453823,0.5
453824,0.5
453825,0.5
453826,0.5
453827,0.5
453828,0.5
453829,0.5
453830,0.5
453831,0.5
453832,0.5
453833,0.5
453834,0.5
453835,0.5
453836,0.5
453837,0.5
453838,0.5
453839,0.5
453840,0.5
453841,0.5
453842,0.5
453843,0.5
453844,0.5
453845,0.5
453846,0.5
453847,0.5
453848,0.5
453849,0.5
453850,0.5
453851,0.5
453852,0.5
453853,0.5
453854,0.5
453855,0.5
453856,0.5
453857,0.5
453858,0.5
453859,0.5
453860,0.5
453861,0.5
453862,0.5
453863,0.5
453864,0.5
453865,0.5
453866,0.5
453867,0.5
453868,0.5
453869,0.5
453870,0.5
453871,0.5
453872,0.5
453873,0.5
453874,0.5
453875,0.5
453876,0.5
453877,0.5
453878,0.5
453879,0.5
453880,0.5
453881,0.5
453882,0.5
453883,0.5
453884,0.5
453885,0.5
453886,0.5
453887,0.5
453888,0.5
453889,0.5
453890,0.5
453891,0.5
453892,0.5
453893,0.5
453894,0.5
453895,0.5
453896,0.5
453897,0.5
453898,0.5
453899,0.5
453900,0.5
453901,0.5
453902,0.5
453903,0.5
453904,0.5
453905,0.5
453906,0.5
453907,0.5
453908,0.5
453909,0.5
453910,0.5
453911,0.5
453912,0.5
453913,0.5
453914,0.5
453915,0.5
453916,0.5
453917,0.5
453918,0.5
453919,0.5
453920,0.5
453921,0.5
453922,0.5
453923,0.5
453924,0.5
453925,0.5
453926,0.5
453927,0.5
453928,0.5
453929,0.5
453930,0.5
453931,0.5
453932,0.5
453933,0.5
453934,0.5
453935,0.5
453936,0.5
453937,0.5
453938,0.5
453939,0.5
453940,0.5
453941,0.5
453942,0.5
453943,0.5
453944,0.5
453945,0.5
453946,0.5
453947,0.5
453948,0.5
453949,0.5
453950,0.5
453951,0.5
453952,0.5
453953,0.5
453954,0.5
453955,0.5
453956,0.5
453957,0.5
453958,0.5
453959,0.5
453960,0.5
453961,0.5
453962,0.5
453963,0.5
453964,0.5
453965,0.5
453966,0.5
453967,0.5
453968,0.5
453969,0.5
453970,0.5
453971,0.5
453972,0.5
453973,0.5
453974,0.5
453975,0.5
453976,0.5
453977,0.5
453978,0.5
453979,0.5
453980,0.5
453981,0.5
453982,0.5
453983,0.5
453984,0.5
453985,0.5
453986,0.5
453987,0.5
453988,0.5
453989,0.5
453990,0.5
453991,0.5
453992,0.5
453993,0.5
453994,0.5
453995,0.5
453996,0.5
453997,0.5
453998,0.5
453999,0.5
454000,0.5
454001,0.5
454002,0.5
454003,0.5
454004,0.5
454005,0.5
454006,0.5
454007,0.5
454008,0.5
454009,0.5
454010,0.5
454011,0.5
454012,0.5
454013,0.5
454014,0.5
454015,0.5
454016,0.5
454017,0.5
454018,0.5
454019,0.5
454020,0.5
454021,0.5
454022,0.5
454023,0.5
454024,0.5
454025,0.5
454026,0.5
454027,0.5
454028,0.5
454029,0.5
454030,0.5
454031,0.5
454032,0.5
454033,0.5
454034,0.5
454035,0.5
454036,0.5
454037,0.5
454038,0.5
454039,0.5
454040,0.5
454041,0.5
454042,0.5
454043,0.5
454044,0.5
454045,0.5
454046,0.5
454047,0.5
454048,0.5
454049,0.5
454050,0.5
454051,0.5
454052,0.5
454053,0.5
454054,0.5
454055,0.5
454056,0.5
454057,0.5
454058,0.5
454059,0.5
454060,0.5
454061,0.5
454062,0.5
454063,0.5
454064,0.5
454065,0.5
454066,0.5
454067,0.5
454068,0.5
454069,0.5
454070,0.5
454071,0.5
454072,0.5
454073,0.5
454074,0.5
454075,0.5
454076,0.5
454077,0.5
454078,0.5
454079,0.5
454080,0.5
454081,0.5
454082,0.5
454083,0.5
454084,0.5
454085,0.5
454086,0.5
454087,0.5
454088,0.5
454089,0.5
454090,0.5
454091,0.5
454092,0.5
454093,0.5
454094,0.5
454095,0.5
454096,0.5
454097,0.5
454098,0.5
454099,0.5
454100,0.5
454101,0.5
454102,0.5
454103,0.5
454104,0.5
454105,0.5
454106,0.5
454107,0.5
454108,0.5
454109,0.5
454110,0.5
454111,0.5
454112,0.5
454113,0.5
454114,0.5
454115,0.5
454116,0.5
454117,0.5
454118,0.5
454119,0.5
454120,0.5
454121,0.5
454122,0.5
454123,0.5
454124,0.5
454125,0.5
454126,0.5
454127,0.5
454128,0.5
454129,0.5
454130,0.5
454131,0.5
454132,0.5
454133,0.5
454134,0.5
454135,0.5
454136,0.5
454137,0.5
454138,0.5
454139,0.5
454140,0.5
454141,0.5
454142,0.5
454143,0.5
454144,0.5
454145,0.5
454146,0.5
454147,0.5
454148,0.5
454149,0.5
454150,0.5
454151,0.5
454152,0.5
454153,0.5
454154,0.5
454155,0.5
454156,0.5
454157,0.5
454158,0.5
454159,0.5
454160,0.5
454161,0.5
454162,0.5
454163,0.5
454164,0.5
454165,0.5
454166,0.5
454167,0.5
454168,0.5
454169,0.5
454170,0.5
454171,0.5
454172,0.5
454173,0.5
454174,0.5
454175,0.5
454176,0.5
454177,0.5
454178,0.5
454179,0.5
454180,0.5
454181,0.5
454182,0.5
454183,0.5
454184,0.5
454185,0.5
454186,0.5
454187,0.5
454188,0.5
454189,0.5
454190,0.5
454191,0.5
454192,0.5
454193,0.5
454194,0.5
454195,0.5
454196,0.5
454197,0.5
454198,0.5
454199,0.5
454200,0.5
454201,0.5
454202,0.5
454203,0.5
454204,0.5
454205,0.5
454206,0.5
454207,0.5
454208,0.5
454209,0.5
454210,0.5
454211,0.5
454212,0.5
454213,0.5
454214,0.5
454215,0.5
454216,0.5
454217,0.5
454218,0.5
454219,0.5
454220,0.5
454221,0.5
454222,0.5
454223,0.5
454224,0.5
454225,0.5
454226,0.5
454227,0.5
454228,0.5
454229,0.5
454230,0.5
454231,0.5
454232,0.5
454233,0.5
454234,0.5
454235,0.5
454236,0.5
454237,0.5
454238,0.5
454239,0.5
454240,0.5
454241,0.5
454242,0.5
454243,0.5
454244,0.5
454245,0.5
454246,0.5
454247,0.5
454248,0.5
454249,0.5
454250,0.5
454251,0.5
454252,0.5
454253,0.5
454254,0.5
454255,0.5
454256,0.5
454257,0.5
454258,0.5
454259,0.5
454260,0.5
454261,0.5
454262,0.5
454263,0.5
454264,0.5
454265,0.5
454266,0.5
454267,0.5
454268,0.5
454269,0.5
454270,0.5
454271,0.5
454272,0.5
454273,0.5
454274,0.5
454275,0.5
454276,0.5
454277,0.5
454278,0.5
454279,0.5
454280,0.5
454281,0.5
454282,0.5
454283,0.5
454284,0.5
454285,0.5
454286,0.5
454287,0.5
454288,0.5
454289,0.5
454290,0.5
454291,0.5
454292,0.5
454293,0.5
454294,0.5
454295,0.5
454296,0.5
454297,0.5
454298,0.5
454299,0.5
454300,0.5
454301,0.5
454302,0.5
454303,0.5
454304,0.5
454305,0.5
454306,0.5
454307,0.5
454308,0.5
454309,0.5
454310,0.5
454311,0.5
454312,0.5
454313,0.5
454314,0.5
454315,0.5
454316,0.5
454317,0.5
454318,0.5
454319,0.5
454320,0.5
454321,0.5
454322,0.5
454323,0.5
454324,0.5
454325,0.5
454326,0.5
454327,0.5
454328,0.5
454329,0.5
454330,0.5
454331,0.5
454332,0.5
454333,0.5
454334,0.5
454335,0.5
454336,0.5
454337,0.5
454338,0.5
454339,0.5
454340,0.5
454341,0.5
454342,0.5
454343,0.5
454344,0.5
454345,0.5
454346,0.5
454347,0.5
454348,0.5
454349,0.5
454350,0.5
454351,0.5
454352,0.5
454353,0.5
454354,0.5
454355,0.5
454356,0.5
454357,0.5
454358,0.5
454359,0.5
454360,0.5
454361,0.5
454362,0.5
454363,0.5
454364,0.5
454365,0.5
454366,0.5
454367,0.5
454368,0.5
454369,0.5
454370,0.5
454371,0.5
454372,0.5
454373,0.5
454374,0.5
454375,0.5
454376,0.5
454377,0.5
454378,0.5
454379,0.5
454380,0.5
454381,0.5
454382,0.5
454383,0.5
454384,0.5
454385,0.5
454386,0.5
454387,0.5
454388,0.5
454389,0.5
454390,0.5
454391,0.5
454392,0.5
454393,0.5
454394,0.5
454395,0.5
454396,0.5
454397,0.5
454398,0.5
454399,0.5
454400,0.5
454401,0.5
454402,0.5
454403,0.5
454404,0.5
454405,0.5
454406,0.5
454407,0.5
454408,0.5
454409,0.5
454410,0.5
454411,0.5
454412,0.5
454413,0.5
454414,0.5
454415,0.5
454416,0.5
454417,0.5
454418,0.5
454419,0.5
454420,0.5
454421,0.5
454422,0.5
454423,0.5
454424,0.5
454425,0.5
454426,0.5
454427,0.5
454428,0.5
454429,0.5
454430,0.5
454431,0.5
454432,0.5
454433,0.5
454434,0.5
454435,0.5
454436,0.5
454437,0.5
454438,0.5
454439,0.5
454440,0.5
454441,0.5
454442,0.5
454443,0.5
454444,0.5
454445,0.5
454446,0.5
454447,0.5
454448,0.5
454449,0.5
454450,0.5
454451,0.5
454452,0.5
454453,0.5
454454,0.5
454455,0.5
454456,0.5
454457,0.5
454458,0.5
454459,0.5
454460,0.5
454461,0.5
454462,0.5
454463,0.5
454464,0.5
454465,0.5
454466,0.5
454467,0.5
454468,0.5
454469,0.5
454470,0.5
454471,0.5
454472,0.5
454473,0.5
454474,0.5
454475,0.5
454476,0.5
454477,0.5
454478,0.5
454479,0.5
454480,0.5
454481,0.5
454482,0.5
454483,0.5
454484,0.5
454485,0.5
454486,0.5
454487,0.5
454488,0.5
454489,0.5
454490,0.5
454491,0.5
454492,0.5
454493,0.5
454494,0.5
454495,0.5
454496,0.5
454497,0.5
454498,0.5
454499,0.5
454500,0.5
454501,0.5
454502,0.5
454503,0.5
454504,0.5
454505,0.5
454506,0.5
454507,0.5
454508,0.5
454509,0.5
454510,0.5
454511,0.5
454512,0.5
454513,0.5
454514,0.5
454515,0.5
454516,0.5
454517,0.5
454518,0.5
454519,0.5
454520,0.5
454521,0.5
454522,0.5
454523,0.5
454524,0.5
454525,0.5
454526,0.5
454527,0.5
454528,0.5
454529,0.5
454530,0.5
454531,0.5
454532,0.5
454533,0.5
454534,0.5
454535,0.5
454536,0.5
454537,0.5
454538,0.5
454539,0.5
454540,0.5
454541,0.5
454542,0.5
454543,0.5
454544,0.5
454545,0.5
454546,0.5
454547,0.5
454548,0.5
454549,0.5
454550,0.5
454551,0.5
454552,0.5
454553,0.5
454554,0.5
454555,0.5
454556,0.5
454557,0.5
454558,0.5
454559,0.5
454560,0.5
454561,0.5
454562,0.5
454563,0.5
454564,0.5
454565,0.5
454566,0.5
454567,0.5
454568,0.5
454569,0.5
454570,0.5
454571,0.5
454572,0.5
454573,0.5
454574,0.5
454575,0.5
454576,0.5
454577,0.5
454578,0.5
454579,0.5
454580,0.5
454581,0.5
454582,0.5
454583,0.5
454584,0.5
454585,0.5
454586,0.5
454587,0.5
454588,0.5
454589,0.5
454590,0.5
454591,0.5
454592,0.5
454593,0.5
454594,0.5
454595,0.5
454596,0.5
454597,0.5
454598,0.5
454599,0.5
454600,0.5
454601,0.5
454602,0.5
454603,0.5
454604,0.5
454605,0.5
454606,0.5
454607,0.5
454608,0.5
454609,0.5
454610,0.5
454611,0.5
454612,0.5
454613,0.5
454614,0.5
454615,0.5
454616,0.5
454617,0.5
454618,0.5
454619,0.5
454620,0.5
454621,0.5
454622,0.5
454623,0.5
454624,0.5
454625,0.5
454626,0.5
454627,0.5
454628,0.5
454629,0.5
454630,0.5
454631,0.5
454632,0.5
454633,0.5
454634,0.5
454635,0.5
454636,0.5
454637,0.5
454638,0.5
454639,0.5
454640,0.5
454641,0.5
454642,0.5
454643,0.5
454644,0.5
454645,0.5
454646,0.5
454647,0.5
454648,0.5
454649,0.5
454650,0.5
454651,0.5
454652,0.5
454653,0.5
454654,0.5
454655,0.5
454656,0.5
454657,0.5
454658,0.5
454659,0.5
454660,0.5
454661,0.5
454662,0.5
454663,0.5
454664,0.5
454665,0.5
454666,0.5
454667,0.5
454668,0.5
454669,0.5
454670,0.5
454671,0.5
454672,0.5
454673,0.5
454674,0.5
454675,0.5
454676,0.5
454677,0.5
454678,0.5
454679,0.5
454680,0.5
454681,0.5
454682,0.5
454683,0.5
454684,0.5
454685,0.5
454686,0.5
454687,0.5
454688,0.5
454689,0.5
454690,0.5
454691,0.5
454692,0.5
454693,0.5
454694,0.5
454695,0.5
454696,0.5
454697,0.5
454698,0.5
454699,0.5
454700,0.5
454701,0.5
454702,0.5
454703,0.5
454704,0.5
454705,0.5
454706,0.5
454707,0.5
454708,0.5
454709,0.5
454710,0.5
454711,0.5
454712,0.5
454713,0.5
454714,0.5
454715,0.5
454716,0.5
454717,0.5
454718,0.5
454719,0.5
454720,0.5
454721,0.5
454722,0.5
454723,0.5
454724,0.5
454725,0.5
454726,0.5
454727,0.5
454728,0.5
454729,0.5
454730,0.5
454731,0.5
454732,0.5
454733,0.5
454734,0.5
454735,0.5
454736,0.5
454737,0.5
454738,0.5
454739,0.5
454740,0.5
454741,0.5
454742,0.5
454743,0.5
454744,0.5
454745,0.5
454746,0.5
454747,0.5
454748,0.5
454749,0.5
454750,0.5
454751,0.5
454752,0.5
454753,0.5
454754,0.5
454755,0.5
454756,0.5
454757,0.5
454758,0.5
454759,0.5
454760,0.5
454761,0.5
454762,0.5
454763,0.5
454764,0.5
454765,0.5
454766,0.5
454767,0.5
454768,0.5
454769,0.5
454770,0.5
454771,0.5
454772,0.5
454773,0.5
454774,0.5
454775,0.5
454776,0.5
454777,0.5
454778,0.5
454779,0.5
454780,0.5
454781,0.5
454782,0.5
454783,0.5
454784,0.5
454785,0.5
454786,0.5
454787,0.5
454788,0.5
454789,0.5
454790,0.5
454791,0.5
454792,0.5
454793,0.5
454794,0.5
454795,0.5
454796,0.5
454797,0.5
454798,0.5
454799,0.5
454800,0.5
454801,0.5
454802,0.5
454803,0.5
454804,0.5
454805,0.5
454806,0.5
454807,0.5
454808,0.5
454809,0.5
454810,0.5
454811,0.5
454812,0.5
454813,0.5
454814,0.5
454815,0.5
454816,0.5
454817,0.5
454818,0.5
454819,0.5
454820,0.5
454821,0.5
454822,0.5
454823,0.5
454824,0.5
454825,0.5
454826,0.5
454827,0.5
454828,0.5
454829,0.5
454830,0.5
454831,0.5
454832,0.5
454833,0.5
454834,0.5
454835,0.5
454836,0.5
454837,0.5
454838,0.5
454839,0.5
454840,0.5
454841,0.5
454842,0.5
454843,0.5
454844,0.5
454845,0.5
454846,0.5
454847,0.5
454848,0.5
454849,0.5
454850,0.5
454851,0.5
454852,0.5
454853,0.5
454854,0.5
454855,0.5
454856,0.5
454857,0.5
454858,0.5
454859,0.5
454860,0.5
454861,0.5
454862,0.5
454863,0.5
454864,0.5
454865,0.5
454866,0.5
454867,0.5
454868,0.5
454869,0.5
454870,0.5
454871,0.5
454872,0.5
454873,0.5
454874,0.5
454875,0.5
454876,0.5
454877,0.5
454878,0.5
454879,0.5
454880,0.5
454881,0.5
454882,0.5
454883,0.5
454884,0.5
454885,0.5
454886,0.5
454887,0.5
454888,0.5
454889,0.5
454890,0.5
454891,0.5
454892,0.5
454893,0.5
454894,0.5
454895,0.5
454896,0.5
454897,0.5
454898,0.5
454899,0.5
454900,0.5
454901,0.5
454902,0.5
454903,0.5
454904,0.5
454905,0.5
454906,0.5
454907,0.5
454908,0.5
454909,0.5
454910,0.5
454911,0.5
454912,0.5
454913,0.5
454914,0.5
454915,0.5
454916,0.5
454917,0.5
454918,0.5
454919,0.5
454920,0.5
454921,0.5
454922,0.5
454923,0.5
454924,0.5
454925,0.5
454926,0.5
454927,0.5
454928,0.5
454929,0.5
454930,0.5
454931,0.5
454932,0.5
454933,0.5
454934,0.5
454935,0.5
454936,0.5
454937,0.5
454938,0.5
454939,0.5
454940,0.5
454941,0.5
454942,0.5
454943,0.5
454944,0.5
454945,0.5
454946,0.5
454947,0.5
454948,0.5
454949,0.5
454950,0.5
454951,0.5
454952,0.5
454953,0.5
454954,0.5
454955,0.5
454956,0.5
454957,0.5
454958,0.5
454959,0.5
454960,0.5
454961,0.5
454962,0.5
454963,0.5
454964,0.5
454965,0.5
454966,0.5
454967,0.5
454968,0.5
454969,0.5
454970,0.5
454971,0.5
454972,0.5
454973,0.5
454974,0.5
454975,0.5
454976,0.5
454977,0.5
454978,0.5
454979,0.5
454980,0.5
454981,0.5
454982,0.5
454983,0.5
454984,0.5
454985,0.5
454986,0.5
454987,0.5
454988,0.5
454989,0.5
454990,0.5
454991,0.5
454992,0.5
454993,0.5
454994,0.5
454995,0.5
454996,0.5
454997,0.5
454998,0.5
454999,0.5
455000,0.5
455001,0.5
455002,0.5
455003,0.5
455004,0.5
455005,0.5
455006,0.5
455007,0.5
455008,0.5
455009,0.5
455010,0.5
455011,0.5
455012,0.5
455013,0.5
455014,0.5
455015,0.5
455016,0.5
455017,0.5
455018,0.5
455019,0.5
455020,0.5
455021,0.5
455022,0.5
455023,0.5
455024,0.5
455025,0.5
455026,0.5
455027,0.5
455028,0.5
455029,0.5
455030,0.5
455031,0.5
455032,0.5
455033,0.5
455034,0.5
455035,0.5
455036,0.5
455037,0.5
455038,0.5
455039,0.5
455040,0.5
455041,0.5
455042,0.5
455043,0.5
455044,0.5
455045,0.5
455046,0.5
455047,0.5
455048,0.5
455049,0.5
455050,0.5
455051,0.5
455052,0.5
455053,0.5
455054,0.5
455055,0.5
455056,0.5
455057,0.5
455058,0.5
455059,0.5
455060,0.5
455061,0.5
455062,0.5
455063,0.5
455064,0.5
455065,0.5
455066,0.5
455067,0.5
455068,0.5
455069,0.5
455070,0.5
455071,0.5
455072,0.5
455073,0.5
455074,0.5
455075,0.5
455076,0.5
455077,0.5
455078,0.5
455079,0.5
455080,0.5
455081,0.5
455082,0.5
455083,0.5
455084,0.5
455085,0.5
455086,0.5
455087,0.5
455088,0.5
455089,0.5
455090,0.5
455091,0.5
455092,0.5
455093,0.5
455094,0.5
455095,0.5
455096,0.5
455097,0.5
455098,0.5
455099,0.5
455100,0.5
455101,0.5
455102,0.5
455103,0.5
455104,0.5
455105,0.5
455106,0.5
455107,0.5
455108,0.5
455109,0.5
455110,0.5
455111,0.5
455112,0.5
455113,0.5
455114,0.5
455115,0.5
455116,0.5
455117,0.5
455118,0.5
455119,0.5
455120,0.5
455121,0.5
455122,0.5
455123,0.5
455124,0.5
455125,0.5
455126,0.5
455127,0.5
455128,0.5
455129,0.5
455130,0.5
455131,0.5
455132,0.5
455133,0.5
455134,0.5
455135,0.5
455136,0.5
455137,0.5
455138,0.5
455139,0.5
455140,0.5
455141,0.5
455142,0.5
455143,0.5
455144,0.5
455145,0.5
455146,0.5
455147,0.5
455148,0.5
455149,0.5
455150,0.5
455151,0.5
455152,0.5
455153,0.5
455154,0.5
455155,0.5
455156,0.5
455157,0.5
455158,0.5
455159,0.5
455160,0.5
455161,0.5
455162,0.5
455163,0.5
455164,0.5
455165,0.5
455166,0.5
455167,0.5
455168,0.5
455169,0.5
455170,0.5
455171,0.5
455172,0.5
455173,0.5
455174,0.5
455175,0.5
455176,0.5
455177,0.5
455178,0.5
455179,0.5
455180,0.5
455181,0.5
455182,0.5
455183,0.5
455184,0.5
455185,0.5
455186,0.5
455187,0.5
455188,0.5
455189,0.5
455190,0.5
455191,0.5
455192,0.5
455193,0.5
455194,0.5
455195,0.5
455196,0.5
455197,0.5
455198,0.5
455199,0.5
455200,0.5
455201,0.5
455202,0.5
455203,0.5
455204,0.5
455205,0.5
455206,0.5
455207,0.5
455208,0.5
455209,0.5
455210,0.5
455211,0.5
455212,0.5
455213,0.5
455214,0.5
455215,0.5
455216,0.5
455217,0.5
455218,0.5
455219,0.5
455220,0.5
455221,0.5
455222,0.5
455223,0.5
455224,0.5
455225,0.5
455226,0.5
455227,0.5
455228,0.5
455229,0.5
455230,0.5
455231,0.5
455232,0.5
455233,0.5
455234,0.5
455235,0.5
455236,0.5
455237,0.5
455238,0.5
455239,0.5
455240,0.5
455241,0.5
455242,0.5
455243,0.5
455244,0.5
455245,0.5
455246,0.5
455247,0.5
455248,0.5
455249,0.5
455250,0.5
455251,0.5
455252,0.5
455253,0.5
455254,0.5
455255,0.5
455256,0.5
455257,0.5
455258,0.5
455259,0.5
455260,0.5
455261,0.5
455262,0.5
455263,0.5
455264,0.5
455265,0.5
455266,0.5
455267,0.5
455268,0.5
455269,0.5
455270,0.5
455271,0.5
455272,0.5
455273,0.5
455274,0.5
455275,0.5
455276,0.5
455277,0.5
455278,0.5
455279,0.5
455280,0.5
455281,0.5
455282,0.5
455283,0.5
455284,0.5
455285,0.5
455286,0.5
455287,0.5
455288,0.5
455289,0.5
455290,0.5
455291,0.5
455292,0.5
455293,0.5
455294,0.5
455295,0.5
455296,0.5
455297,0.5
455298,0.5
455299,0.5
455300,0.5
455301,0.5
455302,0.5
455303,0.5
455304,0.5
455305,0.5
455306,0.5
455307,0.5
455308,0.5
455309,0.5
455310,0.5
455311,0.5
455312,0.5
455313,0.5
455314,0.5
455315,0.5
455316,0.5
455317,0.5
455318,0.5
455319,0.5
455320,0.5
455321,0.5
455322,0.5
455323,0.5
455324,0.5
455325,0.5
455326,0.5
455327,0.5
455328,0.5
455329,0.5
455330,0.5
455331,0.5
455332,0.5
455333,0.5
455334,0.5
455335,0.5
455336,0.5
455337,0.5
455338,0.5
455339,0.5
455340,0.5
455341,0.5
455342,0.5
455343,0.5
455344,0.5
455345,0.5
455346,0.5
455347,0.5
455348,0.5
455349,0.5
455350,0.5
455351,0.5
455352,0.5
455353,0.5
455354,0.5
455355,0.5
455356,0.5
455357,0.5
455358,0.5
455359,0.5
455360,0.5
455361,0.5
455362,0.5
455363,0.5
455364,0.5
455365,0.5
455366,0.5
455367,0.5
455368,0.5
455369,0.5
455370,0.5
455371,0.5
455372,0.5
455373,0.5
455374,0.5
455375,0.5
455376,0.5
455377,0.5
455378,0.5
455379,0.5
455380,0.5
455381,0.5
455382,0.5
455383,0.5
455384,0.5
455385,0.5
455386,0.5
455387,0.5
455388,0.5
455389,0.5
455390,0.5
455391,0.5
455392,0.5
455393,0.5
455394,0.5
455395,0.5
455396,0.5
455397,0.5
455398,0.5
455399,0.5
455400,0.5
455401,0.5
455402,0.5
455403,0.5
455404,0.5
455405,0.5
455406,0.5
455407,0.5
455408,0.5
455409,0.5
455410,0.5
455411,0.5
455412,0.5
455413,0.5
455414,0.5
455415,0.5
455416,0.5
455417,0.5
455418,0.5
455419,0.5
455420,0.5
455421,0.5
455422,0.5
455423,0.5
455424,0.5
455425,0.5
455426,0.5
455427,0.5
455428,0.5
455429,0.5
455430,0.5
455431,0.5
455432,0.5
455433,0.5
455434,0.5
455435,0.5
455436,0.5
455437,0.5
455438,0.5
455439,0.5
455440,0.5
455441,0.5
455442,0.5
455443,0.5
455444,0.5
455445,0.5
455446,0.5
455447,0.5
455448,0.5
455449,0.5
455450,0.5
455451,0.5
455452,0.5
455453,0.5
455454,0.5
455455,0.5
455456,0.5
455457,0.5
455458,0.5
455459,0.5
455460,0.5
455461,0.5
455462,0.5
455463,0.5
455464,0.5
455465,0.5
455466,0.5
455467,0.5
455468,0.5
455469,0.5
455470,0.5
455471,0.5
455472,0.5
455473,0.5
455474,0.5
455475,0.5
455476,0.5
455477,0.5
455478,0.5
455479,0.5
455480,0.5
455481,0.5
455482,0.5
455483,0.5
455484,0.5
455485,0.5
455486,0.5
455487,0.5
455488,0.5
455489,0.5
455490,0.5
455491,0.5
455492,0.5
455493,0.5
455494,0.5
455495,0.5
455496,0.5
455497,0.5
455498,0.5
455499,0.5
455500,0.5
455501,0.5
455502,0.5
455503,0.5
455504,0.5
455505,0.5
455506,0.5
455507,0.5
455508,0.5
455509,0.5
455510,0.5
455511,0.5
455512,0.5
455513,0.5
455514,0.5
455515,0.5
455516,0.5
455517,0.5
455518,0.5
455519,0.5
455520,0.5
455521,0.5
455522,0.5
455523,0.5
455524,0.5
455525,0.5
455526,0.5
455527,0.5
455528,0.5
455529,0.5
455530,0.5
455531,0.5
455532,0.5
455533,0.5
455534,0.5
455535,0.5
455536,0.5
455537,0.5
455538,0.5
455539,0.5
455540,0.5
455541,0.5
455542,0.5
455543,0.5
455544,0.5
455545,0.5
455546,0.5
455547,0.5
455548,0.5
455549,0.5
455550,0.5
455551,0.5
455552,0.5
455553,0.5
455554,0.5
455555,0.5
455556,0.5
455557,0.5
455558,0.5
455559,0.5
455560,0.5
455561,0.5
455562,0.5
455563,0.5
455564,0.5
455565,0.5
455566,0.5
455567,0.5
455568,0.5
455569,0.5
455570,0.5
455571,0.5
455572,0.5
455573,0.5
455574,0.5
455575,0.5
455576,0.5
455577,0.5
455578,0.5
455579,0.5
455580,0.5
455581,0.5
455582,0.5
455583,0.5
455584,0.5
455585,0.5
455586,0.5
455587,0.5
455588,0.5
455589,0.5
455590,0.5
455591,0.5
455592,0.5
455593,0.5
455594,0.5
455595,0.5
455596,0.5
455597,0.5
455598,0.5
455599,0.5
455600,0.5
455601,0.5
455602,0.5
455603,0.5
455604,0.5
455605,0.5
455606,0.5
455607,0.5
455608,0.5
455609,0.5
455610,0.5
455611,0.5
455612,0.5
455613,0.5
455614,0.5
455615,0.5
455616,0.5
455617,0.5
455618,0.5
455619,0.5
455620,0.5
455621,0.5
455622,0.5
455623,0.5
455624,0.5
455625,0.5
455626,0.5
455627,0.5
455628,0.5
455629,0.5
455630,0.5
455631,0.5
455632,0.5
455633,0.5
455634,0.5
455635,0.5
455636,0.5
455637,0.5
455638,0.5
455639,0.5
455640,0.5
455641,0.5
455642,0.5
455643,0.5
455644,0.5
455645,0.5
455646,0.5
455647,0.5
455648,0.5
455649,0.5
455650,0.5
455651,0.5
455652,0.5
455653,0.5
455654,0.5
455655,0.5
455656,0.5
455657,0.5
455658,0.5
455659,0.5
455660,0.5
455661,0.5
455662,0.5
455663,0.5
455664,0.5
455665,0.5
455666,0.5
455667,0.5
455668,0.5
455669,0.5
455670,0.5
455671,0.5
455672,0.5
455673,0.5
455674,0.5
455675,0.5
455676,0.5
455677,0.5
455678,0.5
455679,0.5
455680,0.5
455681,0.5
455682,0.5
455683,0.5
455684,0.5
455685,0.5
455686,0.5
455687,0.5
455688,0.5
455689,0.5
455690,0.5
455691,0.5
455692,0.5
455693,0.5
455694,0.5
455695,0.5
455696,0.5
455697,0.5
455698,0.5
455699,0.5
455700,0.5
455701,0.5
455702,0.5
455703,0.5
455704,0.5
455705,0.5
455706,0.5
455707,0.5
455708,0.5
455709,0.5
455710,0.5
455711,0.5
455712,0.5
455713,0.5
455714,0.5
455715,0.5
455716,0.5
455717,0.5
455718,0.5
455719,0.5
455720,0.5
455721,0.5
455722,0.5
455723,0.5
455724,0.5
455725,0.5
455726,0.5
455727,0.5
455728,0.5
455729,0.5
455730,0.5
455731,0.5
455732,0.5
455733,0.5
455734,0.5
455735,0.5
455736,0.5
455737,0.5
455738,0.5
455739,0.5
455740,0.5
455741,0.5
455742,0.5
455743,0.5
455744,0.5
455745,0.5
455746,0.5
455747,0.5
455748,0.5
455749,0.5
455750,0.5
455751,0.5
455752,0.5
455753,0.5
455754,0.5
455755,0.5
455756,0.5
455757,0.5
455758,0.5
455759,0.5
455760,0.5
455761,0.5
455762,0.5
455763,0.5
455764,0.5
455765,0.5
455766,0.5
455767,0.5
455768,0.5
455769,0.5
455770,0.5
455771,0.5
455772,0.5
455773,0.5
455774,0.5
455775,0.5
455776,0.5
455777,0.5
455778,0.5
455779,0.5
455780,0.5
455781,0.5
455782,0.5
455783,0.5
455784,0.5
455785,0.5
455786,0.5
455787,0.5
455788,0.5
455789,0.5
455790,0.5
455791,0.5
455792,0.5
455793,0.5
455794,0.5
455795,0.5
455796,0.5
455797,0.5
455798,0.5
455799,0.5
455800,0.5
455801,0.5
455802,0.5
455803,0.5
455804,0.5
455805,0.5
455806,0.5
455807,0.5
455808,0.5
455809,0.5
455810,0.5
455811,0.5
455812,0.5
455813,0.5
455814,0.5
455815,0.5
455816,0.5
455817,0.5
455818,0.5
455819,0.5
455820,0.5
455821,0.5
455822,0.5
455823,0.5
455824,0.5
455825,0.5
455826,0.5
455827,0.5
455828,0.5
455829,0.5
455830,0.5
455831,0.5
455832,0.5
455833,0.5
455834,0.5
455835,0.5
455836,0.5
455837,0.5
455838,0.5
455839,0.5
455840,0.5
455841,0.5
455842,0.5
455843,0.5
455844,0.5
455845,0.5
455846,0.5
455847,0.5
455848,0.5
455849,0.5
455850,0.5
455851,0.5
455852,0.5
455853,0.5
455854,0.5
455855,0.5
455856,0.5
455857,0.5
455858,0.5
455859,0.5
455860,0.5
455861,0.5
455862,0.5
455863,0.5
455864,0.5
455865,0.5
455866,0.5
455867,0.5
455868,0.5
455869,0.5
455870,0.5
455871,0.5
455872,0.5
455873,0.5
455874,0.5
455875,0.5
455876,0.5
455877,0.5
455878,0.5
455879,0.5
455880,0.5
455881,0.5
455882,0.5
455883,0.5
455884,0.5
455885,0.5
455886,0.5
455887,0.5
455888,0.5
455889,0.5
455890,0.5
455891,0.5
455892,0.5
455893,0.5
455894,0.5
455895,0.5
455896,0.5
455897,0.5
455898,0.5
455899,0.5
455900,0.5
455901,0.5
455902,0.5
455903,0.5
455904,0.5
455905,0.5
455906,0.5
455907,0.5
455908,0.5
455909,0.5
455910,0.5
455911,0.5
455912,0.5
455913,0.5
455914,0.5
455915,0.5
455916,0.5
455917,0.5
455918,0.5
455919,0.5
455920,0.5
455921,0.5
455922,0.5
455923,0.5
455924,0.5
455925,0.5
455926,0.5
455927,0.5
455928,0.5
455929,0.5
455930,0.5
455931,0.5
455932,0.5
455933,0.5
455934,0.5
455935,0.5
455936,0.5
455937,0.5
455938,0.5
455939,0.5
455940,0.5
455941,0.5
455942,0.5
455943,0.5
455944,0.5
455945,0.5
455946,0.5
455947,0.5
455948,0.5
455949,0.5
455950,0.5
455951,0.5
455952,0.5
455953,0.5
455954,0.5
455955,0.5
455956,0.5
455957,0.5
455958,0.5
455959,0.5
455960,0.5
455961,0.5
455962,0.5
455963,0.5
455964,0.5
455965,0.5
455966,0.5
455967,0.5
455968,0.5
455969,0.5
455970,0.5
455971,0.5
455972,0.5
455973,0.5
455974,0.5
455975,0.5
455976,0.5
455977,0.5
455978,0.5
455979,0.5
455980,0.5
455981,0.5
455982,0.5
455983,0.5
455984,0.5
455985,0.5
455986,0.5
455987,0.5
455988,0.5
455989,0.5
455990,0.5
455991,0.5
455992,0.5
455993,0.5
455994,0.5
455995,0.5
455996,0.5
455997,0.5
455998,0.5
455999,0.5
456000,0.5
456001,0.5
456002,0.5
456003,0.5
456004,0.5
456005,0.5
456006,0.5
456007,0.5
456008,0.5
456009,0.5
456010,0.5
456011,0.5
456012,0.5
456013,0.5
456014,0.5
456015,0.5
456016,0.5
456017,0.5
456018,0.5
456019,0.5
456020,0.5
456021,0.5
456022,0.5
456023,0.5
456024,0.5
456025,0.5
456026,0.5
456027,0.5
456028,0.5
456029,0.5
456030,0.5
456031,0.5
456032,0.5
456033,0.5
456034,0.5
456035,0.5
456036,0.5
456037,0.5
456038,0.5
456039,0.5
456040,0.5
456041,0.5
456042,0.5
456043,0.5
456044,0.5
456045,0.5
456046,0.5
456047,0.5
456048,0.5
456049,0.5
456050,0.5
456051,0.5
456052,0.5
456053,0.5
456054,0.5
456055,0.5
456056,0.5
456057,0.5
456058,0.5
456059,0.5
456060,0.5
456061,0.5
456062,0.5
456063,0.5
456064,0.5
456065,0.5
456066,0.5
456067,0.5
456068,0.5
456069,0.5
456070,0.5
456071,0.5
456072,0.5
456073,0.5
456074,0.5
456075,0.5
456076,0.5
456077,0.5
456078,0.5
456079,0.5
456080,0.5
456081,0.5
456082,0.5
456083,0.5
456084,0.5
456085,0.5
456086,0.5
456087,0.5
456088,0.5
456089,0.5
456090,0.5
456091,0.5
456092,0.5
456093,0.5
456094,0.5
456095,0.5
456096,0.5
456097,0.5
456098,0.5
456099,0.5
456100,0.5
456101,0.5
456102,0.5
456103,0.5
456104,0.5
456105,0.5
456106,0.5
456107,0.5
456108,0.5
456109,0.5
456110,0.5
456111,0.5
456112,0.5
456113,0.5
456114,0.5
456115,0.5
456116,0.5
456117,0.5
456118,0.5
456119,0.5
456120,0.5
456121,0.5
456122,0.5
456123,0.5
456124,0.5
456125,0.5
456126,0.5
456127,0.5
456128,0.5
456129,0.5
456130,0.5
456131,0.5
456132,0.5
456133,0.5
456134,0.5
456135,0.5
456136,0.5
456137,0.5
456138,0.5
456139,0.5
456140,0.5
456141,0.5
456142,0.5
456143,0.5
456144,0.5
456145,0.5
456146,0.5
456147,0.5
456148,0.5
456149,0.5
456150,0.5
456151,0.5
456152,0.5
456153,0.5
456154,0.5
456155,0.5
456156,0.5
456157,0.5
456158,0.5
456159,0.5
456160,0.5
456161,0.5
456162,0.5
456163,0.5
456164,0.5
456165,0.5
456166,0.5
456167,0.5
456168,0.5
456169,0.5
456170,0.5
456171,0.5
456172,0.5
456173,0.5
456174,0.5
456175,0.5
456176,0.5
456177,0.5
456178,0.5
456179,0.5
456180,0.5
456181,0.5
456182,0.5
456183,0.5
456184,0.5
456185,0.5
456186,0.5
456187,0.5
456188,0.5
456189,0.5
456190,0.5
456191,0.5
456192,0.5
456193,0.5
456194,0.5
456195,0.5
456196,0.5
456197,0.5
456198,0.5
456199,0.5
456200,0.5
456201,0.5
456202,0.5
456203,0.5
456204,0.5
456205,0.5
456206,0.5
456207,0.5
456208,0.5
456209,0.5
456210,0.5
456211,0.5
456212,0.5
456213,0.5
456214,0.5
456215,0.5
456216,0.5
456217,0.5
456218,0.5
456219,0.5
456220,0.5
456221,0.5
456222,0.5
456223,0.5
456224,0.5
456225,0.5
456226,0.5
456227,0.5
456228,0.5
456229,0.5
456230,0.5
456231,0.5
456232,0.5
456233,0.5
456234,0.5
456235,0.5
456236,0.5
456237,0.5
456238,0.5
456239,0.5
456240,0.5
456241,0.5
456242,0.5
456243,0.5
456244,0.5
456245,0.5
456246,0.5
456247,0.5
456248,0.5
456249,0.5
456250,0.5
456251,0.5
456252,0.5
456253,0.5
456254,0.5
456255,0.5
456256,0.5
456257,0.5
456258,0.5
456259,0.5
456260,0.5
456261,0.5
456262,0.5
456263,0.5
456264,0.5
456265,0.5
456266,0.5
456267,0.5
456268,0.5
456269,0.5
456270,0.5
456271,0.5
456272,0.5
456273,0.5
456274,0.5
456275,0.5
456276,0.5
456277,0.5
456278,0.5
456279,0.5
456280,0.5
456281,0.5
456282,0.5
456283,0.5
456284,0.5
456285,0.5
456286,0.5
456287,0.5
456288,0.5
456289,0.5
456290,0.5
456291,0.5
456292,0.5
456293,0.5
456294,0.5
456295,0.5
456296,0.5
456297,0.5
456298,0.5
456299,0.5
456300,0.5
456301,0.5
456302,0.5
456303,0.5
456304,0.5
456305,0.5
456306,0.5
456307,0.5
456308,0.5
456309,0.5
456310,0.5
456311,0.5
456312,0.5
456313,0.5
456314,0.5
456315,0.5
456316,0.5
456317,0.5
456318,0.5
456319,0.5
456320,0.5
456321,0.5
456322,0.5
456323,0.5
456324,0.5
456325,0.5
456326,0.5
456327,0.5
456328,0.5
456329,0.5
456330,0.5
456331,0.5
456332,0.5
456333,0.5
456334,0.5
456335,0.5
456336,0.5
456337,0.5
456338,0.5
456339,0.5
456340,0.5
456341,0.5
456342,0.5
456343,0.5
456344,0.5
456345,0.5
456346,0.5
456347,0.5
456348,0.5
456349,0.5
456350,0.5
456351,0.5
456352,0.5
456353,0.5
456354,0.5
456355,0.5
456356,0.5
456357,0.5
456358,0.5
456359,0.5
456360,0.5
456361,0.5
456362,0.5
456363,0.5
456364,0.5
456365,0.5
456366,0.5
456367,0.5
456368,0.5
456369,0.5
456370,0.5
456371,0.5
456372,0.5
456373,0.5
456374,0.5
456375,0.5
456376,0.5
456377,0.5
456378,0.5
456379,0.5
456380,0.5
456381,0.5
456382,0.5
456383,0.5
456384,0.5
456385,0.5
456386,0.5
456387,0.5
456388,0.5
456389,0.5
456390,0.5
456391,0.5
456392,0.5
456393,0.5
456394,0.5
456395,0.5
456396,0.5
456397,0.5
456398,0.5
456399,0.5
456400,0.5
456401,0.5
456402,0.5
456403,0.5
456404,0.5
456405,0.5
456406,0.5
456407,0.5
456408,0.5
456409,0.5
456410,0.5
456411,0.5
456412,0.5
456413,0.5
456414,0.5
456415,0.5
456416,0.5
456417,0.5
456418,0.5
456419,0.5
456420,0.5
456421,0.5
456422,0.5
456423,0.5
456424,0.5
456425,0.5
456426,0.5
456427,0.5
456428,0.5
456429,0.5
456430,0.5
456431,0.5
456432,0.5
456433,0.5
456434,0.5
456435,0.5
456436,0.5
456437,0.5
456438,0.5
456439,0.5
456440,0.5
456441,0.5
456442,0.5
456443,0.5
456444,0.5
456445,0.5
456446,0.5
456447,0.5
456448,0.5
456449,0.5
456450,0.5
456451,0.5
456452,0.5
456453,0.5
456454,0.5
456455,0.5
456456,0.5
456457,0.5
456458,0.5
456459,0.5
456460,0.5
456461,0.5
456462,0.5
456463,0.5
456464,0.5
456465,0.5
456466,0.5
456467,0.5
456468,0.5
456469,0.5
456470,0.5
456471,0.5
456472,0.5
456473,0.5
456474,0.5
456475,0.5
456476,0.5
456477,0.5
456478,0.5
456479,0.5
456480,0.5
456481,0.5
456482,0.5
456483,0.5
456484,0.5
456485,0.5
456486,0.5
456487,0.5
456488,0.5
456489,0.5
456490,0.5
456491,0.5
456492,0.5
456493,0.5
456494,0.5
456495,0.5
456496,0.5
456497,0.5
456498,0.5
456499,0.5
456500,0.5
456501,0.5
456502,0.5
456503,0.5
456504,0.5
456505,0.5
456506,0.5
456507,0.5
456508,0.5
456509,0.5
456510,0.5
456511,0.5
456512,0.5
456513,0.5
456514,0.5
456515,0.5
456516,0.5
456517,0.5
456518,0.5
456519,0.5
456520,0.5
456521,0.5
456522,0.5
456523,0.5
456524,0.5
456525,0.5
456526,0.5
456527,0.5
456528,0.5
456529,0.5
456530,0.5
456531,0.5
456532,0.5
456533,0.5
456534,0.5
456535,0.5
456536,0.5
456537,0.5
456538,0.5
456539,0.5
456540,0.5
456541,0.5
456542,0.5
456543,0.5
456544,0.5
456545,0.5
456546,0.5
456547,0.5
456548,0.5
456549,0.5
456550,0.5
456551,0.5
456552,0.5
456553,0.5
456554,0.5
456555,0.5
456556,0.5
456557,0.5
456558,0.5
456559,0.5
456560,0.5
456561,0.5
456562,0.5
456563,0.5
456564,0.5
456565,0.5
456566,0.5
456567,0.5
456568,0.5
456569,0.5
456570,0.5
456571,0.5
456572,0.5
456573,0.5
456574,0.5
456575,0.5
456576,0.5
456577,0.5
456578,0.5
456579,0.5
456580,0.5
456581,0.5
456582,0.5
456583,0.5
456584,0.5
456585,0.5
456586,0.5
456587,0.5
456588,0.5
456589,0.5
456590,0.5
456591,0.5
456592,0.5
456593,0.5
456594,0.5
456595,0.5
456596,0.5
456597,0.5
456598,0.5
456599,0.5
456600,0.5
456601,0.5
456602,0.5
456603,0.5
456604,0.5
456605,0.5
456606,0.5
456607,0.5
456608,0.5
456609,0.5
456610,0.5
456611,0.5
456612,0.5
456613,0.5
456614,0.5
456615,0.5
456616,0.5
456617,0.5
456618,0.5
456619,0.5
456620,0.5
456621,0.5
456622,0.5
456623,0.5
456624,0.5
456625,0.5
456626,0.5
456627,0.5
456628,0.5
456629,0.5
456630,0.5
456631,0.5
456632,0.5
456633,0.5
456634,0.5
456635,0.5
456636,0.5
456637,0.5
456638,0.5
456639,0.5
456640,0.5
456641,0.5
456642,0.5
456643,0.5
456644,0.5
456645,0.5
456646,0.5
456647,0.5
456648,0.5
456649,0.5
456650,0.5
456651,0.5
456652,0.5
456653,0.5
456654,0.5
456655,0.5
456656,0.5
456657,0.5
456658,0.5
456659,0.5
456660,0.5
456661,0.5
456662,0.5
456663,0.5
456664,0.5
456665,0.5
456666,0.5
456667,0.5
456668,0.5
456669,0.5
456670,0.5
456671,0.5
456672,0.5
456673,0.5
456674,0.5
456675,0.5
456676,0.5
456677,0.5
456678,0.5
456679,0.5
456680,0.5
456681,0.5
456682,0.5
456683,0.5
456684,0.5
456685,0.5
456686,0.5
456687,0.5
456688,0.5
456689,0.5
456690,0.5
456691,0.5
456692,0.5
456693,0.5
456694,0.5
456695,0.5
456696,0.5
456697,0.5
456698,0.5
456699,0.5
456700,0.5
456701,0.5
456702,0.5
456703,0.5
456704,0.5
456705,0.5
456706,0.5
456707,0.5
456708,0.5
456709,0.5
456710,0.5
456711,0.5
456712,0.5
456713,0.5
456714,0.5
456715,0.5
456716,0.5
456717,0.5
456718,0.5
456719,0.5
456720,0.5
456721,0.5
456722,0.5
456723,0.5
456724,0.5
456725,0.5
456726,0.5
456727,0.5
456728,0.5
456729,0.5
456730,0.5
456731,0.5
456732,0.5
456733,0.5
456734,0.5
456735,0.5
456736,0.5
456737,0.5
456738,0.5
456739,0.5
456740,0.5
456741,0.5
456742,0.5
456743,0.5
456744,0.5
456745,0.5
456746,0.5
456747,0.5
456748,0.5
456749,0.5
456750,0.5
456751,0.5
456752,0.5
456753,0.5
456754,0.5
456755,0.5
456756,0.5
456757,0.5
456758,0.5
456759,0.5
456760,0.5
456761,0.5
456762,0.5
456763,0.5
456764,0.5
456765,0.5
456766,0.5
456767,0.5
456768,0.5
456769,0.5
456770,0.5
456771,0.5
456772,0.5
456773,0.5
456774,0.5
456775,0.5
456776,0.5
456777,0.5
456778,0.5
456779,0.5
456780,0.5
456781,0.5
456782,0.5
456783,0.5
456784,0.5
456785,0.5
456786,0.5
456787,0.5
456788,0.5
456789,0.5
456790,0.5
456791,0.5
456792,0.5
456793,0.5
456794,0.5
456795,0.5
456796,0.5
456797,0.5
456798,0.5
456799,0.5
456800,0.5
456801,0.5
456802,0.5
456803,0.5
456804,0.5
456805,0.5
456806,0.5
456807,0.5
456808,0.5
456809,0.5
456810,0.5
456811,0.5
456812,0.5
456813,0.5
456814,0.5
456815,0.5
456816,0.5
456817,0.5
456818,0.5
456819,0.5
456820,0.5
456821,0.5
456822,0.5
456823,0.5
456824,0.5
456825,0.5
456826,0.5
456827,0.5
456828,0.5
456829,0.5
456830,0.5
456831,0.5
456832,0.5
456833,0.5
456834,0.5
456835,0.5
456836,0.5
456837,0.5
456838,0.5
456839,0.5
456840,0.5
456841,0.5
456842,0.5
456843,0.5
456844,0.5
456845,0.5
456846,0.5
456847,0.5
456848,0.5
456849,0.5
456850,0.5
456851,0.5
456852,0.5
456853,0.5
456854,0.5
456855,0.5
456856,0.5
456857,0.5
456858,0.5
456859,0.5
456860,0.5
456861,0.5
456862,0.5
456863,0.5
456864,0.5
456865,0.5
456866,0.5
456867,0.5
456868,0.5
456869,0.5
456870,0.5
456871,0.5
456872,0.5
456873,0.5
456874,0.5
456875,0.5
456876,0.5
456877,0.5
456878,0.5
456879,0.5
456880,0.5
456881,0.5
456882,0.5
456883,0.5
456884,0.5
456885,0.5
456886,0.5
456887,0.5
456888,0.5
456889,0.5
456890,0.5
456891,0.5
456892,0.5
456893,0.5
456894,0.5
456895,0.5
456896,0.5
456897,0.5
456898,0.5
456899,0.5
456900,0.5
456901,0.5
456902,0.5
456903,0.5
456904,0.5
456905,0.5
456906,0.5
456907,0.5
456908,0.5
456909,0.5
456910,0.5
456911,0.5
456912,0.5
456913,0.5
456914,0.5
456915,0.5
456916,0.5
456917,0.5
456918,0.5
456919,0.5
456920,0.5
456921,0.5
456922,0.5
456923,0.5
456924,0.5
456925,0.5
456926,0.5
456927,0.5
456928,0.5
456929,0.5
456930,0.5
456931,0.5
456932,0.5
456933,0.5
456934,0.5
456935,0.5
456936,0.5
456937,0.5
456938,0.5
456939,0.5
456940,0.5
456941,0.5
456942,0.5
456943,0.5
456944,0.5
456945,0.5
456946,0.5
456947,0.5
456948,0.5
456949,0.5
456950,0.5
456951,0.5
456952,0.5
456953,0.5
456954,0.5
456955,0.5
456956,0.5
456957,0.5
456958,0.5
456959,0.5
456960,0.5
456961,0.5
456962,0.5
456963,0.5
456964,0.5
456965,0.5
456966,0.5
456967,0.5
456968,0.5
456969,0.5
456970,0.5
456971,0.5
456972,0.5
456973,0.5
456974,0.5
456975,0.5
456976,0.5
456977,0.5
456978,0.5
456979,0.5
456980,0.5
456981,0.5
456982,0.5
456983,0.5
456984,0.5
456985,0.5
456986,0.5
456987,0.5
456988,0.5
456989,0.5
456990,0.5
456991,0.5
456992,0.5
456993,0.5
456994,0.5
456995,0.5
456996,0.5
456997,0.5
456998,0.5
456999,0.5
457000,0.5
457001,0.5
457002,0.5
457003,0.5
457004,0.5
457005,0.5
457006,0.5
457007,0.5
457008,0.5
457009,0.5
457010,0.5
457011,0.5
457012,0.5
457013,0.5
457014,0.5
457015,0.5
457016,0.5
457017,0.5
457018,0.5
457019,0.5
457020,0.5
457021,0.5
457022,0.5
457023,0.5
457024,0.5
457025,0.5
457026,0.5
457027,0.5
457028,0.5
457029,0.5
457030,0.5
457031,0.5
457032,0.5
457033,0.5
457034,0.5
457035,0.5
457036,0.5
457037,0.5
457038,0.5
457039,0.5
457040,0.5
457041,0.5
457042,0.5
457043,0.5
457044,0.5
457045,0.5
457046,0.5
457047,0.5
457048,0.5
457049,0.5
457050,0.5
457051,0.5
457052,0.5
457053,0.5
457054,0.5
457055,0.5
457056,0.5
457057,0.5
457058,0.5
457059,0.5
457060,0.5
457061,0.5
457062,0.5
457063,0.5
457064,0.5
457065,0.5
457066,0.5
457067,0.5
457068,0.5
457069,0.5
457070,0.5
457071,0.5
457072,0.5
457073,0.5
457074,0.5
457075,0.5
457076,0.5
457077,0.5
457078,0.5
457079,0.5
457080,0.5
457081,0.5
457082,0.5
457083,0.5
457084,0.5
457085,0.5
457086,0.5
457087,0.5
457088,0.5
457089,0.5
457090,0.5
457091,0.5
457092,0.5
457093,0.5
457094,0.5
457095,0.5
457096,0.5
457097,0.5
457098,0.5
457099,0.5
457100,0.5
457101,0.5
457102,0.5
457103,0.5
457104,0.5
457105,0.5
457106,0.5
457107,0.5
457108,0.5
457109,0.5
457110,0.5
457111,0.5
457112,0.5
457113,0.5
457114,0.5
457115,0.5
457116,0.5
457117,0.5
457118,0.5
457119,0.5
457120,0.5
457121,0.5
457122,0.5
457123,0.5
457124,0.5
457125,0.5
457126,0.5
457127,0.5
457128,0.5
457129,0.5
457130,0.5
457131,0.5
457132,0.5
457133,0.5
457134,0.5
457135,0.5
457136,0.5
457137,0.5
457138,0.5
457139,0.5
457140,0.5
457141,0.5
457142,0.5
457143,0.5
457144,0.5
457145,0.5
457146,0.5
457147,0.5
457148,0.5
457149,0.5
457150,0.5
457151,0.5
457152,0.5
457153,0.5
457154,0.5
457155,0.5
457156,0.5
457157,0.5
457158,0.5
457159,0.5
457160,0.5
457161,0.5
457162,0.5
457163,0.5
457164,0.5
457165,0.5
457166,0.5
457167,0.5
457168,0.5
457169,0.5
457170,0.5
457171,0.5
457172,0.5
457173,0.5
457174,0.5
457175,0.5
457176,0.5
457177,0.5
457178,0.5
457179,0.5
457180,0.5
457181,0.5
457182,0.5
457183,0.5
457184,0.5
457185,0.5
457186,0.5
457187,0.5
457188,0.5
457189,0.5
457190,0.5
457191,0.5
457192,0.5
457193,0.5
457194,0.5
457195,0.5
457196,0.5
457197,0.5
457198,0.5
457199,0.5
457200,0.5
457201,0.5
457202,0.5
457203,0.5
457204,0.5
457205,0.5
457206,0.5
457207,0.5
457208,0.5
457209,0.5
457210,0.5
457211,0.5
457212,0.5
457213,0.5
457214,0.5
457215,0.5
457216,0.5
457217,0.5
457218,0.5
457219,0.5
457220,0.5
457221,0.5
457222,0.5
457223,0.5
457224,0.5
457225,0.5
457226,0.5
457227,0.5
457228,0.5
457229,0.5
457230,0.5
457231,0.5
457232,0.5
457233,0.5
457234,0.5
457235,0.5
457236,0.5
457237,0.5
457238,0.5
457239,0.5
457240,0.5
457241,0.5
457242,0.5
457243,0.5
457244,0.5
457245,0.5
457246,0.5
457247,0.5
457248,0.5
457249,0.5
457250,0.5
457251,0.5
457252,0.5
457253,0.5
457254,0.5
457255,0.5
457256,0.5
457257,0.5
457258,0.5
457259,0.5
457260,0.5
457261,0.5
457262,0.5
457263,0.5
457264,0.5
457265,0.5
457266,0.5
457267,0.5
457268,0.5
457269,0.5
457270,0.5
457271,0.5
457272,0.5
457273,0.5
457274,0.5
457275,0.5
457276,0.5
457277,0.5
457278,0.5
457279,0.5
457280,0.5
457281,0.5
457282,0.5
457283,0.5
457284,0.5
457285,0.5
457286,0.5
457287,0.5
457288,0.5
457289,0.5
457290,0.5
457291,0.5
457292,0.5
457293,0.5
457294,0.5
457295,0.5
457296,0.5
457297,0.5
457298,0.5
457299,0.5
457300,0.5
457301,0.5
457302,0.5
457303,0.5
457304,0.5
457305,0.5
457306,0.5
457307,0.5
457308,0.5
457309,0.5
457310,0.5
457311,0.5
457312,0.5
457313,0.5
457314,0.5
457315,0.5
457316,0.5
457317,0.5
457318,0.5
457319,0.5
457320,0.5
457321,0.5
457322,0.5
457323,0.5
457324,0.5
457325,0.5
457326,0.5
457327,0.5
457328,0.5
457329,0.5
457330,0.5
457331,0.5
457332,0.5
457333,0.5
457334,0.5
457335,0.5
457336,0.5
457337,0.5
457338,0.5
457339,0.5
457340,0.5
457341,0.5
457342,0.5
457343,0.5
457344,0.5
457345,0.5
457346,0.5
457347,0.5
457348,0.5
457349,0.5
457350,0.5
457351,0.5
457352,0.5
457353,0.5
457354,0.5
457355,0.5
457356,0.5
457357,0.5
457358,0.5
457359,0.5
457360,0.5
457361,0.5
457362,0.5
457363,0.5
457364,0.5
457365,0.5
457366,0.5
457367,0.5
457368,0.5
457369,0.5
457370,0.5
457371,0.5
457372,0.5
457373,0.5
457374,0.5
457375,0.5
457376,0.5
457377,0.5
457378,0.5
457379,0.5
457380,0.5
457381,0.5
457382,0.5
457383,0.5
457384,0.5
457385,0.5
457386,0.5
457387,0.5
457388,0.5
457389,0.5
457390,0.5
457391,0.5
457392,0.5
457393,0.5
457394,0.5
457395,0.5
457396,0.5
457397,0.5
457398,0.5
457399,0.5
457400,0.5
457401,0.5
457402,0.5
457403,0.5
457404,0.5
457405,0.5
457406,0.5
457407,0.5
457408,0.5
457409,0.5
457410,0.5
457411,0.5
457412,0.5
457413,0.5
457414,0.5
457415,0.5
457416,0.5
457417,0.5
457418,0.5
457419,0.5
457420,0.5
457421,0.5
457422,0.5
457423,0.5
457424,0.5
457425,0.5
457426,0.5
457427,0.5
457428,0.5
457429,0.5
457430,0.5
457431,0.5
457432,0.5
457433,0.5
457434,0.5
457435,0.5
457436,0.5
457437,0.5
457438,0.5
457439,0.5
457440,0.5
457441,0.5
457442,0.5
457443,0.5
457444,0.5
457445,0.5
457446,0.5
457447,0.5
457448,0.5
457449,0.5
457450,0.5
457451,0.5
457452,0.5
457453,0.5
457454,0.5
457455,0.5
457456,0.5
457457,0.5
457458,0.5
457459,0.5
457460,0.5
457461,0.5
457462,0.5
457463,0.5
457464,0.5
457465,0.5
457466,0.5
457467,0.5
457468,0.5
457469,0.5
457470,0.5
457471,0.5
457472,0.5
457473,0.5
457474,0.5
457475,0.5
457476,0.5
457477,0.5
457478,0.5
457479,0.5
457480,0.5
457481,0.5
457482,0.5
457483,0.5
457484,0.5
457485,0.5
457486,0.5
457487,0.5
457488,0.5
457489,0.5
457490,0.5
457491,0.5
457492,0.5
457493,0.5
457494,0.5
457495,0.5
457496,0.5
457497,0.5
457498,0.5
457499,0.5
457500,0.5
457501,0.5
457502,0.5
457503,0.5
457504,0.5
457505,0.5
457506,0.5
457507,0.5
457508,0.5
457509,0.5
457510,0.5
457511,0.5
457512,0.5
457513,0.5
457514,0.5
457515,0.5
457516,0.5
457517,0.5
457518,0.5
457519,0.5
457520,0.5
457521,0.5
457522,0.5
457523,0.5
457524,0.5
457525,0.5
457526,0.5
457527,0.5
457528,0.5
457529,0.5
457530,0.5
457531,0.5
457532,0.5
457533,0.5
457534,0.5
457535,0.5
457536,0.5
457537,0.5
457538,0.5
457539,0.5
457540,0.5
457541,0.5
457542,0.5
457543,0.5
457544,0.5
457545,0.5
457546,0.5
457547,0.5
457548,0.5
457549,0.5
457550,0.5
457551,0.5
457552,0.5
457553,0.5
457554,0.5
457555,0.5
457556,0.5
457557,0.5
457558,0.5
457559,0.5
457560,0.5
457561,0.5
457562,0.5
457563,0.5
457564,0.5
457565,0.5
457566,0.5
457567,0.5
457568,0.5
457569,0.5
457570,0.5
457571,0.5
457572,0.5
457573,0.5
457574,0.5
457575,0.5
457576,0.5
457577,0.5
457578,0.5
457579,0.5
457580,0.5
457581,0.5
457582,0.5
457583,0.5
457584,0.5
457585,0.5
457586,0.5
457587,0.5
457588,0.5
457589,0.5
457590,0.5
457591,0.5
457592,0.5
457593,0.5
457594,0.5
457595,0.5
457596,0.5
457597,0.5
457598,0.5
457599,0.5
457600,0.5
457601,0.5
457602,0.5
457603,0.5
457604,0.5
457605,0.5
457606,0.5
457607,0.5
457608,0.5
457609,0.5
457610,0.5
457611,0.5
457612,0.5
457613,0.5
457614,0.5
457615,0.5
457616,0.5
457617,0.5
457618,0.5
457619,0.5
457620,0.5
457621,0.5
457622,0.5
457623,0.5
457624,0.5
457625,0.5
457626,0.5
457627,0.5
457628,0.5
457629,0.5
457630,0.5
457631,0.5
457632,0.5
457633,0.5
457634,0.5
457635,0.5
457636,0.5
457637,0.5
457638,0.5
457639,0.5
457640,0.5
457641,0.5
457642,0.5
457643,0.5
457644,0.5
457645,0.5
457646,0.5
457647,0.5
457648,0.5
457649,0.5
457650,0.5
457651,0.5
457652,0.5
457653,0.5
457654,0.5
457655,0.5
457656,0.5
457657,0.5
457658,0.5
457659,0.5
457660,0.5
457661,0.5
457662,0.5
457663,0.5
457664,0.5
457665,0.5
457666,0.5
457667,0.5
457668,0.5
457669,0.5
457670,0.5
457671,0.5
457672,0.5
457673,0.5
457674,0.5
457675,0.5
457676,0.5
457677,0.5
457678,0.5
457679,0.5
457680,0.5
457681,0.5
457682,0.5
457683,0.5
457684,0.5
457685,0.5
457686,0.5
457687,0.5
457688,0.5
457689,0.5
457690,0.5
457691,0.5
457692,0.5
457693,0.5
457694,0.5
457695,0.5
457696,0.5
457697,0.5
457698,0.5
457699,0.5
457700,0.5
457701,0.5
457702,0.5
457703,0.5
457704,0.5
457705,0.5
457706,0.5
457707,0.5
457708,0.5
457709,0.5
457710,0.5
457711,0.5
457712,0.5
457713,0.5
457714,0.5
457715,0.5
457716,0.5
457717,0.5
457718,0.5
457719,0.5
457720,0.5
457721,0.5
457722,0.5
457723,0.5
457724,0.5
457725,0.5
457726,0.5
457727,0.5
457728,0.5
457729,0.5
457730,0.5
457731,0.5
457732,0.5
457733,0.5
457734,0.5
457735,0.5
457736,0.5
457737,0.5
457738,0.5
457739,0.5
457740,0.5
457741,0.5
457742,0.5
457743,0.5
457744,0.5
457745,0.5
457746,0.5
457747,0.5
457748,0.5
457749,0.5
457750,0.5
457751,0.5
457752,0.5
457753,0.5
457754,0.5
457755,0.5
457756,0.5
457757,0.5
457758,0.5
457759,0.5
457760,0.5
457761,0.5
457762,0.5
457763,0.5
457764,0.5
457765,0.5
457766,0.5
457767,0.5
457768,0.5
457769,0.5
457770,0.5
457771,0.5
457772,0.5
457773,0.5
457774,0.5
457775,0.5
457776,0.5
457777,0.5
457778,0.5
457779,0.5
457780,0.5
457781,0.5
457782,0.5
457783,0.5
457784,0.5
457785,0.5
457786,0.5
457787,0.5
457788,0.5
457789,0.5
457790,0.5
457791,0.5
457792,0.5
457793,0.5
457794,0.5
457795,0.5
457796,0.5
457797,0.5
457798,0.5
457799,0.5
457800,0.5
457801,0.5
457802,0.5
457803,0.5
457804,0.5
457805,0.5
457806,0.5
457807,0.5
457808,0.5
457809,0.5
457810,0.5
457811,0.5
457812,0.5
457813,0.5
457814,0.5
457815,0.5
457816,0.5
457817,0.5
457818,0.5
457819,0.5
457820,0.5
457821,0.5
457822,0.5
457823,0.5
457824,0.5
457825,0.5
457826,0.5
457827,0.5
457828,0.5
457829,0.5
457830,0.5
457831,0.5
457832,0.5
457833,0.5
457834,0.5
457835,0.5
457836,0.5
457837,0.5
457838,0.5
457839,0.5
457840,0.5
457841,0.5
457842,0.5
457843,0.5
457844,0.5
457845,0.5
457846,0.5
457847,0.5
457848,0.5
457849,0.5
457850,0.5
457851,0.5
457852,0.5
457853,0.5
457854,0.5
457855,0.5
457856,0.5
457857,0.5
457858,0.5
457859,0.5
457860,0.5
457861,0.5
457862,0.5
457863,0.5
457864,0.5
457865,0.5
457866,0.5
457867,0.5
457868,0.5
457869,0.5
457870,0.5
457871,0.5
457872,0.5
457873,0.5
457874,0.5
457875,0.5
457876,0.5
457877,0.5
457878,0.5
457879,0.5
457880,0.5
457881,0.5
457882,0.5
457883,0.5
457884,0.5
457885,0.5
457886,0.5
457887,0.5
457888,0.5
457889,0.5
457890,0.5
457891,0.5
457892,0.5
457893,0.5
457894,0.5
457895,0.5
457896,0.5
457897,0.5
457898,0.5
457899,0.5
457900,0.5
457901,0.5
457902,0.5
457903,0.5
457904,0.5
457905,0.5
457906,0.5
457907,0.5
457908,0.5
457909,0.5
457910,0.5
457911,0.5
457912,0.5
457913,0.5
457914,0.5
457915,0.5
457916,0.5
457917,0.5
457918,0.5
457919,0.5
457920,0.5
457921,0.5
457922,0.5
457923,0.5
457924,0.5
457925,0.5
457926,0.5
457927,0.5
457928,0.5
457929,0.5
457930,0.5
457931,0.5
457932,0.5
457933,0.5
457934,0.5
457935,0.5
457936,0.5
457937,0.5
457938,0.5
457939,0.5
457940,0.5
457941,0.5
457942,0.5
457943,0.5
457944,0.5
457945,0.5
457946,0.5
457947,0.5
457948,0.5
457949,0.5
457950,0.5
457951,0.5
457952,0.5
457953,0.5
457954,0.5
457955,0.5
457956,0.5
457957,0.5
457958,0.5
457959,0.5
457960,0.5
457961,0.5
457962,0.5
457963,0.5
457964,0.5
457965,0.5
457966,0.5
457967,0.5
457968,0.5
457969,0.5
457970,0.5
457971,0.5
457972,0.5
457973,0.5
457974,0.5
457975,0.5
457976,0.5
457977,0.5
457978,0.5
457979,0.5
457980,0.5
457981,0.5
457982,0.5
457983,0.5
457984,0.5
457985,0.5
457986,0.5
457987,0.5
457988,0.5
457989,0.5
457990,0.5
457991,0.5
457992,0.5
457993,0.5
457994,0.5
457995,0.5
457996,0.5
457997,0.5
457998,0.5
457999,0.5
458000,0.5
458001,0.5
458002,0.5
458003,0.5
458004,0.5
458005,0.5
458006,0.5
458007,0.5
458008,0.5
458009,0.5
458010,0.5
458011,0.5
458012,0.5
458013,0.5
458014,0.5
458015,0.5
458016,0.5
458017,0.5
458018,0.5
458019,0.5
458020,0.5
458021,0.5
458022,0.5
458023,0.5
458024,0.5
458025,0.5
458026,0.5
458027,0.5
458028,0.5
458029,0.5
458030,0.5
458031,0.5
458032,0.5
458033,0.5
458034,0.5
458035,0.5
458036,0.5
458037,0.5
458038,0.5
458039,0.5
458040,0.5
458041,0.5
458042,0.5
458043,0.5
458044,0.5
458045,0.5
458046,0.5
458047,0.5
458048,0.5
458049,0.5
458050,0.5
458051,0.5
458052,0.5
458053,0.5
458054,0.5
458055,0.5
458056,0.5
458057,0.5
458058,0.5
458059,0.5
458060,0.5
458061,0.5
458062,0.5
458063,0.5
458064,0.5
458065,0.5
458066,0.5
458067,0.5
458068,0.5
458069,0.5
458070,0.5
458071,0.5
458072,0.5
458073,0.5
458074,0.5
458075,0.5
458076,0.5
458077,0.5
458078,0.5
458079,0.5
458080,0.5
458081,0.5
458082,0.5
458083,0.5
458084,0.5
458085,0.5
458086,0.5
458087,0.5
458088,0.5
458089,0.5
458090,0.5
458091,0.5
458092,0.5
458093,0.5
458094,0.5
458095,0.5
458096,0.5
458097,0.5
458098,0.5
458099,0.5
458100,0.5
458101,0.5
458102,0.5
458103,0.5
458104,0.5
458105,0.5
458106,0.5
458107,0.5
458108,0.5
458109,0.5
458110,0.5
458111,0.5
458112,0.5
458113,0.5
458114,0.5
458115,0.5
458116,0.5
458117,0.5
458118,0.5
458119,0.5
458120,0.5
458121,0.5
458122,0.5
458123,0.5
458124,0.5
458125,0.5
458126,0.5
458127,0.5
458128,0.5
458129,0.5
458130,0.5
458131,0.5
458132,0.5
458133,0.5
458134,0.5
458135,0.5
458136,0.5
458137,0.5
458138,0.5
458139,0.5
458140,0.5
458141,0.5
458142,0.5
458143,0.5
458144,0.5
458145,0.5
458146,0.5
458147,0.5
458148,0.5
458149,0.5
458150,0.5
458151,0.5
458152,0.5
458153,0.5
458154,0.5
458155,0.5
458156,0.5
458157,0.5
458158,0.5
458159,0.5
458160,0.5
458161,0.5
458162,0.5
458163,0.5
458164,0.5
458165,0.5
458166,0.5
458167,0.5
458168,0.5
458169,0.5
458170,0.5
458171,0.5
458172,0.5
458173,0.5
458174,0.5
458175,0.5
458176,0.5
458177,0.5
458178,0.5
458179,0.5
458180,0.5
458181,0.5
458182,0.5
458183,0.5
458184,0.5
458185,0.5
458186,0.5
458187,0.5
458188,0.5
458189,0.5
458190,0.5
458191,0.5
458192,0.5
458193,0.5
458194,0.5
458195,0.5
458196,0.5
458197,0.5
458198,0.5
458199,0.5
458200,0.5
458201,0.5
458202,0.5
458203,0.5
458204,0.5
458205,0.5
458206,0.5
458207,0.5
458208,0.5
458209,0.5
458210,0.5
458211,0.5
458212,0.5
458213,0.5
458214,0.5
458215,0.5
458216,0.5
458217,0.5
458218,0.5
458219,0.5
458220,0.5
458221,0.5
458222,0.5
458223,0.5
458224,0.5
458225,0.5
458226,0.5
458227,0.5
458228,0.5
458229,0.5
458230,0.5
458231,0.5
458232,0.5
458233,0.5
458234,0.5
458235,0.5
458236,0.5
458237,0.5
458238,0.5
458239,0.5
458240,0.5
458241,0.5
458242,0.5
458243,0.5
458244,0.5
458245,0.5
458246,0.5
458247,0.5
458248,0.5
458249,0.5
458250,0.5
458251,0.5
458252,0.5
458253,0.5
458254,0.5
458255,0.5
458256,0.5
458257,0.5
458258,0.5
458259,0.5
458260,0.5
458261,0.5
458262,0.5
458263,0.5
458264,0.5
458265,0.5
458266,0.5
458267,0.5
458268,0.5
458269,0.5
458270,0.5
458271,0.5
458272,0.5
458273,0.5
458274,0.5
458275,0.5
458276,0.5
458277,0.5
458278,0.5
458279,0.5
458280,0.5
458281,0.5
458282,0.5
458283,0.5
458284,0.5
458285,0.5
458286,0.5
458287,0.5
458288,0.5
458289,0.5
458290,0.5
458291,0.5
458292,0.5
458293,0.5
458294,0.5
458295,0.5
458296,0.5
458297,0.5
458298,0.5
458299,0.5
458300,0.5
458301,0.5
458302,0.5
458303,0.5
458304,0.5
458305,0.5
458306,0.5
458307,0.5
458308,0.5
458309,0.5
458310,0.5
458311,0.5
458312,0.5
458313,0.5
458314,0.5
458315,0.5
458316,0.5
458317,0.5
458318,0.5
458319,0.5
458320,0.5
458321,0.5
458322,0.5
458323,0.5
458324,0.5
458325,0.5
458326,0.5
458327,0.5
458328,0.5
458329,0.5
458330,0.5
458331,0.5
458332,0.5
458333,0.5
458334,0.5
458335,0.5
458336,0.5
458337,0.5
458338,0.5
458339,0.5
458340,0.5
458341,0.5
458342,0.5
458343,0.5
458344,0.5
458345,0.5
458346,0.5
458347,0.5
458348,0.5
458349,0.5
458350,0.5
458351,0.5
458352,0.5
458353,0.5
458354,0.5
458355,0.5
458356,0.5
458357,0.5
458358,0.5
458359,0.5
458360,0.5
458361,0.5
458362,0.5
458363,0.5
458364,0.5
458365,0.5
458366,0.5
458367,0.5
458368,0.5
458369,0.5
458370,0.5
458371,0.5
458372,0.5
458373,0.5
458374,0.5
458375,0.5
458376,0.5
458377,0.5
458378,0.5
458379,0.5
458380,0.5
458381,0.5
458382,0.5
458383,0.5
458384,0.5
458385,0.5
458386,0.5
458387,0.5
458388,0.5
458389,0.5
458390,0.5
458391,0.5
458392,0.5
458393,0.5
458394,0.5
458395,0.5
458396,0.5
458397,0.5
458398,0.5
458399,0.5
458400,0.5
458401,0.5
458402,0.5
458403,0.5
458404,0.5
458405,0.5
458406,0.5
458407,0.5
458408,0.5
458409,0.5
458410,0.5
458411,0.5
458412,0.5
458413,0.5
458414,0.5
458415,0.5
458416,0.5
458417,0.5
458418,0.5
458419,0.5
458420,0.5
458421,0.5
458422,0.5
458423,0.5
458424,0.5
458425,0.5
458426,0.5
458427,0.5
458428,0.5
458429,0.5
458430,0.5
458431,0.5
458432,0.5
458433,0.5
458434,0.5
458435,0.5
458436,0.5
458437,0.5
458438,0.5
458439,0.5
458440,0.5
458441,0.5
458442,0.5
458443,0.5
458444,0.5
458445,0.5
458446,0.5
458447,0.5
458448,0.5
458449,0.5
458450,0.5
458451,0.5
458452,0.5
458453,0.5
458454,0.5
458455,0.5
458456,0.5
458457,0.5
458458,0.5
458459,0.5
458460,0.5
458461,0.5
458462,0.5
458463,0.5
458464,0.5
458465,0.5
458466,0.5
458467,0.5
458468,0.5
458469,0.5
458470,0.5
458471,0.5
458472,0.5
458473,0.5
458474,0.5
458475,0.5
458476,0.5
458477,0.5
458478,0.5
458479,0.5
458480,0.5
458481,0.5
458482,0.5
458483,0.5
458484,0.5
458485,0.5
458486,0.5
458487,0.5
458488,0.5
458489,0.5
458490,0.5
458491,0.5
458492,0.5
458493,0.5
458494,0.5
458495,0.5
458496,0.5
458497,0.5
458498,0.5
458499,0.5
458500,0.5
458501,0.5
458502,0.5
458503,0.5
458504,0.5
458505,0.5
458506,0.5
458507,0.5
458508,0.5
458509,0.5
458510,0.5
458511,0.5
458512,0.5
458513,0.5
458514,0.5
458515,0.5
458516,0.5
458517,0.5
458518,0.5
458519,0.5
458520,0.5
458521,0.5
458522,0.5
458523,0.5
458524,0.5
458525,0.5
458526,0.5
458527,0.5
458528,0.5
458529,0.5
458530,0.5
458531,0.5
458532,0.5
458533,0.5
458534,0.5
458535,0.5
458536,0.5
458537,0.5
458538,0.5
458539,0.5
458540,0.5
458541,0.5
458542,0.5
458543,0.5
458544,0.5
458545,0.5
458546,0.5
458547,0.5
458548,0.5
458549,0.5
458550,0.5
458551,0.5
458552,0.5
458553,0.5
458554,0.5
458555,0.5
458556,0.5
458557,0.5
458558,0.5
458559,0.5
458560,0.5
458561,0.5
458562,0.5
458563,0.5
458564,0.5
458565,0.5
458566,0.5
458567,0.5
458568,0.5
458569,0.5
458570,0.5
458571,0.5
458572,0.5
458573,0.5
458574,0.5
458575,0.5
458576,0.5
458577,0.5
458578,0.5
458579,0.5
458580,0.5
458581,0.5
458582,0.5
458583,0.5
458584,0.5
458585,0.5
458586,0.5
458587,0.5
458588,0.5
458589,0.5
458590,0.5
458591,0.5
458592,0.5
458593,0.5
458594,0.5
458595,0.5
458596,0.5
458597,0.5
458598,0.5
458599,0.5
458600,0.5
458601,0.5
458602,0.5
458603,0.5
458604,0.5
458605,0.5
458606,0.5
458607,0.5
458608,0.5
458609,0.5
458610,0.5
458611,0.5
458612,0.5
458613,0.5
458614,0.5
458615,0.5
458616,0.5
458617,0.5
458618,0.5
458619,0.5
458620,0.5
458621,0.5
458622,0.5
458623,0.5
458624,0.5
458625,0.5
458626,0.5
458627,0.5
458628,0.5
458629,0.5
458630,0.5
458631,0.5
458632,0.5
458633,0.5
458634,0.5
458635,0.5
458636,0.5
458637,0.5
458638,0.5
458639,0.5
458640,0.5
458641,0.5
458642,0.5
458643,0.5
458644,0.5
458645,0.5
458646,0.5
458647,0.5
458648,0.5
458649,0.5
458650,0.5
458651,0.5
458652,0.5
458653,0.5
458654,0.5
458655,0.5
458656,0.5
458657,0.5
458658,0.5
458659,0.5
458660,0.5
458661,0.5
458662,0.5
458663,0.5
458664,0.5
458665,0.5
458666,0.5
458667,0.5
458668,0.5
458669,0.5
458670,0.5
458671,0.5
458672,0.5
458673,0.5
458674,0.5
458675,0.5
458676,0.5
458677,0.5
458678,0.5
458679,0.5
458680,0.5
458681,0.5
458682,0.5
458683,0.5
458684,0.5
458685,0.5
458686,0.5
458687,0.5
458688,0.5
458689,0.5
458690,0.5
458691,0.5
458692,0.5
458693,0.5
458694,0.5
458695,0.5
458696,0.5
458697,0.5
458698,0.5
458699,0.5
458700,0.5
458701,0.5
458702,0.5
458703,0.5
458704,0.5
458705,0.5
458706,0.5
458707,0.5
458708,0.5
458709,0.5
458710,0.5
458711,0.5
458712,0.5
458713,0.5
458714,0.5
458715,0.5
458716,0.5
458717,0.5
458718,0.5
458719,0.5
458720,0.5
458721,0.5
458722,0.5
458723,0.5
458724,0.5
458725,0.5
458726,0.5
458727,0.5
458728,0.5
458729,0.5
458730,0.5
458731,0.5
458732,0.5
458733,0.5
458734,0.5
458735,0.5
458736,0.5
458737,0.5
458738,0.5
458739,0.5
458740,0.5
458741,0.5
458742,0.5
458743,0.5
458744,0.5
458745,0.5
458746,0.5
458747,0.5
458748,0.5
458749,0.5
458750,0.5
458751,0.5
458752,0.5
458753,0.5
458754,0.5
458755,0.5
458756,0.5
458757,0.5
458758,0.5
458759,0.5
458760,0.5
458761,0.5
458762,0.5
458763,0.5
458764,0.5
458765,0.5
458766,0.5
458767,0.5
458768,0.5
458769,0.5
458770,0.5
458771,0.5
458772,0.5
458773,0.5
458774,0.5
458775,0.5
458776,0.5
458777,0.5
458778,0.5
458779,0.5
458780,0.5
458781,0.5
458782,0.5
458783,0.5
458784,0.5
458785,0.5
458786,0.5
458787,0.5
458788,0.5
458789,0.5
458790,0.5
458791,0.5
458792,0.5
458793,0.5
458794,0.5
458795,0.5
458796,0.5
458797,0.5
458798,0.5
458799,0.5
458800,0.5
458801,0.5
458802,0.5
458803,0.5
458804,0.5
458805,0.5
458806,0.5
458807,0.5
458808,0.5
458809,0.5
458810,0.5
458811,0.5
458812,0.5
458813,0.5
458814,0.5
458815,0.5
458816,0.5
458817,0.5
458818,0.5
458819,0.5
458820,0.5
458821,0.5
458822,0.5
458823,0.5
458824,0.5
458825,0.5
458826,0.5
458827,0.5
458828,0.5
458829,0.5
458830,0.5
458831,0.5
458832,0.5
458833,0.5
458834,0.5
458835,0.5
458836,0.5
458837,0.5
458838,0.5
458839,0.5
458840,0.5
458841,0.5
458842,0.5
458843,0.5
458844,0.5
458845,0.5
458846,0.5
458847,0.5
458848,0.5
458849,0.5
458850,0.5
458851,0.5
458852,0.5
458853,0.5
458854,0.5
458855,0.5
458856,0.5
458857,0.5
458858,0.5
458859,0.5
458860,0.5
458861,0.5
458862,0.5
458863,0.5
458864,0.5
458865,0.5
458866,0.5
458867,0.5
458868,0.5
458869,0.5
458870,0.5
458871,0.5
458872,0.5
458873,0.5
458874,0.5
458875,0.5
458876,0.5
458877,0.5
458878,0.5
458879,0.5
458880,0.5
458881,0.5
458882,0.5
458883,0.5
458884,0.5
458885,0.5
458886,0.5
458887,0.5
458888,0.5
458889,0.5
458890,0.5
458891,0.5
458892,0.5
458893,0.5
458894,0.5
458895,0.5
458896,0.5
458897,0.5
458898,0.5
458899,0.5
458900,0.5
458901,0.5
458902,0.5
458903,0.5
458904,0.5
458905,0.5
458906,0.5
458907,0.5
458908,0.5
458909,0.5
458910,0.5
458911,0.5
458912,0.5
458913,0.5
458914,0.5
458915,0.5
458916,0.5
458917,0.5
458918,0.5
458919,0.5
458920,0.5
458921,0.5
458922,0.5
458923,0.5
458924,0.5
458925,0.5
458926,0.5
458927,0.5
458928,0.5
458929,0.5
458930,0.5
458931,0.5
458932,0.5
458933,0.5
458934,0.5
458935,0.5
458936,0.5
458937,0.5
458938,0.5
458939,0.5
458940,0.5
458941,0.5
458942,0.5
458943,0.5
458944,0.5
458945,0.5
458946,0.5
458947,0.5
458948,0.5
458949,0.5
458950,0.5
458951,0.5
458952,0.5
458953,0.5
458954,0.5
458955,0.5
458956,0.5
458957,0.5
458958,0.5
458959,0.5
458960,0.5
458961,0.5
458962,0.5
458963,0.5
458964,0.5
458965,0.5
458966,0.5
458967,0.5
458968,0.5
458969,0.5
458970,0.5
458971,0.5
458972,0.5
458973,0.5
458974,0.5
458975,0.5
458976,0.5
458977,0.5
458978,0.5
458979,0.5
458980,0.5
458981,0.5
458982,0.5
458983,0.5
458984,0.5
458985,0.5
458986,0.5
458987,0.5
458988,0.5
458989,0.5
458990,0.5
458991,0.5
458992,0.5
458993,0.5
458994,0.5
458995,0.5
458996,0.5
458997,0.5
458998,0.5
458999,0.5
459000,0.5
459001,0.5
459002,0.5
459003,0.5
459004,0.5
459005,0.5
459006,0.5
459007,0.5
459008,0.5
459009,0.5
459010,0.5
459011,0.5
459012,0.5
459013,0.5
459014,0.5
459015,0.5
459016,0.5
459017,0.5
459018,0.5
459019,0.5
459020,0.5
459021,0.5
459022,0.5
459023,0.5
459024,0.5
459025,0.5
459026,0.5
459027,0.5
459028,0.5
459029,0.5
459030,0.5
459031,0.5
459032,0.5
459033,0.5
459034,0.5
459035,0.5
459036,0.5
459037,0.5
459038,0.5
459039,0.5
459040,0.5
459041,0.5
459042,0.5
459043,0.5
459044,0.5
459045,0.5
459046,0.5
459047,0.5
459048,0.5
459049,0.5
459050,0.5
459051,0.5
459052,0.5
459053,0.5
459054,0.5
459055,0.5
459056,0.5
459057,0.5
459058,0.5
459059,0.5
459060,0.5
459061,0.5
459062,0.5
459063,0.5
459064,0.5
459065,0.5
459066,0.5
459067,0.5
459068,0.5
459069,0.5
459070,0.5
459071,0.5
459072,0.5
459073,0.5
459074,0.5
459075,0.5
459076,0.5
459077,0.5
459078,0.5
459079,0.5
459080,0.5
459081,0.5
459082,0.5
459083,0.5
459084,0.5
459085,0.5
459086,0.5
459087,0.5
459088,0.5
459089,0.5
459090,0.5
459091,0.5
459092,0.5
459093,0.5
459094,0.5
459095,0.5
459096,0.5
459097,0.5
459098,0.5
459099,0.5
459100,0.5
459101,0.5
459102,0.5
459103,0.5
459104,0.5
459105,0.5
459106,0.5
459107,0.5
459108,0.5
459109,0.5
459110,0.5
459111,0.5
459112,0.5
459113,0.5
459114,0.5
459115,0.5
459116,0.5
459117,0.5
459118,0.5
459119,0.5
459120,0.5
459121,0.5
459122,0.5
459123,0.5
459124,0.5
459125,0.5
459126,0.5
459127,0.5
459128,0.5
459129,0.5
459130,0.5
459131,0.5
459132,0.5
459133,0.5
459134,0.5
459135,0.5
459136,0.5
459137,0.5
459138,0.5
459139,0.5
459140,0.5
459141,0.5
459142,0.5
459143,0.5
459144,0.5
459145,0.5
459146,0.5
459147,0.5
459148,0.5
459149,0.5
459150,0.5
459151,0.5
459152,0.5
459153,0.5
459154,0.5
459155,0.5
459156,0.5
459157,0.5
459158,0.5
459159,0.5
459160,0.5
459161,0.5
459162,0.5
459163,0.5
459164,0.5
459165,0.5
459166,0.5
459167,0.5
459168,0.5
459169,0.5
459170,0.5
459171,0.5
459172,0.5
459173,0.5
459174,0.5
459175,0.5
459176,0.5
459177,0.5
459178,0.5
459179,0.5
459180,0.5
459181,0.5
459182,0.5
459183,0.5
459184,0.5
459185,0.5
459186,0.5
459187,0.5
459188,0.5
459189,0.5
459190,0.5
459191,0.5
459192,0.5
459193,0.5
459194,0.5
459195,0.5
459196,0.5
459197,0.5
459198,0.5
459199,0.5
459200,0.5
459201,0.5
459202,0.5
459203,0.5
459204,0.5
459205,0.5
459206,0.5
459207,0.5
459208,0.5
459209,0.5
459210,0.5
459211,0.5
459212,0.5
459213,0.5
459214,0.5
459215,0.5
459216,0.5
459217,0.5
459218,0.5
459219,0.5
459220,0.5
459221,0.5
459222,0.5
459223,0.5
459224,0.5
459225,0.5
459226,0.5
459227,0.5
459228,0.5
459229,0.5
459230,0.5
459231,0.5
459232,0.5
459233,0.5
459234,0.5
459235,0.5
459236,0.5
459237,0.5
459238,0.5
459239,0.5
459240,0.5
459241,0.5
459242,0.5
459243,0.5
459244,0.5
459245,0.5
459246,0.5
459247,0.5
459248,0.5
459249,0.5
459250,0.5
459251,0.5
459252,0.5
459253,0.5
459254,0.5
459255,0.5
459256,0.5
459257,0.5
459258,0.5
459259,0.5
459260,0.5
459261,0.5
459262,0.5
459263,0.5
459264,0.5
459265,0.5
459266,0.5
459267,0.5
459268,0.5
459269,0.5
459270,0.5
459271,0.5
459272,0.5
459273,0.5
459274,0.5
459275,0.5
459276,0.5
459277,0.5
459278,0.5
459279,0.5
459280,0.5
459281,0.5
459282,0.5
459283,0.5
459284,0.5
459285,0.5
459286,0.5
459287,0.5
459288,0.5
459289,0.5
459290,0.5
459291,0.5
459292,0.5
459293,0.5
459294,0.5
459295,0.5
459296,0.5
459297,0.5
459298,0.5
459299,0.5
459300,0.5
459301,0.5
459302,0.5
459303,0.5
459304,0.5
459305,0.5
459306,0.5
459307,0.5
459308,0.5
459309,0.5
459310,0.5
459311,0.5
459312,0.5
459313,0.5
459314,0.5
459315,0.5
459316,0.5
459317,0.5
459318,0.5
459319,0.5
459320,0.5
459321,0.5
459322,0.5
459323,0.5
459324,0.5
459325,0.5
459326,0.5
459327,0.5
459328,0.5
459329,0.5
459330,0.5
459331,0.5
459332,0.5
459333,0.5
459334,0.5
459335,0.5
459336,0.5
459337,0.5
459338,0.5
459339,0.5
459340,0.5
459341,0.5
459342,0.5
459343,0.5
459344,0.5
459345,0.5
459346,0.5
459347,0.5
459348,0.5
459349,0.5
459350,0.5
459351,0.5
459352,0.5
459353,0.5
459354,0.5
459355,0.5
459356,0.5
459357,0.5
459358,0.5
459359,0.5
459360,0.5
459361,0.5
459362,0.5
459363,0.5
459364,0.5
459365,0.5
459366,0.5
459367,0.5
459368,0.5
459369,0.5
459370,0.5
459371,0.5
459372,0.5
459373,0.5
459374,0.5
459375,0.5
459376,0.5
459377,0.5
459378,0.5
459379,0.5
459380,0.5
459381,0.5
459382,0.5
459383,0.5
459384,0.5
459385,0.5
459386,0.5
459387,0.5
459388,0.5
459389,0.5
459390,0.5
459391,0.5
459392,0.5
459393,0.5
459394,0.5
459395,0.5
459396,0.5
459397,0.5
459398,0.5
459399,0.5
459400,0.5
459401,0.5
459402,0.5
459403,0.5
459404,0.5
459405,0.5
459406,0.5
459407,0.5
459408,0.5
459409,0.5
459410,0.5
459411,0.5
459412,0.5
459413,0.5
459414,0.5
459415,0.5
459416,0.5
459417,0.5
459418,0.5
459419,0.5
459420,0.5
459421,0.5
459422,0.5
459423,0.5
459424,0.5
459425,0.5
459426,0.5
459427,0.5
459428,0.5
459429,0.5
459430,0.5
459431,0.5
459432,0.5
459433,0.5
459434,0.5
459435,0.5
459436,0.5
459437,0.5
459438,0.5
459439,0.5
459440,0.5
459441,0.5
459442,0.5
459443,0.5
459444,0.5
459445,0.5
459446,0.5
459447,0.5
459448,0.5
459449,0.5
459450,0.5
459451,0.5
459452,0.5
459453,0.5
459454,0.5
459455,0.5
459456,0.5
459457,0.5
459458,0.5
459459,0.5
459460,0.5
459461,0.5
459462,0.5
459463,0.5
459464,0.5
459465,0.5
459466,0.5
459467,0.5
459468,0.5
459469,0.5
459470,0.5
459471,0.5
459472,0.5
459473,0.5
459474,0.5
459475,0.5
459476,0.5
459477,0.5
459478,0.5
459479,0.5
459480,0.5
459481,0.5
459482,0.5
459483,0.5
459484,0.5
459485,0.5
459486,0.5
459487,0.5
459488,0.5
459489,0.5
459490,0.5
459491,0.5
459492,0.5
459493,0.5
459494,0.5
459495,0.5
459496,0.5
459497,0.5
459498,0.5
459499,0.5
459500,0.5
459501,0.5
459502,0.5
459503,0.5
459504,0.5
459505,0.5
459506,0.5
459507,0.5
459508,0.5
459509,0.5
459510,0.5
459511,0.5
459512,0.5
459513,0.5
459514,0.5
459515,0.5
459516,0.5
459517,0.5
459518,0.5
459519,0.5
459520,0.5
459521,0.5
459522,0.5
459523,0.5
459524,0.5
459525,0.5
459526,0.5
459527,0.5
459528,0.5
459529,0.5
459530,0.5
459531,0.5
459532,0.5
459533,0.5
459534,0.5
459535,0.5
459536,0.5
459537,0.5
459538,0.5
459539,0.5
459540,0.5
459541,0.5
459542,0.5
459543,0.5
459544,0.5
459545,0.5
459546,0.5
459547,0.5
459548,0.5
459549,0.5
459550,0.5
459551,0.5
459552,0.5
459553,0.5
459554,0.5
459555,0.5
459556,0.5
459557,0.5
459558,0.5
459559,0.5
459560,0.5
459561,0.5
459562,0.5
459563,0.5
459564,0.5
459565,0.5
459566,0.5
459567,0.5
459568,0.5
459569,0.5
459570,0.5
459571,0.5
459572,0.5
459573,0.5
459574,0.5
459575,0.5
459576,0.5
459577,0.5
459578,0.5
459579,0.5
459580,0.5
459581,0.5
459582,0.5
459583,0.5
459584,0.5
459585,0.5
459586,0.5
459587,0.5
459588,0.5
459589,0.5
459590,0.5
459591,0.5
459592,0.5
459593,0.5
459594,0.5
459595,0.5
459596,0.5
459597,0.5
459598,0.5
459599,0.5
459600,0.5
459601,0.5
459602,0.5
459603,0.5
459604,0.5
459605,0.5
459606,0.5
459607,0.5
459608,0.5
459609,0.5
459610,0.5
459611,0.5
459612,0.5
459613,0.5
459614,0.5
459615,0.5
459616,0.5
459617,0.5
459618,0.5
459619,0.5
459620,0.5
459621,0.5
459622,0.5
459623,0.5
459624,0.5
459625,0.5
459626,0.5
459627,0.5
459628,0.5
459629,0.5
459630,0.5
459631,0.5
459632,0.5
459633,0.5
459634,0.5
459635,0.5
459636,0.5
459637,0.5
459638,0.5
459639,0.5
459640,0.5
459641,0.5
459642,0.5
459643,0.5
459644,0.5
459645,0.5
459646,0.5
459647,0.5
459648,0.5
459649,0.5
459650,0.5
459651,0.5
459652,0.5
459653,0.5
459654,0.5
459655,0.5
459656,0.5
459657,0.5
459658,0.5
459659,0.5
459660,0.5
459661,0.5
459662,0.5
459663,0.5
459664,0.5
459665,0.5
459666,0.5
459667,0.5
459668,0.5
459669,0.5
459670,0.5
459671,0.5
459672,0.5
459673,0.5
459674,0.5
459675,0.5
459676,0.5
459677,0.5
459678,0.5
459679,0.5
459680,0.5
459681,0.5
459682,0.5
459683,0.5
459684,0.5
459685,0.5
459686,0.5
459687,0.5
459688,0.5
459689,0.5
459690,0.5
459691,0.5
459692,0.5
459693,0.5
459694,0.5
459695,0.5
459696,0.5
459697,0.5
459698,0.5
459699,0.5
459700,0.5
459701,0.5
459702,0.5
459703,0.5
459704,0.5
459705,0.5
459706,0.5
459707,0.5
459708,0.5
459709,0.5
459710,0.5
459711,0.5
459712,0.5
459713,0.5
459714,0.5
459715,0.5
459716,0.5
459717,0.5
459718,0.5
459719,0.5
459720,0.5
459721,0.5
459722,0.5
459723,0.5
459724,0.5
459725,0.5
459726,0.5
459727,0.5
459728,0.5
459729,0.5
459730,0.5
459731,0.5
459732,0.5
459733,0.5
459734,0.5
459735,0.5
459736,0.5
459737,0.5
459738,0.5
459739,0.5
459740,0.5
459741,0.5
459742,0.5
459743,0.5
459744,0.5
459745,0.5
459746,0.5
459747,0.5
459748,0.5
459749,0.5
459750,0.5
459751,0.5
459752,0.5
459753,0.5
459754,0.5
459755,0.5
459756,0.5
459757,0.5
459758,0.5
459759,0.5
459760,0.5
459761,0.5
459762,0.5
459763,0.5
459764,0.5
459765,0.5
459766,0.5
459767,0.5
459768,0.5
459769,0.5
459770,0.5
459771,0.5
459772,0.5
459773,0.5
459774,0.5
459775,0.5
459776,0.5
459777,0.5
459778,0.5
459779,0.5
459780,0.5
459781,0.5
459782,0.5
459783,0.5
459784,0.5
459785,0.5
459786,0.5
459787,0.5
459788,0.5
459789,0.5
459790,0.5
459791,0.5
459792,0.5
459793,0.5
459794,0.5
459795,0.5
459796,0.5
459797,0.5
459798,0.5
459799,0.5
459800,0.5
459801,0.5
459802,0.5
459803,0.5
459804,0.5
459805,0.5
459806,0.5
459807,0.5
459808,0.5
459809,0.5
459810,0.5
459811,0.5
459812,0.5
459813,0.5
459814,0.5
459815,0.5
459816,0.5
459817,0.5
459818,0.5
459819,0.5
459820,0.5
459821,0.5
459822,0.5
459823,0.5
459824,0.5
459825,0.5
459826,0.5
459827,0.5
459828,0.5
459829,0.5
459830,0.5
459831,0.5
459832,0.5
459833,0.5
459834,0.5
459835,0.5
459836,0.5
459837,0.5
459838,0.5
459839,0.5
459840,0.5
459841,0.5
459842,0.5
459843,0.5
459844,0.5
459845,0.5
459846,0.5
459847,0.5
459848,0.5
459849,0.5
459850,0.5
459851,0.5
459852,0.5
459853,0.5
459854,0.5
459855,0.5
459856,0.5
459857,0.5
459858,0.5
459859,0.5
459860,0.5
459861,0.5
459862,0.5
459863,0.5
459864,0.5
459865,0.5
459866,0.5
459867,0.5
459868,0.5
459869,0.5
459870,0.5
459871,0.5
459872,0.5
459873,0.5
459874,0.5
459875,0.5
459876,0.5
459877,0.5
459878,0.5
459879,0.5
459880,0.5
459881,0.5
459882,0.5
459883,0.5
459884,0.5
459885,0.5
459886,0.5
459887,0.5
459888,0.5
459889,0.5
459890,0.5
459891,0.5
459892,0.5
459893,0.5
459894,0.5
459895,0.5
459896,0.5
459897,0.5
459898,0.5
459899,0.5
459900,0.5
459901,0.5
459902,0.5
459903,0.5
459904,0.5
459905,0.5
459906,0.5
459907,0.5
459908,0.5
459909,0.5
459910,0.5
459911,0.5
459912,0.5
459913,0.5
459914,0.5
459915,0.5
459916,0.5
459917,0.5
459918,0.5
459919,0.5
459920,0.5
459921,0.5
459922,0.5
459923,0.5
459924,0.5
459925,0.5
459926,0.5
459927,0.5
459928,0.5
459929,0.5
459930,0.5
459931,0.5
459932,0.5
459933,0.5
459934,0.5
459935,0.5
459936,0.5
459937,0.5
459938,0.5
459939,0.5
459940,0.5
459941,0.5
459942,0.5
459943,0.5
459944,0.5
459945,0.5
459946,0.5
459947,0.5
459948,0.5
459949,0.5
459950,0.5
459951,0.5
459952,0.5
459953,0.5
459954,0.5
459955,0.5
459956,0.5
459957,0.5
459958,0.5
459959,0.5
459960,0.5
459961,0.5
459962,0.5
459963,0.5
459964,0.5
459965,0.5
459966,0.5
459967,0.5
459968,0.5
459969,0.5
459970,0.5
459971,0.5
459972,0.5
459973,0.5
459974,0.5
459975,0.5
459976,0.5
459977,0.5
459978,0.5
459979,0.5
459980,0.5
459981,0.5
459982,0.5
459983,0.5
459984,0.5
459985,0.5
459986,0.5
459987,0.5
459988,0.5
459989,0.5
459990,0.5
459991,0.5
459992,0.5
459993,0.5
459994,0.5
459995,0.5
459996,0.5
459997,0.5
459998,0.5
459999,0.5
460000,0.5
460001,0.5
460002,0.5
460003,0.5
460004,0.5
460005,0.5
460006,0.5
460007,0.5
460008,0.5
460009,0.5
460010,0.5
460011,0.5
460012,0.5
460013,0.5
460014,0.5
460015,0.5
460016,0.5
460017,0.5
460018,0.5
460019,0.5
460020,0.5
460021,0.5
460022,0.5
460023,0.5
460024,0.5
460025,0.5
460026,0.5
460027,0.5
460028,0.5
460029,0.5
460030,0.5
460031,0.5
460032,0.5
460033,0.5
460034,0.5
460035,0.5
460036,0.5
460037,0.5
460038,0.5
460039,0.5
460040,0.5
460041,0.5
460042,0.5
460043,0.5
460044,0.5
460045,0.5
460046,0.5
460047,0.5
460048,0.5
460049,0.5
460050,0.5
460051,0.5
460052,0.5
460053,0.5
460054,0.5
460055,0.5
460056,0.5
460057,0.5
460058,0.5
460059,0.5
460060,0.5
460061,0.5
460062,0.5
460063,0.5
460064,0.5
460065,0.5
460066,0.5
460067,0.5
460068,0.5
460069,0.5
460070,0.5
460071,0.5
460072,0.5
460073,0.5
460074,0.5
460075,0.5
460076,0.5
460077,0.5
460078,0.5
460079,0.5
460080,0.5
460081,0.5
460082,0.5
460083,0.5
460084,0.5
460085,0.5
460086,0.5
460087,0.5
460088,0.5
460089,0.5
460090,0.5
460091,0.5
460092,0.5
460093,0.5
460094,0.5
460095,0.5
460096,0.5
460097,0.5
460098,0.5
460099,0.5
460100,0.5
460101,0.5
460102,0.5
460103,0.5
460104,0.5
460105,0.5
460106,0.5
460107,0.5
460108,0.5
460109,0.5
460110,0.5
460111,0.5
460112,0.5
460113,0.5
460114,0.5
460115,0.5
460116,0.5
460117,0.5
460118,0.5
460119,0.5
460120,0.5
460121,0.5
460122,0.5
460123,0.5
460124,0.5
460125,0.5
460126,0.5
460127,0.5
460128,0.5
460129,0.5
460130,0.5
460131,0.5
460132,0.5
460133,0.5
460134,0.5
460135,0.5
460136,0.5
460137,0.5
460138,0.5
460139,0.5
460140,0.5
460141,0.5
460142,0.5
460143,0.5
460144,0.5
460145,0.5
460146,0.5
460147,0.5
460148,0.5
460149,0.5
460150,0.5
460151,0.5
460152,0.5
460153,0.5
460154,0.5
460155,0.5
460156,0.5
460157,0.5
460158,0.5
460159,0.5
460160,0.5
460161,0.5
460162,0.5
460163,0.5
460164,0.5
460165,0.5
460166,0.5
460167,0.5
460168,0.5
460169,0.5
460170,0.5
460171,0.5
460172,0.5
460173,0.5
460174,0.5
460175,0.5
460176,0.5
460177,0.5
460178,0.5
460179,0.5
460180,0.5
460181,0.5
460182,0.5
460183,0.5
460184,0.5
460185,0.5
460186,0.5
460187,0.5
460188,0.5
460189,0.5
460190,0.5
460191,0.5
460192,0.5
460193,0.5
460194,0.5
460195,0.5
460196,0.5
460197,0.5
460198,0.5
460199,0.5
460200,0.5
460201,0.5
460202,0.5
460203,0.5
460204,0.5
460205,0.5
460206,0.5
460207,0.5
460208,0.5
460209,0.5
460210,0.5
460211,0.5
460212,0.5
460213,0.5
460214,0.5
460215,0.5
460216,0.5
460217,0.5
460218,0.5
460219,0.5
460220,0.5
460221,0.5
460222,0.5
460223,0.5
460224,0.5
460225,0.5
460226,0.5
460227,0.5
460228,0.5
460229,0.5
460230,0.5
460231,0.5
460232,0.5
460233,0.5
460234,0.5
460235,0.5
460236,0.5
460237,0.5
460238,0.5
460239,0.5
460240,0.5
460241,0.5
460242,0.5
460243,0.5
460244,0.5
460245,0.5
460246,0.5
460247,0.5
460248,0.5
460249,0.5
460250,0.5
460251,0.5
460252,0.5
460253,0.5
460254,0.5
460255,0.5
460256,0.5
460257,0.5
460258,0.5
460259,0.5
460260,0.5
460261,0.5
460262,0.5
460263,0.5
460264,0.5
460265,0.5
460266,0.5
460267,0.5
460268,0.5
460269,0.5
460270,0.5
460271,0.5
460272,0.5
460273,0.5
460274,0.5
460275,0.5
460276,0.5
460277,0.5
460278,0.5
460279,0.5
460280,0.5
460281,0.5
460282,0.5
460283,0.5
460284,0.5
460285,0.5
460286,0.5
460287,0.5
460288,0.5
460289,0.5
460290,0.5
460291,0.5
460292,0.5
460293,0.5
460294,0.5
460295,0.5
460296,0.5
460297,0.5
460298,0.5
460299,0.5
460300,0.5
460301,0.5
460302,0.5
460303,0.5
460304,0.5
460305,0.5
460306,0.5
460307,0.5
460308,0.5
460309,0.5
460310,0.5
460311,0.5
460312,0.5
460313,0.5
460314,0.5
460315,0.5
460316,0.5
460317,0.5
460318,0.5
460319,0.5
460320,0.5
460321,0.5
460322,0.5
460323,0.5
460324,0.5
460325,0.5
460326,0.5
460327,0.5
460328,0.5
460329,0.5
460330,0.5
460331,0.5
460332,0.5
460333,0.5
460334,0.5
460335,0.5
460336,0.5
460337,0.5
460338,0.5
460339,0.5
460340,0.5
460341,0.5
460342,0.5
460343,0.5
460344,0.5
460345,0.5
460346,0.5
460347,0.5
460348,0.5
460349,0.5
460350,0.5
460351,0.5
460352,0.5
460353,0.5
460354,0.5
460355,0.5
460356,0.5
460357,0.5
460358,0.5
460359,0.5
460360,0.5
460361,0.5
460362,0.5
460363,0.5
460364,0.5
460365,0.5
460366,0.5
460367,0.5
460368,0.5
460369,0.5
460370,0.5
460371,0.5
460372,0.5
460373,0.5
460374,0.5
460375,0.5
460376,0.5
460377,0.5
460378,0.5
460379,0.5
460380,0.5
460381,0.5
460382,0.5
460383,0.5
460384,0.5
460385,0.5
460386,0.5
460387,0.5
460388,0.5
460389,0.5
460390,0.5
460391,0.5
460392,0.5
460393,0.5
460394,0.5
460395,0.5
460396,0.5
460397,0.5
460398,0.5
460399,0.5
460400,0.5
460401,0.5
460402,0.5
460403,0.5
460404,0.5
460405,0.5
460406,0.5
460407,0.5
460408,0.5
460409,0.5
460410,0.5
460411,0.5
460412,0.5
460413,0.5
460414,0.5
460415,0.5
460416,0.5
460417,0.5
460418,0.5
460419,0.5
460420,0.5
460421,0.5
460422,0.5
460423,0.5
460424,0.5
460425,0.5
460426,0.5
460427,0.5
460428,0.5
460429,0.5
460430,0.5
460431,0.5
460432,0.5
460433,0.5
460434,0.5
460435,0.5
460436,0.5
460437,0.5
460438,0.5
460439,0.5
460440,0.5
460441,0.5
460442,0.5
460443,0.5
460444,0.5
460445,0.5
460446,0.5
460447,0.5
460448,0.5
460449,0.5
460450,0.5
460451,0.5
460452,0.5
460453,0.5
460454,0.5
460455,0.5
460456,0.5
460457,0.5
460458,0.5
460459,0.5
460460,0.5
460461,0.5
460462,0.5
460463,0.5
460464,0.5
460465,0.5
460466,0.5
460467,0.5
460468,0.5
460469,0.5
460470,0.5
460471,0.5
460472,0.5
460473,0.5
460474,0.5
460475,0.5
460476,0.5
460477,0.5
460478,0.5
460479,0.5
460480,0.5
460481,0.5
460482,0.5
460483,0.5
460484,0.5
460485,0.5
460486,0.5
460487,0.5
460488,0.5
460489,0.5
460490,0.5
460491,0.5
460492,0.5
460493,0.5
460494,0.5
460495,0.5
460496,0.5
460497,0.5
460498,0.5
460499,0.5
460500,0.5
460501,0.5
460502,0.5
460503,0.5
460504,0.5
460505,0.5
460506,0.5
460507,0.5
460508,0.5
460509,0.5
460510,0.5
460511,0.5
460512,0.5
460513,0.5
460514,0.5
460515,0.5
460516,0.5
460517,0.5
460518,0.5
460519,0.5
460520,0.5
460521,0.5
460522,0.5
460523,0.5
460524,0.5
460525,0.5
460526,0.5
460527,0.5
460528,0.5
460529,0.5
460530,0.5
460531,0.5
460532,0.5
460533,0.5
460534,0.5
460535,0.5
460536,0.5
460537,0.5
460538,0.5
460539,0.5
460540,0.5
460541,0.5
460542,0.5
460543,0.5
460544,0.5
460545,0.5
460546,0.5
460547,0.5
460548,0.5
460549,0.5
460550,0.5
460551,0.5
460552,0.5
460553,0.5
460554,0.5
460555,0.5
460556,0.5
460557,0.5
460558,0.5
460559,0.5
460560,0.5
460561,0.5
460562,0.5
460563,0.5
460564,0.5
460565,0.5
460566,0.5
460567,0.5
460568,0.5
460569,0.5
460570,0.5
460571,0.5
460572,0.5
460573,0.5
460574,0.5
460575,0.5
460576,0.5
460577,0.5
460578,0.5
460579,0.5
460580,0.5
460581,0.5
460582,0.5
460583,0.5
460584,0.5
460585,0.5
460586,0.5
460587,0.5
460588,0.5
460589,0.5
460590,0.5
460591,0.5
460592,0.5
460593,0.5
460594,0.5
460595,0.5
460596,0.5
460597,0.5
460598,0.5
460599,0.5
460600,0.5
460601,0.5
460602,0.5
460603,0.5
460604,0.5
460605,0.5
460606,0.5
460607,0.5
460608,0.5
460609,0.5
460610,0.5
460611,0.5
460612,0.5
460613,0.5
460614,0.5
460615,0.5
460616,0.5
460617,0.5
460618,0.5
460619,0.5
460620,0.5
460621,0.5
460622,0.5
460623,0.5
460624,0.5
460625,0.5
460626,0.5
460627,0.5
460628,0.5
460629,0.5
460630,0.5
460631,0.5
460632,0.5
460633,0.5
460634,0.5
460635,0.5
460636,0.5
460637,0.5
460638,0.5
460639,0.5
460640,0.5
460641,0.5
460642,0.5
460643,0.5
460644,0.5
460645,0.5
460646,0.5
460647,0.5
460648,0.5
460649,0.5
460650,0.5
460651,0.5
460652,0.5
460653,0.5
460654,0.5
460655,0.5
460656,0.5
460657,0.5
460658,0.5
460659,0.5
460660,0.5
460661,0.5
460662,0.5
460663,0.5
460664,0.5
460665,0.5
460666,0.5
460667,0.5
460668,0.5
460669,0.5
460670,0.5
460671,0.5
460672,0.5
460673,0.5
460674,0.5
460675,0.5
460676,0.5
460677,0.5
460678,0.5
460679,0.5
460680,0.5
460681,0.5
460682,0.5
460683,0.5
460684,0.5
460685,0.5
460686,0.5
460687,0.5
460688,0.5
460689,0.5
460690,0.5
460691,0.5
460692,0.5
460693,0.5
460694,0.5
460695,0.5
460696,0.5
460697,0.5
460698,0.5
460699,0.5
460700,0.5
460701,0.5
460702,0.5
460703,0.5
460704,0.5
460705,0.5
460706,0.5
460707,0.5
460708,0.5
460709,0.5
460710,0.5
460711,0.5
460712,0.5
460713,0.5
460714,0.5
460715,0.5
460716,0.5
460717,0.5
460718,0.5
460719,0.5
460720,0.5
460721,0.5
460722,0.5
460723,0.5
460724,0.5
460725,0.5
460726,0.5
460727,0.5
460728,0.5
460729,0.5
460730,0.5
460731,0.5
460732,0.5
460733,0.5
460734,0.5
460735,0.5
460736,0.5
460737,0.5
460738,0.5
460739,0.5
460740,0.5
460741,0.5
460742,0.5
460743,0.5
460744,0.5
460745,0.5
460746,0.5
460747,0.5
460748,0.5
460749,0.5
460750,0.5
460751,0.5
460752,0.5
460753,0.5
460754,0.5
460755,0.5
460756,0.5
460757,0.5
460758,0.5
460759,0.5
460760,0.5
460761,0.5
460762,0.5
460763,0.5
460764,0.5
460765,0.5
460766,0.5
460767,0.5
460768,0.5
460769,0.5
460770,0.5
460771,0.5
460772,0.5
460773,0.5
460774,0.5
460775,0.5
460776,0.5
460777,0.5
460778,0.5
460779,0.5
460780,0.5
460781,0.5
460782,0.5
460783,0.5
460784,0.5
460785,0.5
460786,0.5
460787,0.5
460788,0.5
460789,0.5
460790,0.5
460791,0.5
460792,0.5
460793,0.5
460794,0.5
460795,0.5
460796,0.5
460797,0.5
460798,0.5
460799,0.5
460800,0.5
460801,0.5
460802,0.5
460803,0.5
460804,0.5
460805,0.5
460806,0.5
460807,0.5
460808,0.5
460809,0.5
460810,0.5
460811,0.5
460812,0.5
460813,0.5
460814,0.5
460815,0.5
460816,0.5
460817,0.5
460818,0.5
460819,0.5
460820,0.5
460821,0.5
460822,0.5
460823,0.5
460824,0.5
460825,0.5
460826,0.5
460827,0.5
460828,0.5
460829,0.5
460830,0.5
460831,0.5
460832,0.5
460833,0.5
460834,0.5
460835,0.5
460836,0.5
460837,0.5
460838,0.5
460839,0.5
460840,0.5
460841,0.5
460842,0.5
460843,0.5
460844,0.5
460845,0.5
460846,0.5
460847,0.5
460848,0.5
460849,0.5
460850,0.5
460851,0.5
460852,0.5
460853,0.5
460854,0.5
460855,0.5
460856,0.5
460857,0.5
460858,0.5
460859,0.5
460860,0.5
460861,0.5
460862,0.5
460863,0.5
460864,0.5
460865,0.5
460866,0.5
460867,0.5
460868,0.5
460869,0.5
460870,0.5
460871,0.5
460872,0.5
460873,0.5
460874,0.5
460875,0.5
460876,0.5
460877,0.5
460878,0.5
460879,0.5
460880,0.5
460881,0.5
460882,0.5
460883,0.5
460884,0.5
460885,0.5
460886,0.5
460887,0.5
460888,0.5
460889,0.5
460890,0.5
460891,0.5
460892,0.5
460893,0.5
460894,0.5
460895,0.5
460896,0.5
460897,0.5
460898,0.5
460899,0.5
460900,0.5
460901,0.5
460902,0.5
460903,0.5
460904,0.5
460905,0.5
460906,0.5
460907,0.5
460908,0.5
460909,0.5
460910,0.5
460911,0.5
460912,0.5
460913,0.5
460914,0.5
460915,0.5
460916,0.5
460917,0.5
460918,0.5
460919,0.5
460920,0.5
460921,0.5
460922,0.5
460923,0.5
460924,0.5
460925,0.5
460926,0.5
460927,0.5
460928,0.5
460929,0.5
460930,0.5
460931,0.5
460932,0.5
460933,0.5
460934,0.5
460935,0.5
460936,0.5
460937,0.5
460938,0.5
460939,0.5
460940,0.5
460941,0.5
460942,0.5
460943,0.5
460944,0.5
460945,0.5
460946,0.5
460947,0.5
460948,0.5
460949,0.5
460950,0.5
460951,0.5
460952,0.5
460953,0.5
460954,0.5
460955,0.5
460956,0.5
460957,0.5
460958,0.5
460959,0.5
460960,0.5
460961,0.5
460962,0.5
460963,0.5
460964,0.5
460965,0.5
460966,0.5
460967,0.5
460968,0.5
460969,0.5
460970,0.5
460971,0.5
460972,0.5
460973,0.5
460974,0.5
460975,0.5
460976,0.5
460977,0.5
460978,0.5
460979,0.5
460980,0.5
460981,0.5
460982,0.5
460983,0.5
460984,0.5
460985,0.5
460986,0.5
460987,0.5
460988,0.5
460989,0.5
460990,0.5
460991,0.5
460992,0.5
460993,0.5
460994,0.5
460995,0.5
460996,0.5
460997,0.5
460998,0.5
460999,0.5
461000,0.5
461001,0.5
461002,0.5
461003,0.5
461004,0.5
461005,0.5
461006,0.5
461007,0.5
461008,0.5
461009,0.5
461010,0.5
461011,0.5
461012,0.5
461013,0.5
461014,0.5
461015,0.5
461016,0.5
461017,0.5
461018,0.5
461019,0.5
461020,0.5
461021,0.5
461022,0.5
461023,0.5
461024,0.5
461025,0.5
461026,0.5
461027,0.5
461028,0.5
461029,0.5
461030,0.5
461031,0.5
461032,0.5
461033,0.5
461034,0.5
461035,0.5
461036,0.5
461037,0.5
461038,0.5
461039,0.5
461040,0.5
461041,0.5
461042,0.5
461043,0.5
461044,0.5
461045,0.5
461046,0.5
461047,0.5
461048,0.5
461049,0.5
461050,0.5
461051,0.5
461052,0.5
461053,0.5
461054,0.5
461055,0.5
461056,0.5
461057,0.5
461058,0.5
461059,0.5
461060,0.5
461061,0.5
461062,0.5
461063,0.5
461064,0.5
461065,0.5
461066,0.5
461067,0.5
461068,0.5
461069,0.5
461070,0.5
461071,0.5
461072,0.5
461073,0.5
461074,0.5
461075,0.5
461076,0.5
461077,0.5
461078,0.5
461079,0.5
461080,0.5
461081,0.5
461082,0.5
461083,0.5
461084,0.5
461085,0.5
461086,0.5
461087,0.5
461088,0.5
461089,0.5
461090,0.5
461091,0.5
461092,0.5
461093,0.5
461094,0.5
461095,0.5
461096,0.5
461097,0.5
461098,0.5
461099,0.5
461100,0.5
461101,0.5
461102,0.5
461103,0.5
461104,0.5
461105,0.5
461106,0.5
461107,0.5
461108,0.5
461109,0.5
461110,0.5
461111,0.5
461112,0.5
461113,0.5
461114,0.5
461115,0.5
461116,0.5
461117,0.5
461118,0.5
461119,0.5
461120,0.5
461121,0.5
461122,0.5
461123,0.5
461124,0.5
461125,0.5
461126,0.5
461127,0.5
461128,0.5
461129,0.5
461130,0.5
461131,0.5
461132,0.5
461133,0.5
461134,0.5
461135,0.5
461136,0.5
461137,0.5
461138,0.5
461139,0.5
461140,0.5
461141,0.5
461142,0.5
461143,0.5
461144,0.5
461145,0.5
461146,0.5
461147,0.5
461148,0.5
461149,0.5
461150,0.5
461151,0.5
461152,0.5
461153,0.5
461154,0.5
461155,0.5
461156,0.5
461157,0.5
461158,0.5
461159,0.5
461160,0.5
461161,0.5
461162,0.5
461163,0.5
461164,0.5
461165,0.5
461166,0.5
461167,0.5
461168,0.5
461169,0.5
461170,0.5
461171,0.5
461172,0.5
461173,0.5
461174,0.5
461175,0.5
461176,0.5
461177,0.5
461178,0.5
461179,0.5
461180,0.5
461181,0.5
461182,0.5
461183,0.5
461184,0.5
461185,0.5
461186,0.5
461187,0.5
461188,0.5
461189,0.5
461190,0.5
461191,0.5
461192,0.5
461193,0.5
461194,0.5
461195,0.5
461196,0.5
461197,0.5
461198,0.5
461199,0.5
461200,0.5
461201,0.5
461202,0.5
461203,0.5
461204,0.5
461205,0.5
461206,0.5
461207,0.5
461208,0.5
461209,0.5
461210,0.5
461211,0.5
461212,0.5
461213,0.5
461214,0.5
461215,0.5
461216,0.5
461217,0.5
461218,0.5
461219,0.5
461220,0.5
461221,0.5
461222,0.5
461223,0.5
461224,0.5
461225,0.5
461226,0.5
461227,0.5
461228,0.5
461229,0.5
461230,0.5
461231,0.5
461232,0.5
461233,0.5
461234,0.5
461235,0.5
461236,0.5
461237,0.5
461238,0.5
461239,0.5
461240,0.5
461241,0.5
461242,0.5
461243,0.5
461244,0.5
461245,0.5
461246,0.5
461247,0.5
461248,0.5
461249,0.5
461250,0.5
461251,0.5
461252,0.5
461253,0.5
461254,0.5
461255,0.5
461256,0.5
461257,0.5
461258,0.5
461259,0.5
461260,0.5
461261,0.5
461262,0.5
461263,0.5
461264,0.5
461265,0.5
461266,0.5
461267,0.5
461268,0.5
461269,0.5
461270,0.5
461271,0.5
461272,0.5
461273,0.5
461274,0.5
461275,0.5
461276,0.5
461277,0.5
461278,0.5
461279,0.5
461280,0.5
461281,0.5
461282,0.5
461283,0.5
461284,0.5
461285,0.5
461286,0.5
461287,0.5
461288,0.5
461289,0.5
461290,0.5
461291,0.5
461292,0.5
461293,0.5
461294,0.5
461295,0.5
461296,0.5
461297,0.5
461298,0.5
461299,0.5
461300,0.5
461301,0.5
461302,0.5
461303,0.5
461304,0.5
461305,0.5
461306,0.5
461307,0.5
461308,0.5
461309,0.5
461310,0.5
461311,0.5
461312,0.5
461313,0.5
461314,0.5
461315,0.5
461316,0.5
461317,0.5
461318,0.5
461319,0.5
461320,0.5
461321,0.5
461322,0.5
461323,0.5
461324,0.5
461325,0.5
461326,0.5
461327,0.5
461328,0.5
461329,0.5
461330,0.5
461331,0.5
461332,0.5
461333,0.5
461334,0.5
461335,0.5
461336,0.5
461337,0.5
461338,0.5
461339,0.5
461340,0.5
461341,0.5
461342,0.5
461343,0.5
461344,0.5
461345,0.5
461346,0.5
461347,0.5
461348,0.5
461349,0.5
461350,0.5
461351,0.5
461352,0.5
461353,0.5
461354,0.5
461355,0.5
461356,0.5
461357,0.5
461358,0.5
461359,0.5
461360,0.5
461361,0.5
461362,0.5
461363,0.5
461364,0.5
461365,0.5
461366,0.5
461367,0.5
461368,0.5
461369,0.5
461370,0.5
461371,0.5
461372,0.5
461373,0.5
461374,0.5
461375,0.5
461376,0.5
461377,0.5
461378,0.5
461379,0.5
461380,0.5
461381,0.5
461382,0.5
461383,0.5
461384,0.5
461385,0.5
461386,0.5
461387,0.5
461388,0.5
461389,0.5
461390,0.5
461391,0.5
461392,0.5
461393,0.5
461394,0.5
461395,0.5
461396,0.5
461397,0.5
461398,0.5
461399,0.5
461400,0.5
461401,0.5
461402,0.5
461403,0.5
461404,0.5
461405,0.5
461406,0.5
461407,0.5
461408,0.5
461409,0.5
461410,0.5
461411,0.5
461412,0.5
461413,0.5
461414,0.5
461415,0.5
461416,0.5
461417,0.5
461418,0.5
461419,0.5
461420,0.5
461421,0.5
461422,0.5
461423,0.5
461424,0.5
461425,0.5
461426,0.5
461427,0.5
461428,0.5
461429,0.5
461430,0.5
461431,0.5
461432,0.5
461433,0.5
461434,0.5
461435,0.5
461436,0.5
461437,0.5
461438,0.5
461439,0.5
461440,0.5
461441,0.5
461442,0.5
461443,0.5
461444,0.5
461445,0.5
461446,0.5
461447,0.5
461448,0.5
461449,0.5
461450,0.5
461451,0.5
461452,0.5
461453,0.5
461454,0.5
461455,0.5
461456,0.5
461457,0.5
461458,0.5
461459,0.5
461460,0.5
461461,0.5
461462,0.5
461463,0.5
461464,0.5
461465,0.5
461466,0.5
461467,0.5
461468,0.5
461469,0.5
461470,0.5
461471,0.5
461472,0.5
461473,0.5
461474,0.5
461475,0.5
461476,0.5
461477,0.5
461478,0.5
461479,0.5
461480,0.5
461481,0.5
461482,0.5
461483,0.5
461484,0.5
461485,0.5
461486,0.5
461487,0.5
461488,0.5
461489,0.5
461490,0.5
461491,0.5
461492,0.5
461493,0.5
461494,0.5
461495,0.5
461496,0.5
461497,0.5
461498,0.5
461499,0.5
461500,0.5
461501,0.5
461502,0.5
461503,0.5
461504,0.5
461505,0.5
461506,0.5
461507,0.5
461508,0.5
461509,0.5
461510,0.5
461511,0.5
461512,0.5
461513,0.5
461514,0.5
461515,0.5
461516,0.5
461517,0.5
461518,0.5
461519,0.5
461520,0.5
461521,0.5
461522,0.5
461523,0.5
461524,0.5
461525,0.5
461526,0.5
461527,0.5
461528,0.5
461529,0.5
461530,0.5
461531,0.5
461532,0.5
461533,0.5
461534,0.5
461535,0.5
461536,0.5
461537,0.5
461538,0.5
461539,0.5
461540,0.5
461541,0.5
461542,0.5
461543,0.5
461544,0.5
461545,0.5
461546,0.5
461547,0.5
461548,0.5
461549,0.5
461550,0.5
461551,0.5
461552,0.5
461553,0.5
461554,0.5
461555,0.5
461556,0.5
461557,0.5
461558,0.5
461559,0.5
461560,0.5
461561,0.5
461562,0.5
461563,0.5
461564,0.5
461565,0.5
461566,0.5
461567,0.5
461568,0.5
461569,0.5
461570,0.5
461571,0.5
461572,0.5
461573,0.5
461574,0.5
461575,0.5
461576,0.5
461577,0.5
461578,0.5
461579,0.5
461580,0.5
461581,0.5
461582,0.5
461583,0.5
461584,0.5
461585,0.5
461586,0.5
461587,0.5
461588,0.5
461589,0.5
461590,0.5
461591,0.5
461592,0.5
461593,0.5
461594,0.5
461595,0.5
461596,0.5
461597,0.5
461598,0.5
461599,0.5
461600,0.5
461601,0.5
461602,0.5
461603,0.5
461604,0.5
461605,0.5
461606,0.5
461607,0.5
461608,0.5
461609,0.5
461610,0.5
461611,0.5
461612,0.5
461613,0.5
461614,0.5
461615,0.5
461616,0.5
461617,0.5
461618,0.5
461619,0.5
461620,0.5
461621,0.5
461622,0.5
461623,0.5
461624,0.5
461625,0.5
461626,0.5
461627,0.5
461628,0.5
461629,0.5
461630,0.5
461631,0.5
461632,0.5
461633,0.5
461634,0.5
461635,0.5
461636,0.5
461637,0.5
461638,0.5
461639,0.5
461640,0.5
461641,0.5
461642,0.5
461643,0.5
461644,0.5
461645,0.5
461646,0.5
461647,0.5
461648,0.5
461649,0.5
461650,0.5
461651,0.5
461652,0.5
461653,0.5
461654,0.5
461655,0.5
461656,0.5
461657,0.5
461658,0.5
461659,0.5
461660,0.5
461661,0.5
461662,0.5
461663,0.5
461664,0.5
461665,0.5
461666,0.5
461667,0.5
461668,0.5
461669,0.5
461670,0.5
461671,0.5
461672,0.5
461673,0.5
461674,0.5
461675,0.5
461676,0.5
461677,0.5
461678,0.5
461679,0.5
461680,0.5
461681,0.5
461682,0.5
461683,0.5
461684,0.5
461685,0.5
461686,0.5
461687,0.5
461688,0.5
461689,0.5
461690,0.5
461691,0.5
461692,0.5
461693,0.5
461694,0.5
461695,0.5
461696,0.5
461697,0.5
461698,0.5
461699,0.5
461700,0.5
461701,0.5
461702,0.5
461703,0.5
461704,0.5
461705,0.5
461706,0.5
461707,0.5
461708,0.5
461709,0.5
461710,0.5
461711,0.5
461712,0.5
461713,0.5
461714,0.5
461715,0.5
461716,0.5
461717,0.5
461718,0.5
461719,0.5
461720,0.5
461721,0.5
461722,0.5
461723,0.5
461724,0.5
461725,0.5
461726,0.5
461727,0.5
461728,0.5
461729,0.5
461730,0.5
461731,0.5
461732,0.5
461733,0.5
461734,0.5
461735,0.5
461736,0.5
461737,0.5
461738,0.5
461739,0.5
461740,0.5
461741,0.5
461742,0.5
461743,0.5
461744,0.5
461745,0.5
461746,0.5
461747,0.5
461748,0.5
461749,0.5
461750,0.5
461751,0.5
461752,0.5
461753,0.5
461754,0.5
461755,0.5
461756,0.5
461757,0.5
461758,0.5
461759,0.5
461760,0.5
461761,0.5
461762,0.5
461763,0.5
461764,0.5
461765,0.5
461766,0.5
461767,0.5
461768,0.5
461769,0.5
461770,0.5
461771,0.5
461772,0.5
461773,0.5
461774,0.5
461775,0.5
461776,0.5
461777,0.5
461778,0.5
461779,0.5
461780,0.5
461781,0.5
461782,0.5
461783,0.5
461784,0.5
461785,0.5
461786,0.5
461787,0.5
461788,0.5
461789,0.5
461790,0.5
461791,0.5
461792,0.5
461793,0.5
461794,0.5
461795,0.5
461796,0.5
461797,0.5
461798,0.5
461799,0.5
461800,0.5
461801,0.5
461802,0.5
461803,0.5
461804,0.5
461805,0.5
461806,0.5
461807,0.5
461808,0.5
461809,0.5
461810,0.5
461811,0.5
461812,0.5
461813,0.5
461814,0.5
461815,0.5
461816,0.5
461817,0.5
461818,0.5
461819,0.5
461820,0.5
461821,0.5
461822,0.5
461823,0.5
461824,0.5
461825,0.5
461826,0.5
461827,0.5
461828,0.5
461829,0.5
461830,0.5
461831,0.5
461832,0.5
461833,0.5
461834,0.5
461835,0.5
461836,0.5
461837,0.5
461838,0.5
461839,0.5
461840,0.5
461841,0.5
461842,0.5
461843,0.5
461844,0.5
461845,0.5
461846,0.5
461847,0.5
461848,0.5
461849,0.5
461850,0.5
461851,0.5
461852,0.5
461853,0.5
461854,0.5
461855,0.5
461856,0.5
461857,0.5
461858,0.5
461859,0.5
461860,0.5
461861,0.5
461862,0.5
461863,0.5
461864,0.5
461865,0.5
461866,0.5
461867,0.5
461868,0.5
461869,0.5
461870,0.5
461871,0.5
461872,0.5
461873,0.5
461874,0.5
461875,0.5
461876,0.5
461877,0.5
461878,0.5
461879,0.5
461880,0.5
461881,0.5
461882,0.5
461883,0.5
461884,0.5
461885,0.5
461886,0.5
461887,0.5
461888,0.5
461889,0.5
461890,0.5
461891,0.5
461892,0.5
461893,0.5
461894,0.5
461895,0.5
461896,0.5
461897,0.5
461898,0.5
461899,0.5
461900,0.5
461901,0.5
461902,0.5
461903,0.5
461904,0.5
461905,0.5
461906,0.5
461907,0.5
461908,0.5
461909,0.5
461910,0.5
461911,0.5
461912,0.5
461913,0.5
461914,0.5
461915,0.5
461916,0.5
461917,0.5
461918,0.5
461919,0.5
461920,0.5
461921,0.5
461922,0.5
461923,0.5
461924,0.5
461925,0.5
461926,0.5
461927,0.5
461928,0.5
461929,0.5
461930,0.5
461931,0.5
461932,0.5
461933,0.5
461934,0.5
461935,0.5
461936,0.5
461937,0.5
461938,0.5
461939,0.5
461940,0.5
461941,0.5
461942,0.5
461943,0.5
461944,0.5
461945,0.5
461946,0.5
461947,0.5
461948,0.5
461949,0.5
461950,0.5
461951,0.5
461952,0.5
461953,0.5
461954,0.5
461955,0.5
461956,0.5
461957,0.5
461958,0.5
461959,0.5
461960,0.5
461961,0.5
461962,0.5
461963,0.5
461964,0.5
461965,0.5
461966,0.5
461967,0.5
461968,0.5
461969,0.5
461970,0.5
461971,0.5
461972,0.5
461973,0.5
461974,0.5
461975,0.5
461976,0.5
461977,0.5
461978,0.5
461979,0.5
461980,0.5
461981,0.5
461982,0.5
461983,0.5
461984,0.5
461985,0.5
461986,0.5
461987,0.5
461988,0.5
461989,0.5
461990,0.5
461991,0.5
461992,0.5
461993,0.5
461994,0.5
461995,0.5
461996,0.5
461997,0.5
461998,0.5
461999,0.5
462000,0.5
462001,0.5
462002,0.5
462003,0.5
462004,0.5
462005,0.5
462006,0.5
462007,0.5
462008,0.5
462009,0.5
462010,0.5
462011,0.5
462012,0.5
462013,0.5
462014,0.5
462015,0.5
462016,0.5
462017,0.5
462018,0.5
462019,0.5
462020,0.5
462021,0.5
462022,0.5
462023,0.5
462024,0.5
462025,0.5
462026,0.5
462027,0.5
462028,0.5
462029,0.5
462030,0.5
462031,0.5
462032,0.5
462033,0.5
462034,0.5
462035,0.5
462036,0.5
462037,0.5
462038,0.5
462039,0.5
462040,0.5
462041,0.5
462042,0.5
462043,0.5
462044,0.5
462045,0.5
462046,0.5
462047,0.5
462048,0.5
462049,0.5
462050,0.5
462051,0.5
462052,0.5
462053,0.5
462054,0.5
462055,0.5
462056,0.5
462057,0.5
462058,0.5
462059,0.5
462060,0.5
462061,0.5
462062,0.5
462063,0.5
462064,0.5
462065,0.5
462066,0.5
462067,0.5
462068,0.5
462069,0.5
462070,0.5
462071,0.5
462072,0.5
462073,0.5
462074,0.5
462075,0.5
462076,0.5
462077,0.5
462078,0.5
462079,0.5
462080,0.5
462081,0.5
462082,0.5
462083,0.5
462084,0.5
462085,0.5
462086,0.5
462087,0.5
462088,0.5
462089,0.5
462090,0.5
462091,0.5
462092,0.5
462093,0.5
462094,0.5
462095,0.5
462096,0.5
462097,0.5
462098,0.5
462099,0.5
462100,0.5
462101,0.5
462102,0.5
462103,0.5
462104,0.5
462105,0.5
462106,0.5
462107,0.5
462108,0.5
462109,0.5
462110,0.5
462111,0.5
462112,0.5
462113,0.5
462114,0.5
462115,0.5
462116,0.5
462117,0.5
462118,0.5
462119,0.5
462120,0.5
462121,0.5
462122,0.5
462123,0.5
462124,0.5
462125,0.5
462126,0.5
462127,0.5
462128,0.5
462129,0.5
462130,0.5
462131,0.5
462132,0.5
462133,0.5
462134,0.5
462135,0.5
462136,0.5
462137,0.5
462138,0.5
462139,0.5
462140,0.5
462141,0.5
462142,0.5
462143,0.5
462144,0.5
462145,0.5
462146,0.5
462147,0.5
462148,0.5
462149,0.5
462150,0.5
462151,0.5
462152,0.5
462153,0.5
462154,0.5
462155,0.5
462156,0.5
462157,0.5
462158,0.5
462159,0.5
462160,0.5
462161,0.5
462162,0.5
462163,0.5
462164,0.5
462165,0.5
462166,0.5
462167,0.5
462168,0.5
462169,0.5
462170,0.5
462171,0.5
462172,0.5
462173,0.5
462174,0.5
462175,0.5
462176,0.5
462177,0.5
462178,0.5
462179,0.5
462180,0.5
462181,0.5
462182,0.5
462183,0.5
462184,0.5
462185,0.5
462186,0.5
462187,0.5
462188,0.5
462189,0.5
462190,0.5
462191,0.5
462192,0.5
462193,0.5
462194,0.5
462195,0.5
462196,0.5
462197,0.5
462198,0.5
462199,0.5
462200,0.5
462201,0.5
462202,0.5
462203,0.5
462204,0.5
462205,0.5
462206,0.5
462207,0.5
462208,0.5
462209,0.5
462210,0.5
462211,0.5
462212,0.5
462213,0.5
462214,0.5
462215,0.5
462216,0.5
462217,0.5
462218,0.5
462219,0.5
462220,0.5
462221,0.5
462222,0.5
462223,0.5
462224,0.5
462225,0.5
462226,0.5
462227,0.5
462228,0.5
462229,0.5
462230,0.5
462231,0.5
462232,0.5
462233,0.5
462234,0.5
462235,0.5
462236,0.5
462237,0.5
462238,0.5
462239,0.5
462240,0.5
462241,0.5
462242,0.5
462243,0.5
462244,0.5
462245,0.5
462246,0.5
462247,0.5
462248,0.5
462249,0.5
462250,0.5
462251,0.5
462252,0.5
462253,0.5
462254,0.5
462255,0.5
462256,0.5
462257,0.5
462258,0.5
462259,0.5
462260,0.5
462261,0.5
462262,0.5
462263,0.5
462264,0.5
462265,0.5
462266,0.5
462267,0.5
462268,0.5
462269,0.5
462270,0.5
462271,0.5
462272,0.5
462273,0.5
462274,0.5
462275,0.5
462276,0.5
462277,0.5
462278,0.5
462279,0.5
462280,0.5
462281,0.5
462282,0.5
462283,0.5
462284,0.5
462285,0.5
462286,0.5
462287,0.5
462288,0.5
462289,0.5
462290,0.5
462291,0.5
462292,0.5
462293,0.5
462294,0.5
462295,0.5
462296,0.5
462297,0.5
462298,0.5
462299,0.5
462300,0.5
462301,0.5
462302,0.5
462303,0.5
462304,0.5
462305,0.5
462306,0.5
462307,0.5
462308,0.5
462309,0.5
462310,0.5
462311,0.5
462312,0.5
462313,0.5
462314,0.5
462315,0.5
462316,0.5
462317,0.5
462318,0.5
462319,0.5
462320,0.5
462321,0.5
462322,0.5
462323,0.5
462324,0.5
462325,0.5
462326,0.5
462327,0.5
462328,0.5
462329,0.5
462330,0.5
462331,0.5
462332,0.5
462333,0.5
462334,0.5
462335,0.5
462336,0.5
462337,0.5
462338,0.5
462339,0.5
462340,0.5
462341,0.5
462342,0.5
462343,0.5
462344,0.5
462345,0.5
462346,0.5
462347,0.5
462348,0.5
462349,0.5
462350,0.5
462351,0.5
462352,0.5
462353,0.5
462354,0.5
462355,0.5
462356,0.5
462357,0.5
462358,0.5
462359,0.5
462360,0.5
462361,0.5
462362,0.5
462363,0.5
462364,0.5
462365,0.5
462366,0.5
462367,0.5
462368,0.5
462369,0.5
462370,0.5
462371,0.5
462372,0.5
462373,0.5
462374,0.5
462375,0.5
462376,0.5
462377,0.5
462378,0.5
462379,0.5
462380,0.5
462381,0.5
462382,0.5
462383,0.5
462384,0.5
462385,0.5
462386,0.5
462387,0.5
462388,0.5
462389,0.5
462390,0.5
462391,0.5
462392,0.5
462393,0.5
462394,0.5
462395,0.5
462396,0.5
462397,0.5
462398,0.5
462399,0.5
462400,0.5
462401,0.5
462402,0.5
462403,0.5
462404,0.5
462405,0.5
462406,0.5
462407,0.5
462408,0.5
462409,0.5
462410,0.5
462411,0.5
462412,0.5
462413,0.5
462414,0.5
462415,0.5
462416,0.5
462417,0.5
462418,0.5
462419,0.5
462420,0.5
462421,0.5
462422,0.5
462423,0.5
462424,0.5
462425,0.5
462426,0.5
462427,0.5
462428,0.5
462429,0.5
462430,0.5
462431,0.5
462432,0.5
462433,0.5
462434,0.5
462435,0.5
462436,0.5
462437,0.5
462438,0.5
462439,0.5
462440,0.5
462441,0.5
462442,0.5
462443,0.5
462444,0.5
462445,0.5
462446,0.5
462447,0.5
462448,0.5
462449,0.5
462450,0.5
462451,0.5
462452,0.5
462453,0.5
462454,0.5
462455,0.5
462456,0.5
462457,0.5
462458,0.5
462459,0.5
462460,0.5
462461,0.5
462462,0.5
462463,0.5
462464,0.5
462465,0.5
462466,0.5
462467,0.5
462468,0.5
462469,0.5
462470,0.5
462471,0.5
462472,0.5
462473,0.5
462474,0.5
462475,0.5
462476,0.5
462477,0.5
462478,0.5
462479,0.5
462480,0.5
462481,0.5
462482,0.5
462483,0.5
462484,0.5
462485,0.5
462486,0.5
462487,0.5
462488,0.5
462489,0.5
462490,0.5
462491,0.5
462492,0.5
462493,0.5
462494,0.5
462495,0.5
462496,0.5
462497,0.5
462498,0.5
462499,0.5
462500,0.5
462501,0.5
462502,0.5
462503,0.5
462504,0.5
462505,0.5
462506,0.5
462507,0.5
462508,0.5
462509,0.5
462510,0.5
462511,0.5
462512,0.5
462513,0.5
462514,0.5
462515,0.5
462516,0.5
462517,0.5
462518,0.5
462519,0.5
462520,0.5
462521,0.5
462522,0.5
462523,0.5
462524,0.5
462525,0.5
462526,0.5
462527,0.5
462528,0.5
462529,0.5
462530,0.5
462531,0.5
462532,0.5
462533,0.5
462534,0.5
462535,0.5
462536,0.5
462537,0.5
462538,0.5
462539,0.5
462540,0.5
462541,0.5
462542,0.5
462543,0.5
462544,0.5
462545,0.5
462546,0.5
462547,0.5
462548,0.5
462549,0.5
462550,0.5
462551,0.5
462552,0.5
462553,0.5
462554,0.5
462555,0.5
462556,0.5
462557,0.5
462558,0.5
462559,0.5
462560,0.5
462561,0.5
462562,0.5
462563,0.5
462564,0.5
462565,0.5
462566,0.5
462567,0.5
462568,0.5
462569,0.5
462570,0.5
462571,0.5
462572,0.5
462573,0.5
462574,0.5
462575,0.5
462576,0.5
462577,0.5
462578,0.5
462579,0.5
462580,0.5
462581,0.5
462582,0.5
462583,0.5
462584,0.5
462585,0.5
462586,0.5
462587,0.5
462588,0.5
462589,0.5
462590,0.5
462591,0.5
462592,0.5
462593,0.5
462594,0.5
462595,0.5
462596,0.5
462597,0.5
462598,0.5
462599,0.5
462600,0.5
462601,0.5
462602,0.5
462603,0.5
462604,0.5
462605,0.5
462606,0.5
462607,0.5
462608,0.5
462609,0.5
462610,0.5
462611,0.5
462612,0.5
462613,0.5
462614,0.5
462615,0.5
462616,0.5
462617,0.5
462618,0.5
462619,0.5
462620,0.5
462621,0.5
462622,0.5
462623,0.5
462624,0.5
462625,0.5
462626,0.5
462627,0.5
462628,0.5
462629,0.5
462630,0.5
462631,0.5
462632,0.5
462633,0.5
462634,0.5
462635,0.5
462636,0.5
462637,0.5
462638,0.5
462639,0.5
462640,0.5
462641,0.5
462642,0.5
462643,0.5
462644,0.5
462645,0.5
462646,0.5
462647,0.5
462648,0.5
462649,0.5
462650,0.5
462651,0.5
462652,0.5
462653,0.5
462654,0.5
462655,0.5
462656,0.5
462657,0.5
462658,0.5
462659,0.5
462660,0.5
462661,0.5
462662,0.5
462663,0.5
462664,0.5
462665,0.5
462666,0.5
462667,0.5
462668,0.5
462669,0.5
462670,0.5
462671,0.5
462672,0.5
462673,0.5
462674,0.5
462675,0.5
462676,0.5
462677,0.5
462678,0.5
462679,0.5
462680,0.5
462681,0.5
462682,0.5
462683,0.5
462684,0.5
462685,0.5
462686,0.5
462687,0.5
462688,0.5
462689,0.5
462690,0.5
462691,0.5
462692,0.5
462693,0.5
462694,0.5
462695,0.5
462696,0.5
462697,0.5
462698,0.5
462699,0.5
462700,0.5
462701,0.5
462702,0.5
462703,0.5
462704,0.5
462705,0.5
462706,0.5
462707,0.5
462708,0.5
462709,0.5
462710,0.5
462711,0.5
462712,0.5
462713,0.5
462714,0.5
462715,0.5
462716,0.5
462717,0.5
462718,0.5
462719,0.5
462720,0.5
462721,0.5
462722,0.5
462723,0.5
462724,0.5
462725,0.5
462726,0.5
462727,0.5
462728,0.5
462729,0.5
462730,0.5
462731,0.5
462732,0.5
462733,0.5
462734,0.5
462735,0.5
462736,0.5
462737,0.5
462738,0.5
462739,0.5
462740,0.5
462741,0.5
462742,0.5
462743,0.5
462744,0.5
462745,0.5
462746,0.5
462747,0.5
462748,0.5
462749,0.5
462750,0.5
462751,0.5
462752,0.5
462753,0.5
462754,0.5
462755,0.5
462756,0.5
462757,0.5
462758,0.5
462759,0.5
462760,0.5
462761,0.5
462762,0.5
462763,0.5
462764,0.5
462765,0.5
462766,0.5
462767,0.5
462768,0.5
462769,0.5
462770,0.5
462771,0.5
462772,0.5
462773,0.5
462774,0.5
462775,0.5
462776,0.5
462777,0.5
462778,0.5
462779,0.5
462780,0.5
462781,0.5
462782,0.5
462783,0.5
462784,0.5
462785,0.5
462786,0.5
462787,0.5
462788,0.5
462789,0.5
462790,0.5
462791,0.5
462792,0.5
462793,0.5
462794,0.5
462795,0.5
462796,0.5
462797,0.5
462798,0.5
462799,0.5
462800,0.5
462801,0.5
462802,0.5
462803,0.5
462804,0.5
462805,0.5
462806,0.5
462807,0.5
462808,0.5
462809,0.5
462810,0.5
462811,0.5
462812,0.5
462813,0.5
462814,0.5
462815,0.5
462816,0.5
462817,0.5
462818,0.5
462819,0.5
462820,0.5
462821,0.5
462822,0.5
462823,0.5
462824,0.5
462825,0.5
462826,0.5
462827,0.5
462828,0.5
462829,0.5
462830,0.5
462831,0.5
462832,0.5
462833,0.5
462834,0.5
462835,0.5
462836,0.5
462837,0.5
462838,0.5
462839,0.5
462840,0.5
462841,0.5
462842,0.5
462843,0.5
462844,0.5
462845,0.5
462846,0.5
462847,0.5
462848,0.5
462849,0.5
462850,0.5
462851,0.5
462852,0.5
462853,0.5
462854,0.5
462855,0.5
462856,0.5
462857,0.5
462858,0.5
462859,0.5
462860,0.5
462861,0.5
462862,0.5
462863,0.5
462864,0.5
462865,0.5
462866,0.5
462867,0.5
462868,0.5
462869,0.5
462870,0.5
462871,0.5
462872,0.5
462873,0.5
462874,0.5
462875,0.5
462876,0.5
462877,0.5
462878,0.5
462879,0.5
462880,0.5
462881,0.5
462882,0.5
462883,0.5
462884,0.5
462885,0.5
462886,0.5
462887,0.5
462888,0.5
462889,0.5
462890,0.5
462891,0.5
462892,0.5
462893,0.5
462894,0.5
462895,0.5
462896,0.5
462897,0.5
462898,0.5
462899,0.5
462900,0.5
462901,0.5
462902,0.5
462903,0.5
462904,0.5
462905,0.5
462906,0.5
462907,0.5
462908,0.5
462909,0.5
462910,0.5
462911,0.5
462912,0.5
462913,0.5
462914,0.5
462915,0.5
462916,0.5
462917,0.5
462918,0.5
462919,0.5
462920,0.5
462921,0.5
462922,0.5
462923,0.5
462924,0.5
462925,0.5
462926,0.5
462927,0.5
462928,0.5
462929,0.5
462930,0.5
462931,0.5
462932,0.5
462933,0.5
462934,0.5
462935,0.5
462936,0.5
462937,0.5
462938,0.5
462939,0.5
462940,0.5
462941,0.5
462942,0.5
462943,0.5
462944,0.5
462945,0.5
462946,0.5
462947,0.5
462948,0.5
462949,0.5
462950,0.5
462951,0.5
462952,0.5
462953,0.5
462954,0.5
462955,0.5
462956,0.5
462957,0.5
462958,0.5
462959,0.5
462960,0.5
462961,0.5
462962,0.5
462963,0.5
462964,0.5
462965,0.5
462966,0.5
462967,0.5
462968,0.5
462969,0.5
462970,0.5
462971,0.5
462972,0.5
462973,0.5
462974,0.5
462975,0.5
462976,0.5
462977,0.5
462978,0.5
462979,0.5
462980,0.5
462981,0.5
462982,0.5
462983,0.5
462984,0.5
462985,0.5
462986,0.5
462987,0.5
462988,0.5
462989,0.5
462990,0.5
462991,0.5
462992,0.5
462993,0.5
462994,0.5
462995,0.5
462996,0.5
462997,0.5
462998,0.5
462999,0.5
463000,0.5
463001,0.5
463002,0.5
463003,0.5
463004,0.5
463005,0.5
463006,0.5
463007,0.5
463008,0.5
463009,0.5
463010,0.5
463011,0.5
463012,0.5
463013,0.5
463014,0.5
463015,0.5
463016,0.5
463017,0.5
463018,0.5
463019,0.5
463020,0.5
463021,0.5
463022,0.5
463023,0.5
463024,0.5
463025,0.5
463026,0.5
463027,0.5
463028,0.5
463029,0.5
463030,0.5
463031,0.5
463032,0.5
463033,0.5
463034,0.5
463035,0.5
463036,0.5
463037,0.5
463038,0.5
463039,0.5
463040,0.5
463041,0.5
463042,0.5
463043,0.5
463044,0.5
463045,0.5
463046,0.5
463047,0.5
463048,0.5
463049,0.5
463050,0.5
463051,0.5
463052,0.5
463053,0.5
463054,0.5
463055,0.5
463056,0.5
463057,0.5
463058,0.5
463059,0.5
463060,0.5
463061,0.5
463062,0.5
463063,0.5
463064,0.5
463065,0.5
463066,0.5
463067,0.5
463068,0.5
463069,0.5
463070,0.5
463071,0.5
463072,0.5
463073,0.5
463074,0.5
463075,0.5
463076,0.5
463077,0.5
463078,0.5
463079,0.5
463080,0.5
463081,0.5
463082,0.5
463083,0.5
463084,0.5
463085,0.5
463086,0.5
463087,0.5
463088,0.5
463089,0.5
463090,0.5
463091,0.5
463092,0.5
463093,0.5
463094,0.5
463095,0.5
463096,0.5
463097,0.5
463098,0.5
463099,0.5
463100,0.5
463101,0.5
463102,0.5
463103,0.5
463104,0.5
463105,0.5
463106,0.5
463107,0.5
463108,0.5
463109,0.5
463110,0.5
463111,0.5
463112,0.5
463113,0.5
463114,0.5
463115,0.5
463116,0.5
463117,0.5
463118,0.5
463119,0.5
463120,0.5
463121,0.5
463122,0.5
463123,0.5
463124,0.5
463125,0.5
463126,0.5
463127,0.5
463128,0.5
463129,0.5
463130,0.5
463131,0.5
463132,0.5
463133,0.5
463134,0.5
463135,0.5
463136,0.5
463137,0.5
463138,0.5
463139,0.5
463140,0.5
463141,0.5
463142,0.5
463143,0.5
463144,0.5
463145,0.5
463146,0.5
463147,0.5
463148,0.5
463149,0.5
463150,0.5
463151,0.5
463152,0.5
463153,0.5
463154,0.5
463155,0.5
463156,0.5
463157,0.5
463158,0.5
463159,0.5
463160,0.5
463161,0.5
463162,0.5
463163,0.5
463164,0.5
463165,0.5
463166,0.5
463167,0.5
463168,0.5
463169,0.5
463170,0.5
463171,0.5
463172,0.5
463173,0.5
463174,0.5
463175,0.5
463176,0.5
463177,0.5
463178,0.5
463179,0.5
463180,0.5
463181,0.5
463182,0.5
463183,0.5
463184,0.5
463185,0.5
463186,0.5
463187,0.5
463188,0.5
463189,0.5
463190,0.5
463191,0.5
463192,0.5
463193,0.5
463194,0.5
463195,0.5
463196,0.5
463197,0.5
463198,0.5
463199,0.5
463200,0.5
463201,0.5
463202,0.5
463203,0.5
463204,0.5
463205,0.5
463206,0.5
463207,0.5
463208,0.5
463209,0.5
463210,0.5
463211,0.5
463212,0.5
463213,0.5
463214,0.5
463215,0.5
463216,0.5
463217,0.5
463218,0.5
463219,0.5
463220,0.5
463221,0.5
463222,0.5
463223,0.5
463224,0.5
463225,0.5
463226,0.5
463227,0.5
463228,0.5
463229,0.5
463230,0.5
463231,0.5
463232,0.5
463233,0.5
463234,0.5
463235,0.5
463236,0.5
463237,0.5
463238,0.5
463239,0.5
463240,0.5
463241,0.5
463242,0.5
463243,0.5
463244,0.5
463245,0.5
463246,0.5
463247,0.5
463248,0.5
463249,0.5
463250,0.5
463251,0.5
463252,0.5
463253,0.5
463254,0.5
463255,0.5
463256,0.5
463257,0.5
463258,0.5
463259,0.5
463260,0.5
463261,0.5
463262,0.5
463263,0.5
463264,0.5
463265,0.5
463266,0.5
463267,0.5
463268,0.5
463269,0.5
463270,0.5
463271,0.5
463272,0.5
463273,0.5
463274,0.5
463275,0.5
463276,0.5
463277,0.5
463278,0.5
463279,0.5
463280,0.5
463281,0.5
463282,0.5
463283,0.5
463284,0.5
463285,0.5
463286,0.5
463287,0.5
463288,0.5
463289,0.5
463290,0.5
463291,0.5
463292,0.5
463293,0.5
463294,0.5
463295,0.5
463296,0.5
463297,0.5
463298,0.5
463299,0.5
463300,0.5
463301,0.5
463302,0.5
463303,0.5
463304,0.5
463305,0.5
463306,0.5
463307,0.5
463308,0.5
463309,0.5
463310,0.5
463311,0.5
463312,0.5
463313,0.5
463314,0.5
463315,0.5
463316,0.5
463317,0.5
463318,0.5
463319,0.5
463320,0.5
463321,0.5
463322,0.5
463323,0.5
463324,0.5
463325,0.5
463326,0.5
463327,0.5
463328,0.5
463329,0.5
463330,0.5
463331,0.5
463332,0.5
463333,0.5
463334,0.5
463335,0.5
463336,0.5
463337,0.5
463338,0.5
463339,0.5
463340,0.5
463341,0.5
463342,0.5
463343,0.5
463344,0.5
463345,0.5
463346,0.5
463347,0.5
463348,0.5
463349,0.5
463350,0.5
463351,0.5
463352,0.5
463353,0.5
463354,0.5
463355,0.5
463356,0.5
463357,0.5
463358,0.5
463359,0.5
463360,0.5
463361,0.5
463362,0.5
463363,0.5
463364,0.5
463365,0.5
463366,0.5
463367,0.5
463368,0.5
463369,0.5
463370,0.5
463371,0.5
463372,0.5
463373,0.5
463374,0.5
463375,0.5
463376,0.5
463377,0.5
463378,0.5
463379,0.5
463380,0.5
463381,0.5
463382,0.5
463383,0.5
463384,0.5
463385,0.5
463386,0.5
463387,0.5
463388,0.5
463389,0.5
463390,0.5
463391,0.5
463392,0.5
463393,0.5
463394,0.5
463395,0.5
463396,0.5
463397,0.5
463398,0.5
463399,0.5
463400,0.5
463401,0.5
463402,0.5
463403,0.5
463404,0.5
463405,0.5
463406,0.5
463407,0.5
463408,0.5
463409,0.5
463410,0.5
463411,0.5
463412,0.5
463413,0.5
463414,0.5
463415,0.5
463416,0.5
463417,0.5
463418,0.5
463419,0.5
463420,0.5
463421,0.5
463422,0.5
463423,0.5
463424,0.5
463425,0.5
463426,0.5
463427,0.5
463428,0.5
463429,0.5
463430,0.5
463431,0.5
463432,0.5
463433,0.5
463434,0.5
463435,0.5
463436,0.5
463437,0.5
463438,0.5
463439,0.5
463440,0.5
463441,0.5
463442,0.5
463443,0.5
463444,0.5
463445,0.5
463446,0.5
463447,0.5
463448,0.5
463449,0.5
463450,0.5
463451,0.5
463452,0.5
463453,0.5
463454,0.5
463455,0.5
463456,0.5
463457,0.5
463458,0.5
463459,0.5
463460,0.5
463461,0.5
463462,0.5
463463,0.5
463464,0.5
463465,0.5
463466,0.5
463467,0.5
463468,0.5
463469,0.5
463470,0.5
463471,0.5
463472,0.5
463473,0.5
463474,0.5
463475,0.5
463476,0.5
463477,0.5
463478,0.5
463479,0.5
463480,0.5
463481,0.5
463482,0.5
463483,0.5
463484,0.5
463485,0.5
463486,0.5
463487,0.5
463488,0.5
463489,0.5
463490,0.5
463491,0.5
463492,0.5
463493,0.5
463494,0.5
463495,0.5
463496,0.5
463497,0.5
463498,0.5
463499,0.5
463500,0.5
463501,0.5
463502,0.5
463503,0.5
463504,0.5
463505,0.5
463506,0.5
463507,0.5
463508,0.5
463509,0.5
463510,0.5
463511,0.5
463512,0.5
463513,0.5
463514,0.5
463515,0.5
463516,0.5
463517,0.5
463518,0.5
463519,0.5
463520,0.5
463521,0.5
463522,0.5
463523,0.5
463524,0.5
463525,0.5
463526,0.5
463527,0.5
463528,0.5
463529,0.5
463530,0.5
463531,0.5
463532,0.5
463533,0.5
463534,0.5
463535,0.5
463536,0.5
463537,0.5
463538,0.5
463539,0.5
463540,0.5
463541,0.5
463542,0.5
463543,0.5
463544,0.5
463545,0.5
463546,0.5
463547,0.5
463548,0.5
463549,0.5
463550,0.5
463551,0.5
463552,0.5
463553,0.5
463554,0.5
463555,0.5
463556,0.5
463557,0.5
463558,0.5
463559,0.5
463560,0.5
463561,0.5
463562,0.5
463563,0.5
463564,0.5
463565,0.5
463566,0.5
463567,0.5
463568,0.5
463569,0.5
463570,0.5
463571,0.5
463572,0.5
463573,0.5
463574,0.5
463575,0.5
463576,0.5
463577,0.5
463578,0.5
463579,0.5
463580,0.5
463581,0.5
463582,0.5
463583,0.5
463584,0.5
463585,0.5
463586,0.5
463587,0.5
463588,0.5
463589,0.5
463590,0.5
463591,0.5
463592,0.5
463593,0.5
463594,0.5
463595,0.5
463596,0.5
463597,0.5
463598,0.5
463599,0.5
463600,0.5
463601,0.5
463602,0.5
463603,0.5
463604,0.5
463605,0.5
463606,0.5
463607,0.5
463608,0.5
463609,0.5
463610,0.5
463611,0.5
463612,0.5
463613,0.5
463614,0.5
463615,0.5
463616,0.5
463617,0.5
463618,0.5
463619,0.5
463620,0.5
463621,0.5
463622,0.5
463623,0.5
463624,0.5
463625,0.5
463626,0.5
463627,0.5
463628,0.5
463629,0.5
463630,0.5
463631,0.5
463632,0.5
463633,0.5
463634,0.5
463635,0.5
463636,0.5
463637,0.5
463638,0.5
463639,0.5
463640,0.5
463641,0.5
463642,0.5
463643,0.5
463644,0.5
463645,0.5
463646,0.5
463647,0.5
463648,0.5
463649,0.5
463650,0.5
463651,0.5
463652,0.5
463653,0.5
463654,0.5
463655,0.5
463656,0.5
463657,0.5
463658,0.5
463659,0.5
463660,0.5
463661,0.5
463662,0.5
463663,0.5
463664,0.5
463665,0.5
463666,0.5
463667,0.5
463668,0.5
463669,0.5
463670,0.5
463671,0.5
463672,0.5
463673,0.5
463674,0.5
463675,0.5
463676,0.5
463677,0.5
463678,0.5
463679,0.5
463680,0.5
463681,0.5
463682,0.5
463683,0.5
463684,0.5
463685,0.5
463686,0.5
463687,0.5
463688,0.5
463689,0.5
463690,0.5
463691,0.5
463692,0.5
463693,0.5
463694,0.5
463695,0.5
463696,0.5
463697,0.5
463698,0.5
463699,0.5
463700,0.5
463701,0.5
463702,0.5
463703,0.5
463704,0.5
463705,0.5
463706,0.5
463707,0.5
463708,0.5
463709,0.5
463710,0.5
463711,0.5
463712,0.5
463713,0.5
463714,0.5
463715,0.5
463716,0.5
463717,0.5
463718,0.5
463719,0.5
463720,0.5
463721,0.5
463722,0.5
463723,0.5
463724,0.5
463725,0.5
463726,0.5
463727,0.5
463728,0.5
463729,0.5
463730,0.5
463731,0.5
463732,0.5
463733,0.5
463734,0.5
463735,0.5
463736,0.5
463737,0.5
463738,0.5
463739,0.5
463740,0.5
463741,0.5
463742,0.5
463743,0.5
463744,0.5
463745,0.5
463746,0.5
463747,0.5
463748,0.5
463749,0.5
463750,0.5
463751,0.5
463752,0.5
463753,0.5
463754,0.5
463755,0.5
463756,0.5
463757,0.5
463758,0.5
463759,0.5
463760,0.5
463761,0.5
463762,0.5
463763,0.5
463764,0.5
463765,0.5
463766,0.5
463767,0.5
463768,0.5
463769,0.5
463770,0.5
463771,0.5
463772,0.5
463773,0.5
463774,0.5
463775,0.5
463776,0.5
463777,0.5
463778,0.5
463779,0.5
463780,0.5
463781,0.5
463782,0.5
463783,0.5
463784,0.5
463785,0.5
463786,0.5
463787,0.5
463788,0.5
463789,0.5
463790,0.5
463791,0.5
463792,0.5
463793,0.5
463794,0.5
463795,0.5
463796,0.5
463797,0.5
463798,0.5
463799,0.5
463800,0.5
463801,0.5
463802,0.5
463803,0.5
463804,0.5
463805,0.5
463806,0.5
463807,0.5
463808,0.5
463809,0.5
463810,0.5
463811,0.5
463812,0.5
463813,0.5
463814,0.5
463815,0.5
463816,0.5
463817,0.5
463818,0.5
463819,0.5
463820,0.5
463821,0.5
463822,0.5
463823,0.5
463824,0.5
463825,0.5
463826,0.5
463827,0.5
463828,0.5
463829,0.5
463830,0.5
463831,0.5
463832,0.5
463833,0.5
463834,0.5
463835,0.5
463836,0.5
463837,0.5
463838,0.5
463839,0.5
463840,0.5
463841,0.5
463842,0.5
463843,0.5
463844,0.5
463845,0.5
463846,0.5
463847,0.5
463848,0.5
463849,0.5
463850,0.5
463851,0.5
463852,0.5
463853,0.5
463854,0.5
463855,0.5
463856,0.5
463857,0.5
463858,0.5
463859,0.5
463860,0.5
463861,0.5
463862,0.5
463863,0.5
463864,0.5
463865,0.5
463866,0.5
463867,0.5
463868,0.5
463869,0.5
463870,0.5
463871,0.5
463872,0.5
463873,0.5
463874,0.5
463875,0.5
463876,0.5
463877,0.5
463878,0.5
463879,0.5
463880,0.5
463881,0.5
463882,0.5
463883,0.5
463884,0.5
463885,0.5
463886,0.5
463887,0.5
463888,0.5
463889,0.5
463890,0.5
463891,0.5
463892,0.5
463893,0.5
463894,0.5
463895,0.5
463896,0.5
463897,0.5
463898,0.5
463899,0.5
463900,0.5
463901,0.5
463902,0.5
463903,0.5
463904,0.5
463905,0.5
463906,0.5
463907,0.5
463908,0.5
463909,0.5
463910,0.5
463911,0.5
463912,0.5
463913,0.5
463914,0.5
463915,0.5
463916,0.5
463917,0.5
463918,0.5
463919,0.5
463920,0.5
463921,0.5
463922,0.5
463923,0.5
463924,0.5
463925,0.5
463926,0.5
463927,0.5
463928,0.5
463929,0.5
463930,0.5
463931,0.5
463932,0.5
463933,0.5
463934,0.5
463935,0.5
463936,0.5
463937,0.5
463938,0.5
463939,0.5
463940,0.5
463941,0.5
463942,0.5
463943,0.5
463944,0.5
463945,0.5
463946,0.5
463947,0.5
463948,0.5
463949,0.5
463950,0.5
463951,0.5
463952,0.5
463953,0.5
463954,0.5
463955,0.5
463956,0.5
463957,0.5
463958,0.5
463959,0.5
463960,0.5
463961,0.5
463962,0.5
463963,0.5
463964,0.5
463965,0.5
463966,0.5
463967,0.5
463968,0.5
463969,0.5
463970,0.5
463971,0.5
463972,0.5
463973,0.5
463974,0.5
463975,0.5
463976,0.5
463977,0.5
463978,0.5
463979,0.5
463980,0.5
463981,0.5
463982,0.5
463983,0.5
463984,0.5
463985,0.5
463986,0.5
463987,0.5
463988,0.5
463989,0.5
463990,0.5
463991,0.5
463992,0.5
463993,0.5
463994,0.5
463995,0.5
463996,0.5
463997,0.5
463998,0.5
463999,0.5
464000,0.5
464001,0.5
464002,0.5
464003,0.5
464004,0.5
464005,0.5
464006,0.5
464007,0.5
464008,0.5
464009,0.5
464010,0.5
464011,0.5
464012,0.5
464013,0.5
464014,0.5
464015,0.5
464016,0.5
464017,0.5
464018,0.5
464019,0.5
464020,0.5
464021,0.5
464022,0.5
464023,0.5
464024,0.5
464025,0.5
464026,0.5
464027,0.5
464028,0.5
464029,0.5
464030,0.5
464031,0.5
464032,0.5
464033,0.5
464034,0.5
464035,0.5
464036,0.5
464037,0.5
464038,0.5
464039,0.5
464040,0.5
464041,0.5
464042,0.5
464043,0.5
464044,0.5
464045,0.5
464046,0.5
464047,0.5
464048,0.5
464049,0.5
464050,0.5
464051,0.5
464052,0.5
464053,0.5
464054,0.5
464055,0.5
464056,0.5
464057,0.5
464058,0.5
464059,0.5
464060,0.5
464061,0.5
464062,0.5
464063,0.5
464064,0.5
464065,0.5
464066,0.5
464067,0.5
464068,0.5
464069,0.5
464070,0.5
464071,0.5
464072,0.5
464073,0.5
464074,0.5
464075,0.5
464076,0.5
464077,0.5
464078,0.5
464079,0.5
464080,0.5
464081,0.5
464082,0.5
464083,0.5
464084,0.5
464085,0.5
464086,0.5
464087,0.5
464088,0.5
464089,0.5
464090,0.5
464091,0.5
464092,0.5
464093,0.5
464094,0.5
464095,0.5
464096,0.5
464097,0.5
464098,0.5
464099,0.5
464100,0.5
464101,0.5
464102,0.5
464103,0.5
464104,0.5
464105,0.5
464106,0.5
464107,0.5
464108,0.5
464109,0.5
464110,0.5
464111,0.5
464112,0.5
464113,0.5
464114,0.5
464115,0.5
464116,0.5
464117,0.5
464118,0.5
464119,0.5
464120,0.5
464121,0.5
464122,0.5
464123,0.5
464124,0.5
464125,0.5
464126,0.5
464127,0.5
464128,0.5
464129,0.5
464130,0.5
464131,0.5
464132,0.5
464133,0.5
464134,0.5
464135,0.5
464136,0.5
464137,0.5
464138,0.5
464139,0.5
464140,0.5
464141,0.5
464142,0.5
464143,0.5
464144,0.5
464145,0.5
464146,0.5
464147,0.5
464148,0.5
464149,0.5
464150,0.5
464151,0.5
464152,0.5
464153,0.5
464154,0.5
464155,0.5
464156,0.5
464157,0.5
464158,0.5
464159,0.5
464160,0.5
464161,0.5
464162,0.5
464163,0.5
464164,0.5
464165,0.5
464166,0.5
464167,0.5
464168,0.5
464169,0.5
464170,0.5
464171,0.5
464172,0.5
464173,0.5
464174,0.5
464175,0.5
464176,0.5
464177,0.5
464178,0.5
464179,0.5
464180,0.5
464181,0.5
464182,0.5
464183,0.5
464184,0.5
464185,0.5
464186,0.5
464187,0.5
464188,0.5
464189,0.5
464190,0.5
464191,0.5
464192,0.5
464193,0.5
464194,0.5
464195,0.5
464196,0.5
464197,0.5
464198,0.5
464199,0.5
464200,0.5
464201,0.5
464202,0.5
464203,0.5
464204,0.5
464205,0.5
464206,0.5
464207,0.5
464208,0.5
464209,0.5
464210,0.5
464211,0.5
464212,0.5
464213,0.5
464214,0.5
464215,0.5
464216,0.5
464217,0.5
464218,0.5
464219,0.5
464220,0.5
464221,0.5
464222,0.5
464223,0.5
464224,0.5
464225,0.5
464226,0.5
464227,0.5
464228,0.5
464229,0.5
464230,0.5
464231,0.5
464232,0.5
464233,0.5
464234,0.5
464235,0.5
464236,0.5
464237,0.5
464238,0.5
464239,0.5
464240,0.5
464241,0.5
464242,0.5
464243,0.5
464244,0.5
464245,0.5
464246,0.5
464247,0.5
464248,0.5
464249,0.5
464250,0.5
464251,0.5
464252,0.5
464253,0.5
464254,0.5
464255,0.5
464256,0.5
464257,0.5
464258,0.5
464259,0.5
464260,0.5
464261,0.5
464262,0.5
464263,0.5
464264,0.5
464265,0.5
464266,0.5
464267,0.5
464268,0.5
464269,0.5
464270,0.5
464271,0.5
464272,0.5
464273,0.5
464274,0.5
464275,0.5
464276,0.5
464277,0.5
464278,0.5
464279,0.5
464280,0.5
464281,0.5
464282,0.5
464283,0.5
464284,0.5
464285,0.5
464286,0.5
464287,0.5
464288,0.5
464289,0.5
464290,0.5
464291,0.5
464292,0.5
464293,0.5
464294,0.5
464295,0.5
464296,0.5
464297,0.5
464298,0.5
464299,0.5
464300,0.5
464301,0.5
464302,0.5
464303,0.5
464304,0.5
464305,0.5
464306,0.5
464307,0.5
464308,0.5
464309,0.5
464310,0.5
464311,0.5
464312,0.5
464313,0.5
464314,0.5
464315,0.5
464316,0.5
464317,0.5
464318,0.5
464319,0.5
464320,0.5
464321,0.5
464322,0.5
464323,0.5
464324,0.5
464325,0.5
464326,0.5
464327,0.5
464328,0.5
464329,0.5
464330,0.5
464331,0.5
464332,0.5
464333,0.5
464334,0.5
464335,0.5
464336,0.5
464337,0.5
464338,0.5
464339,0.5
464340,0.5
464341,0.5
464342,0.5
464343,0.5
464344,0.5
464345,0.5
464346,0.5
464347,0.5
464348,0.5
464349,0.5
464350,0.5
464351,0.5
464352,0.5
464353,0.5
464354,0.5
464355,0.5
464356,0.5
464357,0.5
464358,0.5
464359,0.5
464360,0.5
464361,0.5
464362,0.5
464363,0.5
464364,0.5
464365,0.5
464366,0.5
464367,0.5
464368,0.5
464369,0.5
464370,0.5
464371,0.5
464372,0.5
464373,0.5
464374,0.5
464375,0.5
464376,0.5
464377,0.5
464378,0.5
464379,0.5
464380,0.5
464381,0.5
464382,0.5
464383,0.5
464384,0.5
464385,0.5
464386,0.5
464387,0.5
464388,0.5
464389,0.5
464390,0.5
464391,0.5
464392,0.5
464393,0.5
464394,0.5
464395,0.5
464396,0.5
464397,0.5
464398,0.5
464399,0.5
464400,0.5
464401,0.5
464402,0.5
464403,0.5
464404,0.5
464405,0.5
464406,0.5
464407,0.5
464408,0.5
464409,0.5
464410,0.5
464411,0.5
464412,0.5
464413,0.5
464414,0.5
464415,0.5
464416,0.5
464417,0.5
464418,0.5
464419,0.5
464420,0.5
464421,0.5
464422,0.5
464423,0.5
464424,0.5
464425,0.5
464426,0.5
464427,0.5
464428,0.5
464429,0.5
464430,0.5
464431,0.5
464432,0.5
464433,0.5
464434,0.5
464435,0.5
464436,0.5
464437,0.5
464438,0.5
464439,0.5
464440,0.5
464441,0.5
464442,0.5
464443,0.5
464444,0.5
464445,0.5
464446,0.5
464447,0.5
464448,0.5
464449,0.5
464450,0.5
464451,0.5
464452,0.5
464453,0.5
464454,0.5
464455,0.5
464456,0.5
464457,0.5
464458,0.5
464459,0.5
464460,0.5
464461,0.5
464462,0.5
464463,0.5
464464,0.5
464465,0.5
464466,0.5
464467,0.5
464468,0.5
464469,0.5
464470,0.5
464471,0.5
464472,0.5
464473,0.5
464474,0.5
464475,0.5
464476,0.5
464477,0.5
464478,0.5
464479,0.5
464480,0.5
464481,0.5
464482,0.5
464483,0.5
464484,0.5
464485,0.5
464486,0.5
464487,0.5
464488,0.5
464489,0.5
464490,0.5
464491,0.5
464492,0.5
464493,0.5
464494,0.5
464495,0.5
464496,0.5
464497,0.5
464498,0.5
464499,0.5
464500,0.5
464501,0.5
464502,0.5
464503,0.5
464504,0.5
464505,0.5
464506,0.5
464507,0.5
464508,0.5
464509,0.5
464510,0.5
464511,0.5
464512,0.5
464513,0.5
464514,0.5
464515,0.5
464516,0.5
464517,0.5
464518,0.5
464519,0.5
464520,0.5
464521,0.5
464522,0.5
464523,0.5
464524,0.5
464525,0.5
464526,0.5
464527,0.5
464528,0.5
464529,0.5
464530,0.5
464531,0.5
464532,0.5
464533,0.5
464534,0.5
464535,0.5
464536,0.5
464537,0.5
464538,0.5
464539,0.5
464540,0.5
464541,0.5
464542,0.5
464543,0.5
464544,0.5
464545,0.5
464546,0.5
464547,0.5
464548,0.5
464549,0.5
464550,0.5
464551,0.5
464552,0.5
464553,0.5
464554,0.5
464555,0.5
464556,0.5
464557,0.5
464558,0.5
464559,0.5
464560,0.5
464561,0.5
464562,0.5
464563,0.5
464564,0.5
464565,0.5
464566,0.5
464567,0.5
464568,0.5
464569,0.5
464570,0.5
464571,0.5
464572,0.5
464573,0.5
464574,0.5
464575,0.5
464576,0.5
464577,0.5
464578,0.5
464579,0.5
464580,0.5
464581,0.5
464582,0.5
464583,0.5
464584,0.5
464585,0.5
464586,0.5
464587,0.5
464588,0.5
464589,0.5
464590,0.5
464591,0.5
464592,0.5
464593,0.5
464594,0.5
464595,0.5
464596,0.5
464597,0.5
464598,0.5
464599,0.5
464600,0.5
464601,0.5
464602,0.5
464603,0.5
464604,0.5
464605,0.5
464606,0.5
464607,0.5
464608,0.5
464609,0.5
464610,0.5
464611,0.5
464612,0.5
464613,0.5
464614,0.5
464615,0.5
464616,0.5
464617,0.5
464618,0.5
464619,0.5
464620,0.5
464621,0.5
464622,0.5
464623,0.5
464624,0.5
464625,0.5
464626,0.5
464627,0.5
464628,0.5
464629,0.5
464630,0.5
464631,0.5
464632,0.5
464633,0.5
464634,0.5
464635,0.5
464636,0.5
464637,0.5
464638,0.5
464639,0.5
464640,0.5
464641,0.5
464642,0.5
464643,0.5
464644,0.5
464645,0.5
464646,0.5
464647,0.5
464648,0.5
464649,0.5
464650,0.5
464651,0.5
464652,0.5
464653,0.5
464654,0.5
464655,0.5
464656,0.5
464657,0.5
464658,0.5
464659,0.5
464660,0.5
464661,0.5
464662,0.5
464663,0.5
464664,0.5
464665,0.5
464666,0.5
464667,0.5
464668,0.5
464669,0.5
464670,0.5
464671,0.5
464672,0.5
464673,0.5
464674,0.5
464675,0.5
464676,0.5
464677,0.5
464678,0.5
464679,0.5
464680,0.5
464681,0.5
464682,0.5
464683,0.5
464684,0.5
464685,0.5
464686,0.5
464687,0.5
464688,0.5
464689,0.5
464690,0.5
464691,0.5
464692,0.5
464693,0.5
464694,0.5
464695,0.5
464696,0.5
464697,0.5
464698,0.5
464699,0.5
464700,0.5
464701,0.5
464702,0.5
464703,0.5
464704,0.5
464705,0.5
464706,0.5
464707,0.5
464708,0.5
464709,0.5
464710,0.5
464711,0.5
464712,0.5
464713,0.5
464714,0.5
464715,0.5
464716,0.5
464717,0.5
464718,0.5
464719,0.5
464720,0.5
464721,0.5
464722,0.5
464723,0.5
464724,0.5
464725,0.5
464726,0.5
464727,0.5
464728,0.5
464729,0.5
464730,0.5
464731,0.5
464732,0.5
464733,0.5
464734,0.5
464735,0.5
464736,0.5
464737,0.5
464738,0.5
464739,0.5
464740,0.5
464741,0.5
464742,0.5
464743,0.5
464744,0.5
464745,0.5
464746,0.5
464747,0.5
464748,0.5
464749,0.5
464750,0.5
464751,0.5
464752,0.5
464753,0.5
464754,0.5
464755,0.5
464756,0.5
464757,0.5
464758,0.5
464759,0.5
464760,0.5
464761,0.5
464762,0.5
464763,0.5
464764,0.5
464765,0.5
464766,0.5
464767,0.5
464768,0.5
464769,0.5
464770,0.5
464771,0.5
464772,0.5
464773,0.5
464774,0.5
464775,0.5
464776,0.5
464777,0.5
464778,0.5
464779,0.5
464780,0.5
464781,0.5
464782,0.5
464783,0.5
464784,0.5
464785,0.5
464786,0.5
464787,0.5
464788,0.5
464789,0.5
464790,0.5
464791,0.5
464792,0.5
464793,0.5
464794,0.5
464795,0.5
464796,0.5
464797,0.5
464798,0.5
464799,0.5
464800,0.5
464801,0.5
464802,0.5
464803,0.5
464804,0.5
464805,0.5
464806,0.5
464807,0.5
464808,0.5
464809,0.5
464810,0.5
464811,0.5
464812,0.5
464813,0.5
464814,0.5
464815,0.5
464816,0.5
464817,0.5
464818,0.5
464819,0.5
464820,0.5
464821,0.5
464822,0.5
464823,0.5
464824,0.5
464825,0.5
464826,0.5
464827,0.5
464828,0.5
464829,0.5
464830,0.5
464831,0.5
464832,0.5
464833,0.5
464834,0.5
464835,0.5
464836,0.5
464837,0.5
464838,0.5
464839,0.5
464840,0.5
464841,0.5
464842,0.5
464843,0.5
464844,0.5
464845,0.5
464846,0.5
464847,0.5
464848,0.5
464849,0.5
464850,0.5
464851,0.5
464852,0.5
464853,0.5
464854,0.5
464855,0.5
464856,0.5
464857,0.5
464858,0.5
464859,0.5
464860,0.5
464861,0.5
464862,0.5
464863,0.5
464864,0.5
464865,0.5
464866,0.5
464867,0.5
464868,0.5
464869,0.5
464870,0.5
464871,0.5
464872,0.5
464873,0.5
464874,0.5
464875,0.5
464876,0.5
464877,0.5
464878,0.5
464879,0.5
464880,0.5
464881,0.5
464882,0.5
464883,0.5
464884,0.5
464885,0.5
464886,0.5
464887,0.5
464888,0.5
464889,0.5
464890,0.5
464891,0.5
464892,0.5
464893,0.5
464894,0.5
464895,0.5
464896,0.5
464897,0.5
464898,0.5
464899,0.5
464900,0.5
464901,0.5
464902,0.5
464903,0.5
464904,0.5
464905,0.5
464906,0.5
464907,0.5
464908,0.5
464909,0.5
464910,0.5
464911,0.5
464912,0.5
464913,0.5
464914,0.5
464915,0.5
464916,0.5
464917,0.5
464918,0.5
464919,0.5
464920,0.5
464921,0.5
464922,0.5
464923,0.5
464924,0.5
464925,0.5
464926,0.5
464927,0.5
464928,0.5
464929,0.5
464930,0.5
464931,0.5
464932,0.5
464933,0.5
464934,0.5
464935,0.5
464936,0.5
464937,0.5
464938,0.5
464939,0.5
464940,0.5
464941,0.5
464942,0.5
464943,0.5
464944,0.5
464945,0.5
464946,0.5
464947,0.5
464948,0.5
464949,0.5
464950,0.5
464951,0.5
464952,0.5
464953,0.5
464954,0.5
464955,0.5
464956,0.5
464957,0.5
464958,0.5
464959,0.5
464960,0.5
464961,0.5
464962,0.5
464963,0.5
464964,0.5
464965,0.5
464966,0.5
464967,0.5
464968,0.5
464969,0.5
464970,0.5
464971,0.5
464972,0.5
464973,0.5
464974,0.5
464975,0.5
464976,0.5
464977,0.5
464978,0.5
464979,0.5
464980,0.5
464981,0.5
464982,0.5
464983,0.5
464984,0.5
464985,0.5
464986,0.5
464987,0.5
464988,0.5
464989,0.5
464990,0.5
464991,0.5
464992,0.5
464993,0.5
464994,0.5
464995,0.5
464996,0.5
464997,0.5
464998,0.5
464999,0.5
465000,0.5
465001,0.5
465002,0.5
465003,0.5
465004,0.5
465005,0.5
465006,0.5
465007,0.5
465008,0.5
465009,0.5
465010,0.5
465011,0.5
465012,0.5
465013,0.5
465014,0.5
465015,0.5
465016,0.5
465017,0.5
465018,0.5
465019,0.5
465020,0.5
465021,0.5
465022,0.5
465023,0.5
465024,0.5
465025,0.5
465026,0.5
465027,0.5
465028,0.5
465029,0.5
465030,0.5
465031,0.5
465032,0.5
465033,0.5
465034,0.5
465035,0.5
465036,0.5
465037,0.5
465038,0.5
465039,0.5
465040,0.5
465041,0.5
465042,0.5
465043,0.5
465044,0.5
465045,0.5
465046,0.5
465047,0.5
465048,0.5
465049,0.5
465050,0.5
465051,0.5
465052,0.5
465053,0.5
465054,0.5
465055,0.5
465056,0.5
465057,0.5
465058,0.5
465059,0.5
465060,0.5
465061,0.5
465062,0.5
465063,0.5
465064,0.5
465065,0.5
465066,0.5
465067,0.5
465068,0.5
465069,0.5
465070,0.5
465071,0.5
465072,0.5
465073,0.5
465074,0.5
465075,0.5
465076,0.5
465077,0.5
465078,0.5
465079,0.5
465080,0.5
465081,0.5
465082,0.5
465083,0.5
465084,0.5
465085,0.5
465086,0.5
465087,0.5
465088,0.5
465089,0.5
465090,0.5
465091,0.5
465092,0.5
465093,0.5
465094,0.5
465095,0.5
465096,0.5
465097,0.5
465098,0.5
465099,0.5
465100,0.5
465101,0.5
465102,0.5
465103,0.5
465104,0.5
465105,0.5
465106,0.5
465107,0.5
465108,0.5
465109,0.5
465110,0.5
465111,0.5
465112,0.5
465113,0.5
465114,0.5
465115,0.5
465116,0.5
465117,0.5
465118,0.5
465119,0.5
465120,0.5
465121,0.5
465122,0.5
465123,0.5
465124,0.5
465125,0.5
465126,0.5
465127,0.5
465128,0.5
465129,0.5
465130,0.5
465131,0.5
465132,0.5
465133,0.5
465134,0.5
465135,0.5
465136,0.5
465137,0.5
465138,0.5
465139,0.5
465140,0.5
465141,0.5
465142,0.5
465143,0.5
465144,0.5
465145,0.5
465146,0.5
465147,0.5
465148,0.5
465149,0.5
465150,0.5
465151,0.5
465152,0.5
465153,0.5
465154,0.5
465155,0.5
465156,0.5
465157,0.5
465158,0.5
465159,0.5
465160,0.5
465161,0.5
465162,0.5
465163,0.5
465164,0.5
465165,0.5
465166,0.5
465167,0.5
465168,0.5
465169,0.5
465170,0.5
465171,0.5
465172,0.5
465173,0.5
465174,0.5
465175,0.5
465176,0.5
465177,0.5
465178,0.5
465179,0.5
465180,0.5
465181,0.5
465182,0.5
465183,0.5
465184,0.5
465185,0.5
465186,0.5
465187,0.5
465188,0.5
465189,0.5
465190,0.5
465191,0.5
465192,0.5
465193,0.5
465194,0.5
465195,0.5
465196,0.5
465197,0.5
465198,0.5
465199,0.5
465200,0.5
465201,0.5
465202,0.5
465203,0.5
465204,0.5
465205,0.5
465206,0.5
465207,0.5
465208,0.5
465209,0.5
465210,0.5
465211,0.5
465212,0.5
465213,0.5
465214,0.5
465215,0.5
465216,0.5
465217,0.5
465218,0.5
465219,0.5
465220,0.5
465221,0.5
465222,0.5
465223,0.5
465224,0.5
465225,0.5
465226,0.5
465227,0.5
465228,0.5
465229,0.5
465230,0.5
465231,0.5
465232,0.5
465233,0.5
465234,0.5
465235,0.5
465236,0.5
465237,0.5
465238,0.5
465239,0.5
465240,0.5
465241,0.5
465242,0.5
465243,0.5
465244,0.5
465245,0.5
465246,0.5
465247,0.5
465248,0.5
465249,0.5
465250,0.5
465251,0.5
465252,0.5
465253,0.5
465254,0.5
465255,0.5
465256,0.5
465257,0.5
465258,0.5
465259,0.5
465260,0.5
465261,0.5
465262,0.5
465263,0.5
465264,0.5
465265,0.5
465266,0.5
465267,0.5
465268,0.5
465269,0.5
465270,0.5
465271,0.5
465272,0.5
465273,0.5
465274,0.5
465275,0.5
465276,0.5
465277,0.5
465278,0.5
465279,0.5
465280,0.5
465281,0.5
465282,0.5
465283,0.5
465284,0.5
465285,0.5
465286,0.5
465287,0.5
465288,0.5
465289,0.5
465290,0.5
465291,0.5
465292,0.5
465293,0.5
465294,0.5
465295,0.5
465296,0.5
465297,0.5
465298,0.5
465299,0.5
465300,0.5
465301,0.5
465302,0.5
465303,0.5
465304,0.5
465305,0.5
465306,0.5
465307,0.5
465308,0.5
465309,0.5
465310,0.5
465311,0.5
465312,0.5
465313,0.5
465314,0.5
465315,0.5
465316,0.5
465317,0.5
465318,0.5
465319,0.5
465320,0.5
465321,0.5
465322,0.5
465323,0.5
465324,0.5
465325,0.5
465326,0.5
465327,0.5
465328,0.5
465329,0.5
465330,0.5
465331,0.5
465332,0.5
465333,0.5
465334,0.5
465335,0.5
465336,0.5
465337,0.5
465338,0.5
465339,0.5
465340,0.5
465341,0.5
465342,0.5
465343,0.5
465344,0.5
465345,0.5
465346,0.5
465347,0.5
465348,0.5
465349,0.5
465350,0.5
465351,0.5
465352,0.5
465353,0.5
465354,0.5
465355,0.5
465356,0.5
465357,0.5
465358,0.5
465359,0.5
465360,0.5
465361,0.5
465362,0.5
465363,0.5
465364,0.5
465365,0.5
465366,0.5
465367,0.5
465368,0.5
465369,0.5
465370,0.5
465371,0.5
465372,0.5
465373,0.5
465374,0.5
465375,0.5
465376,0.5
465377,0.5
465378,0.5
465379,0.5
465380,0.5
465381,0.5
465382,0.5
465383,0.5
465384,0.5
465385,0.5
465386,0.5
465387,0.5
465388,0.5
465389,0.5
465390,0.5
465391,0.5
465392,0.5
465393,0.5
465394,0.5
465395,0.5
465396,0.5
465397,0.5
465398,0.5
465399,0.5
465400,0.5
465401,0.5
465402,0.5
465403,0.5
465404,0.5
465405,0.5
465406,0.5
465407,0.5
465408,0.5
465409,0.5
465410,0.5
465411,0.5
465412,0.5
465413,0.5
465414,0.5
465415,0.5
465416,0.5
465417,0.5
465418,0.5
465419,0.5
465420,0.5
465421,0.5
465422,0.5
465423,0.5
465424,0.5
465425,0.5
465426,0.5
465427,0.5
465428,0.5
465429,0.5
465430,0.5
465431,0.5
465432,0.5
465433,0.5
465434,0.5
465435,0.5
465436,0.5
465437,0.5
465438,0.5
465439,0.5
465440,0.5
465441,0.5
465442,0.5
465443,0.5
465444,0.5
465445,0.5
465446,0.5
465447,0.5
465448,0.5
465449,0.5
465450,0.5
465451,0.5
465452,0.5
465453,0.5
465454,0.5
465455,0.5
465456,0.5
465457,0.5
465458,0.5
465459,0.5
465460,0.5
465461,0.5
465462,0.5
465463,0.5
465464,0.5
465465,0.5
465466,0.5
465467,0.5
465468,0.5
465469,0.5
465470,0.5
465471,0.5
465472,0.5
465473,0.5
465474,0.5
465475,0.5
465476,0.5
465477,0.5
465478,0.5
465479,0.5
465480,0.5
465481,0.5
465482,0.5
465483,0.5
465484,0.5
465485,0.5
465486,0.5
465487,0.5
465488,0.5
465489,0.5
465490,0.5
465491,0.5
465492,0.5
465493,0.5
465494,0.5
465495,0.5
465496,0.5
465497,0.5
465498,0.5
465499,0.5
465500,0.5
465501,0.5
465502,0.5
465503,0.5
465504,0.5
465505,0.5
465506,0.5
465507,0.5
465508,0.5
465509,0.5
465510,0.5
465511,0.5
465512,0.5
465513,0.5
465514,0.5
465515,0.5
465516,0.5
465517,0.5
465518,0.5
465519,0.5
465520,0.5
465521,0.5
465522,0.5
465523,0.5
465524,0.5
465525,0.5
465526,0.5
465527,0.5
465528,0.5
465529,0.5
465530,0.5
465531,0.5
465532,0.5
465533,0.5
465534,0.5
465535,0.5
465536,0.5
465537,0.5
465538,0.5
465539,0.5
465540,0.5
465541,0.5
465542,0.5
465543,0.5
465544,0.5
465545,0.5
465546,0.5
465547,0.5
465548,0.5
465549,0.5
465550,0.5
465551,0.5
465552,0.5
465553,0.5
465554,0.5
465555,0.5
465556,0.5
465557,0.5
465558,0.5
465559,0.5
465560,0.5
465561,0.5
465562,0.5
465563,0.5
465564,0.5
465565,0.5
465566,0.5
465567,0.5
465568,0.5
465569,0.5
465570,0.5
465571,0.5
465572,0.5
465573,0.5
465574,0.5
465575,0.5
465576,0.5
465577,0.5
465578,0.5
465579,0.5
465580,0.5
465581,0.5
465582,0.5
465583,0.5
465584,0.5
465585,0.5
465586,0.5
465587,0.5
465588,0.5
465589,0.5
465590,0.5
465591,0.5
465592,0.5
465593,0.5
465594,0.5
465595,0.5
465596,0.5
465597,0.5
465598,0.5
465599,0.5
465600,0.5
465601,0.5
465602,0.5
465603,0.5
465604,0.5
465605,0.5
465606,0.5
465607,0.5
465608,0.5
465609,0.5
465610,0.5
465611,0.5
465612,0.5
465613,0.5
465614,0.5
465615,0.5
465616,0.5
465617,0.5
465618,0.5
465619,0.5
465620,0.5
465621,0.5
465622,0.5
465623,0.5
465624,0.5
465625,0.5
465626,0.5
465627,0.5
465628,0.5
465629,0.5
465630,0.5
465631,0.5
465632,0.5
465633,0.5
465634,0.5
465635,0.5
465636,0.5
465637,0.5
465638,0.5
465639,0.5
465640,0.5
465641,0.5
465642,0.5
465643,0.5
465644,0.5
465645,0.5
465646,0.5
465647,0.5
465648,0.5
465649,0.5
465650,0.5
465651,0.5
465652,0.5
465653,0.5
465654,0.5
465655,0.5
465656,0.5
465657,0.5
465658,0.5
465659,0.5
465660,0.5
465661,0.5
465662,0.5
465663,0.5
465664,0.5
465665,0.5
465666,0.5
465667,0.5
465668,0.5
465669,0.5
465670,0.5
465671,0.5
465672,0.5
465673,0.5
465674,0.5
465675,0.5
465676,0.5
465677,0.5
465678,0.5
465679,0.5
465680,0.5
465681,0.5
465682,0.5
465683,0.5
465684,0.5
465685,0.5
465686,0.5
465687,0.5
465688,0.5
465689,0.5
465690,0.5
465691,0.5
465692,0.5
465693,0.5
465694,0.5
465695,0.5
465696,0.5
465697,0.5
465698,0.5
465699,0.5
465700,0.5
465701,0.5
465702,0.5
465703,0.5
465704,0.5
465705,0.5
465706,0.5
465707,0.5
465708,0.5
465709,0.5
465710,0.5
465711,0.5
465712,0.5
465713,0.5
465714,0.5
465715,0.5
465716,0.5
465717,0.5
465718,0.5
465719,0.5
465720,0.5
465721,0.5
465722,0.5
465723,0.5
465724,0.5
465725,0.5
465726,0.5
465727,0.5
465728,0.5
465729,0.5
465730,0.5
465731,0.5
465732,0.5
465733,0.5
465734,0.5
465735,0.5
465736,0.5
465737,0.5
465738,0.5
465739,0.5
465740,0.5
465741,0.5
465742,0.5
465743,0.5
465744,0.5
465745,0.5
465746,0.5
465747,0.5
465748,0.5
465749,0.5
465750,0.5
465751,0.5
465752,0.5
465753,0.5
465754,0.5
465755,0.5
465756,0.5
465757,0.5
465758,0.5
465759,0.5
465760,0.5
465761,0.5
465762,0.5
465763,0.5
465764,0.5
465765,0.5
465766,0.5
465767,0.5
465768,0.5
465769,0.5
465770,0.5
465771,0.5
465772,0.5
465773,0.5
465774,0.5
465775,0.5
465776,0.5
465777,0.5
465778,0.5
465779,0.5
465780,0.5
465781,0.5
465782,0.5
465783,0.5
465784,0.5
465785,0.5
465786,0.5
465787,0.5
465788,0.5
465789,0.5
465790,0.5
465791,0.5
465792,0.5
465793,0.5
465794,0.5
465795,0.5
465796,0.5
465797,0.5
465798,0.5
465799,0.5
465800,0.5
465801,0.5
465802,0.5
465803,0.5
465804,0.5
465805,0.5
465806,0.5
465807,0.5
465808,0.5
465809,0.5
465810,0.5
465811,0.5
465812,0.5
465813,0.5
465814,0.5
465815,0.5
465816,0.5
465817,0.5
465818,0.5
465819,0.5
465820,0.5
465821,0.5
465822,0.5
465823,0.5
465824,0.5
465825,0.5
465826,0.5
465827,0.5
465828,0.5
465829,0.5
465830,0.5
465831,0.5
465832,0.5
465833,0.5
465834,0.5
465835,0.5
465836,0.5
465837,0.5
465838,0.5
465839,0.5
465840,0.5
465841,0.5
465842,0.5
465843,0.5
465844,0.5
465845,0.5
465846,0.5
465847,0.5
465848,0.5
465849,0.5
465850,0.5
465851,0.5
465852,0.5
465853,0.5
465854,0.5
465855,0.5
465856,0.5
465857,0.5
465858,0.5
465859,0.5
465860,0.5
465861,0.5
465862,0.5
465863,0.5
465864,0.5
465865,0.5
465866,0.5
465867,0.5
465868,0.5
465869,0.5
465870,0.5
465871,0.5
465872,0.5
465873,0.5
465874,0.5
465875,0.5
465876,0.5
465877,0.5
465878,0.5
465879,0.5
465880,0.5
465881,0.5
465882,0.5
465883,0.5
465884,0.5
465885,0.5
465886,0.5
465887,0.5
465888,0.5
465889,0.5
465890,0.5
465891,0.5
465892,0.5
465893,0.5
465894,0.5
465895,0.5
465896,0.5
465897,0.5
465898,0.5
465899,0.5
465900,0.5
465901,0.5
465902,0.5
465903,0.5
465904,0.5
465905,0.5
465906,0.5
465907,0.5
465908,0.5
465909,0.5
465910,0.5
465911,0.5
465912,0.5
465913,0.5
465914,0.5
465915,0.5
465916,0.5
465917,0.5
465918,0.5
465919,0.5
465920,0.5
465921,0.5
465922,0.5
465923,0.5
465924,0.5
465925,0.5
465926,0.5
465927,0.5
465928,0.5
465929,0.5
465930,0.5
465931,0.5
465932,0.5
465933,0.5
465934,0.5
465935,0.5
465936,0.5
465937,0.5
465938,0.5
465939,0.5
465940,0.5
465941,0.5
465942,0.5
465943,0.5
465944,0.5
465945,0.5
465946,0.5
465947,0.5
465948,0.5
465949,0.5
465950,0.5
465951,0.5
465952,0.5
465953,0.5
465954,0.5
465955,0.5
465956,0.5
465957,0.5
465958,0.5
465959,0.5
465960,0.5
465961,0.5
465962,0.5
465963,0.5
465964,0.5
465965,0.5
465966,0.5
465967,0.5
465968,0.5
465969,0.5
465970,0.5
465971,0.5
465972,0.5
465973,0.5
465974,0.5
465975,0.5
465976,0.5
465977,0.5
465978,0.5
465979,0.5
465980,0.5
465981,0.5
465982,0.5
465983,0.5
465984,0.5
465985,0.5
465986,0.5
465987,0.5
465988,0.5
465989,0.5
465990,0.5
465991,0.5
465992,0.5
465993,0.5
465994,0.5
465995,0.5
465996,0.5
465997,0.5
465998,0.5
465999,0.5
466000,0.5
466001,0.5
466002,0.5
466003,0.5
466004,0.5
466005,0.5
466006,0.5
466007,0.5
466008,0.5
466009,0.5
466010,0.5
466011,0.5
466012,0.5
466013,0.5
466014,0.5
466015,0.5
466016,0.5
466017,0.5
466018,0.5
466019,0.5
466020,0.5
466021,0.5
466022,0.5
466023,0.5
466024,0.5
466025,0.5
466026,0.5
466027,0.5
466028,0.5
466029,0.5
466030,0.5
466031,0.5
466032,0.5
466033,0.5
466034,0.5
466035,0.5
466036,0.5
466037,0.5
466038,0.5
466039,0.5
466040,0.5
466041,0.5
466042,0.5
466043,0.5
466044,0.5
466045,0.5
466046,0.5
466047,0.5
466048,0.5
466049,0.5
466050,0.5
466051,0.5
466052,0.5
466053,0.5
466054,0.5
466055,0.5
466056,0.5
466057,0.5
466058,0.5
466059,0.5
466060,0.5
466061,0.5
466062,0.5
466063,0.5
466064,0.5
466065,0.5
466066,0.5
466067,0.5
466068,0.5
466069,0.5
466070,0.5
466071,0.5
466072,0.5
466073,0.5
466074,0.5
466075,0.5
466076,0.5
466077,0.5
466078,0.5
466079,0.5
466080,0.5
466081,0.5
466082,0.5
466083,0.5
466084,0.5
466085,0.5
466086,0.5
466087,0.5
466088,0.5
466089,0.5
466090,0.5
466091,0.5
466092,0.5
466093,0.5
466094,0.5
466095,0.5
466096,0.5
466097,0.5
466098,0.5
466099,0.5
466100,0.5
466101,0.5
466102,0.5
466103,0.5
466104,0.5
466105,0.5
466106,0.5
466107,0.5
466108,0.5
466109,0.5
466110,0.5
466111,0.5
466112,0.5
466113,0.5
466114,0.5
466115,0.5
466116,0.5
466117,0.5
466118,0.5
466119,0.5
466120,0.5
466121,0.5
466122,0.5
466123,0.5
466124,0.5
466125,0.5
466126,0.5
466127,0.5
466128,0.5
466129,0.5
466130,0.5
466131,0.5
466132,0.5
466133,0.5
466134,0.5
466135,0.5
466136,0.5
466137,0.5
466138,0.5
466139,0.5
466140,0.5
466141,0.5
466142,0.5
466143,0.5
466144,0.5
466145,0.5
466146,0.5
466147,0.5
466148,0.5
466149,0.5
466150,0.5
466151,0.5
466152,0.5
466153,0.5
466154,0.5
466155,0.5
466156,0.5
466157,0.5
466158,0.5
466159,0.5
466160,0.5
466161,0.5
466162,0.5
466163,0.5
466164,0.5
466165,0.5
466166,0.5
466167,0.5
466168,0.5
466169,0.5
466170,0.5
466171,0.5
466172,0.5
466173,0.5
466174,0.5
466175,0.5
466176,0.5
466177,0.5
466178,0.5
466179,0.5
466180,0.5
466181,0.5
466182,0.5
466183,0.5
466184,0.5
466185,0.5
466186,0.5
466187,0.5
466188,0.5
466189,0.5
466190,0.5
466191,0.5
466192,0.5
466193,0.5
466194,0.5
466195,0.5
466196,0.5
466197,0.5
466198,0.5
466199,0.5
466200,0.5
466201,0.5
466202,0.5
466203,0.5
466204,0.5
466205,0.5
466206,0.5
466207,0.5
466208,0.5
466209,0.5
466210,0.5
466211,0.5
466212,0.5
466213,0.5
466214,0.5
466215,0.5
466216,0.5
466217,0.5
466218,0.5
466219,0.5
466220,0.5
466221,0.5
466222,0.5
466223,0.5
466224,0.5
466225,0.5
466226,0.5
466227,0.5
466228,0.5
466229,0.5
466230,0.5
466231,0.5
466232,0.5
466233,0.5
466234,0.5
466235,0.5
466236,0.5
466237,0.5
466238,0.5
466239,0.5
466240,0.5
466241,0.5
466242,0.5
466243,0.5
466244,0.5
466245,0.5
466246,0.5
466247,0.5
466248,0.5
466249,0.5
466250,0.5
466251,0.5
466252,0.5
466253,0.5
466254,0.5
466255,0.5
466256,0.5
466257,0.5
466258,0.5
466259,0.5
466260,0.5
466261,0.5
466262,0.5
466263,0.5
466264,0.5
466265,0.5
466266,0.5
466267,0.5
466268,0.5
466269,0.5
466270,0.5
466271,0.5
466272,0.5
466273,0.5
466274,0.5
466275,0.5
466276,0.5
466277,0.5
466278,0.5
466279,0.5
466280,0.5
466281,0.5
466282,0.5
466283,0.5
466284,0.5
466285,0.5
466286,0.5
466287,0.5
466288,0.5
466289,0.5
466290,0.5
466291,0.5
466292,0.5
466293,0.5
466294,0.5
466295,0.5
466296,0.5
466297,0.5
466298,0.5
466299,0.5
466300,0.5
466301,0.5
466302,0.5
466303,0.5
466304,0.5
466305,0.5
466306,0.5
466307,0.5
466308,0.5
466309,0.5
466310,0.5
466311,0.5
466312,0.5
466313,0.5
466314,0.5
466315,0.5
466316,0.5
466317,0.5
466318,0.5
466319,0.5
466320,0.5
466321,0.5
466322,0.5
466323,0.5
466324,0.5
466325,0.5
466326,0.5
466327,0.5
466328,0.5
466329,0.5
466330,0.5
466331,0.5
466332,0.5
466333,0.5
466334,0.5
466335,0.5
466336,0.5
466337,0.5
466338,0.5
466339,0.5
466340,0.5
466341,0.5
466342,0.5
466343,0.5
466344,0.5
466345,0.5
466346,0.5
466347,0.5
466348,0.5
466349,0.5
466350,0.5
466351,0.5
466352,0.5
466353,0.5
466354,0.5
466355,0.5
466356,0.5
466357,0.5
466358,0.5
466359,0.5
466360,0.5
466361,0.5
466362,0.5
466363,0.5
466364,0.5
466365,0.5
466366,0.5
466367,0.5
466368,0.5
466369,0.5
466370,0.5
466371,0.5
466372,0.5
466373,0.5
466374,0.5
466375,0.5
466376,0.5
466377,0.5
466378,0.5
466379,0.5
466380,0.5
466381,0.5
466382,0.5
466383,0.5
466384,0.5
466385,0.5
466386,0.5
466387,0.5
466388,0.5
466389,0.5
466390,0.5
466391,0.5
466392,0.5
466393,0.5
466394,0.5
466395,0.5
466396,0.5
466397,0.5
466398,0.5
466399,0.5
466400,0.5
466401,0.5
466402,0.5
466403,0.5
466404,0.5
466405,0.5
466406,0.5
466407,0.5
466408,0.5
466409,0.5
466410,0.5
466411,0.5
466412,0.5
466413,0.5
466414,0.5
466415,0.5
466416,0.5
466417,0.5
466418,0.5
466419,0.5
466420,0.5
466421,0.5
466422,0.5
466423,0.5
466424,0.5
466425,0.5
466426,0.5
466427,0.5
466428,0.5
466429,0.5
466430,0.5
466431,0.5
466432,0.5
466433,0.5
466434,0.5
466435,0.5
466436,0.5
466437,0.5
466438,0.5
466439,0.5
466440,0.5
466441,0.5
466442,0.5
466443,0.5
466444,0.5
466445,0.5
466446,0.5
466447,0.5
466448,0.5
466449,0.5
466450,0.5
466451,0.5
466452,0.5
466453,0.5
466454,0.5
466455,0.5
466456,0.5
466457,0.5
466458,0.5
466459,0.5
466460,0.5
466461,0.5
466462,0.5
466463,0.5
466464,0.5
466465,0.5
466466,0.5
466467,0.5
466468,0.5
466469,0.5
466470,0.5
466471,0.5
466472,0.5
466473,0.5
466474,0.5
466475,0.5
466476,0.5
466477,0.5
466478,0.5
466479,0.5
466480,0.5
466481,0.5
466482,0.5
466483,0.5
466484,0.5
466485,0.5
466486,0.5
466487,0.5
466488,0.5
466489,0.5
466490,0.5
466491,0.5
466492,0.5
466493,0.5
466494,0.5
466495,0.5
466496,0.5
466497,0.5
466498,0.5
466499,0.5
466500,0.5
466501,0.5
466502,0.5
466503,0.5
466504,0.5
466505,0.5
466506,0.5
466507,0.5
466508,0.5
466509,0.5
466510,0.5
466511,0.5
466512,0.5
466513,0.5
466514,0.5
466515,0.5
466516,0.5
466517,0.5
466518,0.5
466519,0.5
466520,0.5
466521,0.5
466522,0.5
466523,0.5
466524,0.5
466525,0.5
466526,0.5
466527,0.5
466528,0.5
466529,0.5
466530,0.5
466531,0.5
466532,0.5
466533,0.5
466534,0.5
466535,0.5
466536,0.5
466537,0.5
466538,0.5
466539,0.5
466540,0.5
466541,0.5
466542,0.5
466543,0.5
466544,0.5
466545,0.5
466546,0.5
466547,0.5
466548,0.5
466549,0.5
466550,0.5
466551,0.5
466552,0.5
466553,0.5
466554,0.5
466555,0.5
466556,0.5
466557,0.5
466558,0.5
466559,0.5
466560,0.5
466561,0.5
466562,0.5
466563,0.5
466564,0.5
466565,0.5
466566,0.5
466567,0.5
466568,0.5
466569,0.5
466570,0.5
466571,0.5
466572,0.5
466573,0.5
466574,0.5
466575,0.5
466576,0.5
466577,0.5
466578,0.5
466579,0.5
466580,0.5
466581,0.5
466582,0.5
466583,0.5
466584,0.5
466585,0.5
466586,0.5
466587,0.5
466588,0.5
466589,0.5
466590,0.5
466591,0.5
466592,0.5
466593,0.5
466594,0.5
466595,0.5
466596,0.5
466597,0.5
466598,0.5
466599,0.5
466600,0.5
466601,0.5
466602,0.5
466603,0.5
466604,0.5
466605,0.5
466606,0.5
466607,0.5
466608,0.5
466609,0.5
466610,0.5
466611,0.5
466612,0.5
466613,0.5
466614,0.5
466615,0.5
466616,0.5
466617,0.5
466618,0.5
466619,0.5
466620,0.5
466621,0.5
466622,0.5
466623,0.5
466624,0.5
466625,0.5
466626,0.5
466627,0.5
466628,0.5
466629,0.5
466630,0.5
466631,0.5
466632,0.5
466633,0.5
466634,0.5
466635,0.5
466636,0.5
466637,0.5
466638,0.5
466639,0.5
466640,0.5
466641,0.5
466642,0.5
466643,0.5
466644,0.5
466645,0.5
466646,0.5
466647,0.5
466648,0.5
466649,0.5
466650,0.5
466651,0.5
466652,0.5
466653,0.5
466654,0.5
466655,0.5
466656,0.5
466657,0.5
466658,0.5
466659,0.5
466660,0.5
466661,0.5
466662,0.5
466663,0.5
466664,0.5
466665,0.5
466666,0.5
466667,0.5
466668,0.5
466669,0.5
466670,0.5
466671,0.5
466672,0.5
466673,0.5
466674,0.5
466675,0.5
466676,0.5
466677,0.5
466678,0.5
466679,0.5
466680,0.5
466681,0.5
466682,0.5
466683,0.5
466684,0.5
466685,0.5
466686,0.5
466687,0.5
466688,0.5
466689,0.5
466690,0.5
466691,0.5
466692,0.5
466693,0.5
466694,0.5
466695,0.5
466696,0.5
466697,0.5
466698,0.5
466699,0.5
466700,0.5
466701,0.5
466702,0.5
466703,0.5
466704,0.5
466705,0.5
466706,0.5
466707,0.5
466708,0.5
466709,0.5
466710,0.5
466711,0.5
466712,0.5
466713,0.5
466714,0.5
466715,0.5
466716,0.5
466717,0.5
466718,0.5
466719,0.5
466720,0.5
466721,0.5
466722,0.5
466723,0.5
466724,0.5
466725,0.5
466726,0.5
466727,0.5
466728,0.5
466729,0.5
466730,0.5
466731,0.5
466732,0.5
466733,0.5
466734,0.5
466735,0.5
466736,0.5
466737,0.5
466738,0.5
466739,0.5
466740,0.5
466741,0.5
466742,0.5
466743,0.5
466744,0.5
466745,0.5
466746,0.5
466747,0.5
466748,0.5
466749,0.5
466750,0.5
466751,0.5
466752,0.5
466753,0.5
466754,0.5
466755,0.5
466756,0.5
466757,0.5
466758,0.5
466759,0.5
466760,0.5
466761,0.5
466762,0.5
466763,0.5
466764,0.5
466765,0.5
466766,0.5
466767,0.5
466768,0.5
466769,0.5
466770,0.5
466771,0.5
466772,0.5
466773,0.5
466774,0.5
466775,0.5
466776,0.5
466777,0.5
466778,0.5
466779,0.5
466780,0.5
466781,0.5
466782,0.5
466783,0.5
466784,0.5
466785,0.5
466786,0.5
466787,0.5
466788,0.5
466789,0.5
466790,0.5
466791,0.5
466792,0.5
466793,0.5
466794,0.5
466795,0.5
466796,0.5
466797,0.5
466798,0.5
466799,0.5
466800,0.5
466801,0.5
466802,0.5
466803,0.5
466804,0.5
466805,0.5
466806,0.5
466807,0.5
466808,0.5
466809,0.5
466810,0.5
466811,0.5
466812,0.5
466813,0.5
466814,0.5
466815,0.5
466816,0.5
466817,0.5
466818,0.5
466819,0.5
466820,0.5
466821,0.5
466822,0.5
466823,0.5
466824,0.5
466825,0.5
466826,0.5
466827,0.5
466828,0.5
466829,0.5
466830,0.5
466831,0.5
466832,0.5
466833,0.5
466834,0.5
466835,0.5
466836,0.5
466837,0.5
466838,0.5
466839,0.5
466840,0.5
466841,0.5
466842,0.5
466843,0.5
466844,0.5
466845,0.5
466846,0.5
466847,0.5
466848,0.5
466849,0.5
466850,0.5
466851,0.5
466852,0.5
466853,0.5
466854,0.5
466855,0.5
466856,0.5
466857,0.5
466858,0.5
466859,0.5
466860,0.5
466861,0.5
466862,0.5
466863,0.5
466864,0.5
466865,0.5
466866,0.5
466867,0.5
466868,0.5
466869,0.5
466870,0.5
466871,0.5
466872,0.5
466873,0.5
466874,0.5
466875,0.5
466876,0.5
466877,0.5
466878,0.5
466879,0.5
466880,0.5
466881,0.5
466882,0.5
466883,0.5
466884,0.5
466885,0.5
466886,0.5
466887,0.5
466888,0.5
466889,0.5
466890,0.5
466891,0.5
466892,0.5
466893,0.5
466894,0.5
466895,0.5
466896,0.5
466897,0.5
466898,0.5
466899,0.5
466900,0.5
466901,0.5
466902,0.5
466903,0.5
466904,0.5
466905,0.5
466906,0.5
466907,0.5
466908,0.5
466909,0.5
466910,0.5
466911,0.5
466912,0.5
466913,0.5
466914,0.5
466915,0.5
466916,0.5
466917,0.5
466918,0.5
466919,0.5
466920,0.5
466921,0.5
466922,0.5
466923,0.5
466924,0.5
466925,0.5
466926,0.5
466927,0.5
466928,0.5
466929,0.5
466930,0.5
466931,0.5
466932,0.5
466933,0.5
466934,0.5
466935,0.5
466936,0.5
466937,0.5
466938,0.5
466939,0.5
466940,0.5
466941,0.5
466942,0.5
466943,0.5
466944,0.5
466945,0.5
466946,0.5
466947,0.5
466948,0.5
466949,0.5
466950,0.5
466951,0.5
466952,0.5
466953,0.5
466954,0.5
466955,0.5
466956,0.5
466957,0.5
466958,0.5
466959,0.5
466960,0.5
466961,0.5
466962,0.5
466963,0.5
466964,0.5
466965,0.5
466966,0.5
466967,0.5
466968,0.5
466969,0.5
466970,0.5
466971,0.5
466972,0.5
466973,0.5
466974,0.5
466975,0.5
466976,0.5
466977,0.5
466978,0.5
466979,0.5
466980,0.5
466981,0.5
466982,0.5
466983,0.5
466984,0.5
466985,0.5
466986,0.5
466987,0.5
466988,0.5
466989,0.5
466990,0.5
466991,0.5
466992,0.5
466993,0.5
466994,0.5
466995,0.5
466996,0.5
466997,0.5
466998,0.5
466999,0.5
467000,0.5
467001,0.5
467002,0.5
467003,0.5
467004,0.5
467005,0.5
467006,0.5
467007,0.5
467008,0.5
467009,0.5
467010,0.5
467011,0.5
467012,0.5
467013,0.5
467014,0.5
467015,0.5
467016,0.5
467017,0.5
467018,0.5
467019,0.5
467020,0.5
467021,0.5
467022,0.5
467023,0.5
467024,0.5
467025,0.5
467026,0.5
467027,0.5
467028,0.5
467029,0.5
467030,0.5
467031,0.5
467032,0.5
467033,0.5
467034,0.5
467035,0.5
467036,0.5
467037,0.5
467038,0.5
467039,0.5
467040,0.5
467041,0.5
467042,0.5
467043,0.5
467044,0.5
467045,0.5
467046,0.5
467047,0.5
467048,0.5
467049,0.5
467050,0.5
467051,0.5
467052,0.5
467053,0.5
467054,0.5
467055,0.5
467056,0.5
467057,0.5
467058,0.5
467059,0.5
467060,0.5
467061,0.5
467062,0.5
467063,0.5
467064,0.5
467065,0.5
467066,0.5
467067,0.5
467068,0.5
467069,0.5
467070,0.5
467071,0.5
467072,0.5
467073,0.5
467074,0.5
467075,0.5
467076,0.5
467077,0.5
467078,0.5
467079,0.5
467080,0.5
467081,0.5
467082,0.5
467083,0.5
467084,0.5
467085,0.5
467086,0.5
467087,0.5
467088,0.5
467089,0.5
467090,0.5
467091,0.5
467092,0.5
467093,0.5
467094,0.5
467095,0.5
467096,0.5
467097,0.5
467098,0.5
467099,0.5
467100,0.5
467101,0.5
467102,0.5
467103,0.5
467104,0.5
467105,0.5
467106,0.5
467107,0.5
467108,0.5
467109,0.5
467110,0.5
467111,0.5
467112,0.5
467113,0.5
467114,0.5
467115,0.5
467116,0.5
467117,0.5
467118,0.5
467119,0.5
467120,0.5
467121,0.5
467122,0.5
467123,0.5
467124,0.5
467125,0.5
467126,0.5
467127,0.5
467128,0.5
467129,0.5
467130,0.5
467131,0.5
467132,0.5
467133,0.5
467134,0.5
467135,0.5
467136,0.5
467137,0.5
467138,0.5
467139,0.5
467140,0.5
467141,0.5
467142,0.5
467143,0.5
467144,0.5
467145,0.5
467146,0.5
467147,0.5
467148,0.5
467149,0.5
467150,0.5
467151,0.5
467152,0.5
467153,0.5
467154,0.5
467155,0.5
467156,0.5
467157,0.5
467158,0.5
467159,0.5
467160,0.5
467161,0.5
467162,0.5
467163,0.5
467164,0.5
467165,0.5
467166,0.5
467167,0.5
467168,0.5
467169,0.5
467170,0.5
467171,0.5
467172,0.5
467173,0.5
467174,0.5
467175,0.5
467176,0.5
467177,0.5
467178,0.5
467179,0.5
467180,0.5
467181,0.5
467182,0.5
467183,0.5
467184,0.5
467185,0.5
467186,0.5
467187,0.5
467188,0.5
467189,0.5
467190,0.5
467191,0.5
467192,0.5
467193,0.5
467194,0.5
467195,0.5
467196,0.5
467197,0.5
467198,0.5
467199,0.5
467200,0.5
467201,0.5
467202,0.5
467203,0.5
467204,0.5
467205,0.5
467206,0.5
467207,0.5
467208,0.5
467209,0.5
467210,0.5
467211,0.5
467212,0.5
467213,0.5
467214,0.5
467215,0.5
467216,0.5
467217,0.5
467218,0.5
467219,0.5
467220,0.5
467221,0.5
467222,0.5
467223,0.5
467224,0.5
467225,0.5
467226,0.5
467227,0.5
467228,0.5
467229,0.5
467230,0.5
467231,0.5
467232,0.5
467233,0.5
467234,0.5
467235,0.5
467236,0.5
467237,0.5
467238,0.5
467239,0.5
467240,0.5
467241,0.5
467242,0.5
467243,0.5
467244,0.5
467245,0.5
467246,0.5
467247,0.5
467248,0.5
467249,0.5
467250,0.5
467251,0.5
467252,0.5
467253,0.5
467254,0.5
467255,0.5
467256,0.5
467257,0.5
467258,0.5
467259,0.5
467260,0.5
467261,0.5
467262,0.5
467263,0.5
467264,0.5
467265,0.5
467266,0.5
467267,0.5
467268,0.5
467269,0.5
467270,0.5
467271,0.5
467272,0.5
467273,0.5
467274,0.5
467275,0.5
467276,0.5
467277,0.5
467278,0.5
467279,0.5
467280,0.5
467281,0.5
467282,0.5
467283,0.5
467284,0.5
467285,0.5
467286,0.5
467287,0.5
467288,0.5
467289,0.5
467290,0.5
467291,0.5
467292,0.5
467293,0.5
467294,0.5
467295,0.5
467296,0.5
467297,0.5
467298,0.5
467299,0.5
467300,0.5
467301,0.5
467302,0.5
467303,0.5
467304,0.5
467305,0.5
467306,0.5
467307,0.5
467308,0.5
467309,0.5
467310,0.5
467311,0.5
467312,0.5
467313,0.5
467314,0.5
467315,0.5
467316,0.5
467317,0.5
467318,0.5
467319,0.5
467320,0.5
467321,0.5
467322,0.5
467323,0.5
467324,0.5
467325,0.5
467326,0.5
467327,0.5
467328,0.5
467329,0.5
467330,0.5
467331,0.5
467332,0.5
467333,0.5
467334,0.5
467335,0.5
467336,0.5
467337,0.5
467338,0.5
467339,0.5
467340,0.5
467341,0.5
467342,0.5
467343,0.5
467344,0.5
467345,0.5
467346,0.5
467347,0.5
467348,0.5
467349,0.5
467350,0.5
467351,0.5
467352,0.5
467353,0.5
467354,0.5
467355,0.5
467356,0.5
467357,0.5
467358,0.5
467359,0.5
467360,0.5
467361,0.5
467362,0.5
467363,0.5
467364,0.5
467365,0.5
467366,0.5
467367,0.5
467368,0.5
467369,0.5
467370,0.5
467371,0.5
467372,0.5
467373,0.5
467374,0.5
467375,0.5
467376,0.5
467377,0.5
467378,0.5
467379,0.5
467380,0.5
467381,0.5
467382,0.5
467383,0.5
467384,0.5
467385,0.5
467386,0.5
467387,0.5
467388,0.5
467389,0.5
467390,0.5
467391,0.5
467392,0.5
467393,0.5
467394,0.5
467395,0.5
467396,0.5
467397,0.5
467398,0.5
467399,0.5
467400,0.5
467401,0.5
467402,0.5
467403,0.5
467404,0.5
467405,0.5
467406,0.5
467407,0.5
467408,0.5
467409,0.5
467410,0.5
467411,0.5
467412,0.5
467413,0.5
467414,0.5
467415,0.5
467416,0.5
467417,0.5
467418,0.5
467419,0.5
467420,0.5
467421,0.5
467422,0.5
467423,0.5
467424,0.5
467425,0.5
467426,0.5
467427,0.5
467428,0.5
467429,0.5
467430,0.5
467431,0.5
467432,0.5
467433,0.5
467434,0.5
467435,0.5
467436,0.5
467437,0.5
467438,0.5
467439,0.5
467440,0.5
467441,0.5
467442,0.5
467443,0.5
467444,0.5
467445,0.5
467446,0.5
467447,0.5
467448,0.5
467449,0.5
467450,0.5
467451,0.5
467452,0.5
467453,0.5
467454,0.5
467455,0.5
467456,0.5
467457,0.5
467458,0.5
467459,0.5
467460,0.5
467461,0.5
467462,0.5
467463,0.5
467464,0.5
467465,0.5
467466,0.5
467467,0.5
467468,0.5
467469,0.5
467470,0.5
467471,0.5
467472,0.5
467473,0.5
467474,0.5
467475,0.5
467476,0.5
467477,0.5
467478,0.5
467479,0.5
467480,0.5
467481,0.5
467482,0.5
467483,0.5
467484,0.5
467485,0.5
467486,0.5
467487,0.5
467488,0.5
467489,0.5
467490,0.5
467491,0.5
467492,0.5
467493,0.5
467494,0.5
467495,0.5
467496,0.5
467497,0.5
467498,0.5
467499,0.5
467500,0.5
467501,0.5
467502,0.5
467503,0.5
467504,0.5
467505,0.5
467506,0.5
467507,0.5
467508,0.5
467509,0.5
467510,0.5
467511,0.5
467512,0.5
467513,0.5
467514,0.5
467515,0.5
467516,0.5
467517,0.5
467518,0.5
467519,0.5
467520,0.5
467521,0.5
467522,0.5
467523,0.5
467524,0.5
467525,0.5
467526,0.5
467527,0.5
467528,0.5
467529,0.5
467530,0.5
467531,0.5
467532,0.5
467533,0.5
467534,0.5
467535,0.5
467536,0.5
467537,0.5
467538,0.5
467539,0.5
467540,0.5
467541,0.5
467542,0.5
467543,0.5
467544,0.5
467545,0.5
467546,0.5
467547,0.5
467548,0.5
467549,0.5
467550,0.5
467551,0.5
467552,0.5
467553,0.5
467554,0.5
467555,0.5
467556,0.5
467557,0.5
467558,0.5
467559,0.5
467560,0.5
467561,0.5
467562,0.5
467563,0.5
467564,0.5
467565,0.5
467566,0.5
467567,0.5
467568,0.5
467569,0.5
467570,0.5
467571,0.5
467572,0.5
467573,0.5
467574,0.5
467575,0.5
467576,0.5
467577,0.5
467578,0.5
467579,0.5
467580,0.5
467581,0.5
467582,0.5
467583,0.5
467584,0.5
467585,0.5
467586,0.5
467587,0.5
467588,0.5
467589,0.5
467590,0.5
467591,0.5
467592,0.5
467593,0.5
467594,0.5
467595,0.5
467596,0.5
467597,0.5
467598,0.5
467599,0.5
467600,0.5
467601,0.5
467602,0.5
467603,0.5
467604,0.5
467605,0.5
467606,0.5
467607,0.5
467608,0.5
467609,0.5
467610,0.5
467611,0.5
467612,0.5
467613,0.5
467614,0.5
467615,0.5
467616,0.5
467617,0.5
467618,0.5
467619,0.5
467620,0.5
467621,0.5
467622,0.5
467623,0.5
467624,0.5
467625,0.5
467626,0.5
467627,0.5
467628,0.5
467629,0.5
467630,0.5
467631,0.5
467632,0.5
467633,0.5
467634,0.5
467635,0.5
467636,0.5
467637,0.5
467638,0.5
467639,0.5
467640,0.5
467641,0.5
467642,0.5
467643,0.5
467644,0.5
467645,0.5
467646,0.5
467647,0.5
467648,0.5
467649,0.5
467650,0.5
467651,0.5
467652,0.5
467653,0.5
467654,0.5
467655,0.5
467656,0.5
467657,0.5
467658,0.5
467659,0.5
467660,0.5
467661,0.5
467662,0.5
467663,0.5
467664,0.5
467665,0.5
467666,0.5
467667,0.5
467668,0.5
467669,0.5
467670,0.5
467671,0.5
467672,0.5
467673,0.5
467674,0.5
467675,0.5
467676,0.5
467677,0.5
467678,0.5
467679,0.5
467680,0.5
467681,0.5
467682,0.5
467683,0.5
467684,0.5
467685,0.5
467686,0.5
467687,0.5
467688,0.5
467689,0.5
467690,0.5
467691,0.5
467692,0.5
467693,0.5
467694,0.5
467695,0.5
467696,0.5
467697,0.5
467698,0.5
467699,0.5
467700,0.5
467701,0.5
467702,0.5
467703,0.5
467704,0.5
467705,0.5
467706,0.5
467707,0.5
467708,0.5
467709,0.5
467710,0.5
467711,0.5
467712,0.5
467713,0.5
467714,0.5
467715,0.5
467716,0.5
467717,0.5
467718,0.5
467719,0.5
467720,0.5
467721,0.5
467722,0.5
467723,0.5
467724,0.5
467725,0.5
467726,0.5
467727,0.5
467728,0.5
467729,0.5
467730,0.5
467731,0.5
467732,0.5
467733,0.5
467734,0.5
467735,0.5
467736,0.5
467737,0.5
467738,0.5
467739,0.5
467740,0.5
467741,0.5
467742,0.5
467743,0.5
467744,0.5
467745,0.5
467746,0.5
467747,0.5
467748,0.5
467749,0.5
467750,0.5
467751,0.5
467752,0.5
467753,0.5
467754,0.5
467755,0.5
467756,0.5
467757,0.5
467758,0.5
467759,0.5
467760,0.5
467761,0.5
467762,0.5
467763,0.5
467764,0.5
467765,0.5
467766,0.5
467767,0.5
467768,0.5
467769,0.5
467770,0.5
467771,0.5
467772,0.5
467773,0.5
467774,0.5
467775,0.5
467776,0.5
467777,0.5
467778,0.5
467779,0.5
467780,0.5
467781,0.5
467782,0.5
467783,0.5
467784,0.5
467785,0.5
467786,0.5
467787,0.5
467788,0.5
467789,0.5
467790,0.5
467791,0.5
467792,0.5
467793,0.5
467794,0.5
467795,0.5
467796,0.5
467797,0.5
467798,0.5
467799,0.5
467800,0.5
467801,0.5
467802,0.5
467803,0.5
467804,0.5
467805,0.5
467806,0.5
467807,0.5
467808,0.5
467809,0.5
467810,0.5
467811,0.5
467812,0.5
467813,0.5
467814,0.5
467815,0.5
467816,0.5
467817,0.5
467818,0.5
467819,0.5
467820,0.5
467821,0.5
467822,0.5
467823,0.5
467824,0.5
467825,0.5
467826,0.5
467827,0.5
467828,0.5
467829,0.5
467830,0.5
467831,0.5
467832,0.5
467833,0.5
467834,0.5
467835,0.5
467836,0.5
467837,0.5
467838,0.5
467839,0.5
467840,0.5
467841,0.5
467842,0.5
467843,0.5
467844,0.5
467845,0.5
467846,0.5
467847,0.5
467848,0.5
467849,0.5
467850,0.5
467851,0.5
467852,0.5
467853,0.5
467854,0.5
467855,0.5
467856,0.5
467857,0.5
467858,0.5
467859,0.5
467860,0.5
467861,0.5
467862,0.5
467863,0.5
467864,0.5
467865,0.5
467866,0.5
467867,0.5
467868,0.5
467869,0.5
467870,0.5
467871,0.5
467872,0.5
467873,0.5
467874,0.5
467875,0.5
467876,0.5
467877,0.5
467878,0.5
467879,0.5
467880,0.5
467881,0.5
467882,0.5
467883,0.5
467884,0.5
467885,0.5
467886,0.5
467887,0.5
467888,0.5
467889,0.5
467890,0.5
467891,0.5
467892,0.5
467893,0.5
467894,0.5
467895,0.5
467896,0.5
467897,0.5
467898,0.5
467899,0.5
467900,0.5
467901,0.5
467902,0.5
467903,0.5
467904,0.5
467905,0.5
467906,0.5
467907,0.5
467908,0.5
467909,0.5
467910,0.5
467911,0.5
467912,0.5
467913,0.5
467914,0.5
467915,0.5
467916,0.5
467917,0.5
467918,0.5
467919,0.5
467920,0.5
467921,0.5
467922,0.5
467923,0.5
467924,0.5
467925,0.5
467926,0.5
467927,0.5
467928,0.5
467929,0.5
467930,0.5
467931,0.5
467932,0.5
467933,0.5
467934,0.5
467935,0.5
467936,0.5
467937,0.5
467938,0.5
467939,0.5
467940,0.5
467941,0.5
467942,0.5
467943,0.5
467944,0.5
467945,0.5
467946,0.5
467947,0.5
467948,0.5
467949,0.5
467950,0.5
467951,0.5
467952,0.5
467953,0.5
467954,0.5
467955,0.5
467956,0.5
467957,0.5
467958,0.5
467959,0.5
467960,0.5
467961,0.5
467962,0.5
467963,0.5
467964,0.5
467965,0.5
467966,0.5
467967,0.5
467968,0.5
467969,0.5
467970,0.5
467971,0.5
467972,0.5
467973,0.5
467974,0.5
467975,0.5
467976,0.5
467977,0.5
467978,0.5
467979,0.5
467980,0.5
467981,0.5
467982,0.5
467983,0.5
467984,0.5
467985,0.5
467986,0.5
467987,0.5
467988,0.5
467989,0.5
467990,0.5
467991,0.5
467992,0.5
467993,0.5
467994,0.5
467995,0.5
467996,0.5
467997,0.5
467998,0.5
467999,0.5
468000,0.5
468001,0.5
468002,0.5
468003,0.5
468004,0.5
468005,0.5
468006,0.5
468007,0.5
468008,0.5
468009,0.5
468010,0.5
468011,0.5
468012,0.5
468013,0.5
468014,0.5
468015,0.5
468016,0.5
468017,0.5
468018,0.5
468019,0.5
468020,0.5
468021,0.5
468022,0.5
468023,0.5
468024,0.5
468025,0.5
468026,0.5
468027,0.5
468028,0.5
468029,0.5
468030,0.5
468031,0.5
468032,0.5
468033,0.5
468034,0.5
468035,0.5
468036,0.5
468037,0.5
468038,0.5
468039,0.5
468040,0.5
468041,0.5
468042,0.5
468043,0.5
468044,0.5
468045,0.5
468046,0.5
468047,0.5
468048,0.5
468049,0.5
468050,0.5
468051,0.5
468052,0.5
468053,0.5
468054,0.5
468055,0.5
468056,0.5
468057,0.5
468058,0.5
468059,0.5
468060,0.5
468061,0.5
468062,0.5
468063,0.5
468064,0.5
468065,0.5
468066,0.5
468067,0.5
468068,0.5
468069,0.5
468070,0.5
468071,0.5
468072,0.5
468073,0.5
468074,0.5
468075,0.5
468076,0.5
468077,0.5
468078,0.5
468079,0.5
468080,0.5
468081,0.5
468082,0.5
468083,0.5
468084,0.5
468085,0.5
468086,0.5
468087,0.5
468088,0.5
468089,0.5
468090,0.5
468091,0.5
468092,0.5
468093,0.5
468094,0.5
468095,0.5
468096,0.5
468097,0.5
468098,0.5
468099,0.5
468100,0.5
468101,0.5
468102,0.5
468103,0.5
468104,0.5
468105,0.5
468106,0.5
468107,0.5
468108,0.5
468109,0.5
468110,0.5
468111,0.5
468112,0.5
468113,0.5
468114,0.5
468115,0.5
468116,0.5
468117,0.5
468118,0.5
468119,0.5
468120,0.5
468121,0.5
468122,0.5
468123,0.5
468124,0.5
468125,0.5
468126,0.5
468127,0.5
468128,0.5
468129,0.5
468130,0.5
468131,0.5
468132,0.5
468133,0.5
468134,0.5
468135,0.5
468136,0.5
468137,0.5
468138,0.5
468139,0.5
468140,0.5
468141,0.5
468142,0.5
468143,0.5
468144,0.5
468145,0.5
468146,0.5
468147,0.5
468148,0.5
468149,0.5
468150,0.5
468151,0.5
468152,0.5
468153,0.5
468154,0.5
468155,0.5
468156,0.5
468157,0.5
468158,0.5
468159,0.5
468160,0.5
468161,0.5
468162,0.5
468163,0.5
468164,0.5
468165,0.5
468166,0.5
468167,0.5
468168,0.5
468169,0.5
468170,0.5
468171,0.5
468172,0.5
468173,0.5
468174,0.5
468175,0.5
468176,0.5
468177,0.5
468178,0.5
468179,0.5
468180,0.5
468181,0.5
468182,0.5
468183,0.5
468184,0.5
468185,0.5
468186,0.5
468187,0.5
468188,0.5
468189,0.5
468190,0.5
468191,0.5
468192,0.5
468193,0.5
468194,0.5
468195,0.5
468196,0.5
468197,0.5
468198,0.5
468199,0.5
468200,0.5
468201,0.5
468202,0.5
468203,0.5
468204,0.5
468205,0.5
468206,0.5
468207,0.5
468208,0.5
468209,0.5
468210,0.5
468211,0.5
468212,0.5
468213,0.5
468214,0.5
468215,0.5
468216,0.5
468217,0.5
468218,0.5
468219,0.5
468220,0.5
468221,0.5
468222,0.5
468223,0.5
468224,0.5
468225,0.5
468226,0.5
468227,0.5
468228,0.5
468229,0.5
468230,0.5
468231,0.5
468232,0.5
468233,0.5
468234,0.5
468235,0.5
468236,0.5
468237,0.5
468238,0.5
468239,0.5
468240,0.5
468241,0.5
468242,0.5
468243,0.5
468244,0.5
468245,0.5
468246,0.5
468247,0.5
468248,0.5
468249,0.5
468250,0.5
468251,0.5
468252,0.5
468253,0.5
468254,0.5
468255,0.5
468256,0.5
468257,0.5
468258,0.5
468259,0.5
468260,0.5
468261,0.5
468262,0.5
468263,0.5
468264,0.5
468265,0.5
468266,0.5
468267,0.5
468268,0.5
468269,0.5
468270,0.5
468271,0.5
468272,0.5
468273,0.5
468274,0.5
468275,0.5
468276,0.5
468277,0.5
468278,0.5
468279,0.5
468280,0.5
468281,0.5
468282,0.5
468283,0.5
468284,0.5
468285,0.5
468286,0.5
468287,0.5
468288,0.5
468289,0.5
468290,0.5
468291,0.5
468292,0.5
468293,0.5
468294,0.5
468295,0.5
468296,0.5
468297,0.5
468298,0.5
468299,0.5
468300,0.5
468301,0.5
468302,0.5
468303,0.5
468304,0.5
468305,0.5
468306,0.5
468307,0.5
468308,0.5
468309,0.5
468310,0.5
468311,0.5
468312,0.5
468313,0.5
468314,0.5
468315,0.5
468316,0.5
468317,0.5
468318,0.5
468319,0.5
468320,0.5
468321,0.5
468322,0.5
468323,0.5
468324,0.5
468325,0.5
468326,0.5
468327,0.5
468328,0.5
468329,0.5
468330,0.5
468331,0.5
468332,0.5
468333,0.5
468334,0.5
468335,0.5
468336,0.5
468337,0.5
468338,0.5
468339,0.5
468340,0.5
468341,0.5
468342,0.5
468343,0.5
468344,0.5
468345,0.5
468346,0.5
468347,0.5
468348,0.5
468349,0.5
468350,0.5
468351,0.5
468352,0.5
468353,0.5
468354,0.5
468355,0.5
468356,0.5
468357,0.5
468358,0.5
468359,0.5
468360,0.5
468361,0.5
468362,0.5
468363,0.5
468364,0.5
468365,0.5
468366,0.5
468367,0.5
468368,0.5
468369,0.5
468370,0.5
468371,0.5
468372,0.5
468373,0.5
468374,0.5
468375,0.5
468376,0.5
468377,0.5
468378,0.5
468379,0.5
468380,0.5
468381,0.5
468382,0.5
468383,0.5
468384,0.5
468385,0.5
468386,0.5
468387,0.5
468388,0.5
468389,0.5
468390,0.5
468391,0.5
468392,0.5
468393,0.5
468394,0.5
468395,0.5
468396,0.5
468397,0.5
468398,0.5
468399,0.5
468400,0.5
468401,0.5
468402,0.5
468403,0.5
468404,0.5
468405,0.5
468406,0.5
468407,0.5
468408,0.5
468409,0.5
468410,0.5
468411,0.5
468412,0.5
468413,0.5
468414,0.5
468415,0.5
468416,0.5
468417,0.5
468418,0.5
468419,0.5
468420,0.5
468421,0.5
468422,0.5
468423,0.5
468424,0.5
468425,0.5
468426,0.5
468427,0.5
468428,0.5
468429,0.5
468430,0.5
468431,0.5
468432,0.5
468433,0.5
468434,0.5
468435,0.5
468436,0.5
468437,0.5
468438,0.5
468439,0.5
468440,0.5
468441,0.5
468442,0.5
468443,0.5
468444,0.5
468445,0.5
468446,0.5
468447,0.5
468448,0.5
468449,0.5
468450,0.5
468451,0.5
468452,0.5
468453,0.5
468454,0.5
468455,0.5
468456,0.5
468457,0.5
468458,0.5
468459,0.5
468460,0.5
468461,0.5
468462,0.5
468463,0.5
468464,0.5
468465,0.5
468466,0.5
468467,0.5
468468,0.5
468469,0.5
468470,0.5
468471,0.5
468472,0.5
468473,0.5
468474,0.5
468475,0.5
468476,0.5
468477,0.5
468478,0.5
468479,0.5
468480,0.5
468481,0.5
468482,0.5
468483,0.5
468484,0.5
468485,0.5
468486,0.5
468487,0.5
468488,0.5
468489,0.5
468490,0.5
468491,0.5
468492,0.5
468493,0.5
468494,0.5
468495,0.5
468496,0.5
468497,0.5
468498,0.5
468499,0.5
468500,0.5
468501,0.5
468502,0.5
468503,0.5
468504,0.5
468505,0.5
468506,0.5
468507,0.5
468508,0.5
468509,0.5
468510,0.5
468511,0.5
468512,0.5
468513,0.5
468514,0.5
468515,0.5
468516,0.5
468517,0.5
468518,0.5
468519,0.5
468520,0.5
468521,0.5
468522,0.5
468523,0.5
468524,0.5
468525,0.5
468526,0.5
468527,0.5
468528,0.5
468529,0.5
468530,0.5
468531,0.5
468532,0.5
468533,0.5
468534,0.5
468535,0.5
468536,0.5
468537,0.5
468538,0.5
468539,0.5
468540,0.5
468541,0.5
468542,0.5
468543,0.5
468544,0.5
468545,0.5
468546,0.5
468547,0.5
468548,0.5
468549,0.5
468550,0.5
468551,0.5
468552,0.5
468553,0.5
468554,0.5
468555,0.5
468556,0.5
468557,0.5
468558,0.5
468559,0.5
468560,0.5
468561,0.5
468562,0.5
468563,0.5
468564,0.5
468565,0.5
468566,0.5
468567,0.5
468568,0.5
468569,0.5
468570,0.5
468571,0.5
468572,0.5
468573,0.5
468574,0.5
468575,0.5
468576,0.5
468577,0.5
468578,0.5
468579,0.5
468580,0.5
468581,0.5
468582,0.5
468583,0.5
468584,0.5
468585,0.5
468586,0.5
468587,0.5
468588,0.5
468589,0.5
468590,0.5
468591,0.5
468592,0.5
468593,0.5
468594,0.5
468595,0.5
468596,0.5
468597,0.5
468598,0.5
468599,0.5
468600,0.5
468601,0.5
468602,0.5
468603,0.5
468604,0.5
468605,0.5
468606,0.5
468607,0.5
468608,0.5
468609,0.5
468610,0.5
468611,0.5
468612,0.5
468613,0.5
468614,0.5
468615,0.5
468616,0.5
468617,0.5
468618,0.5
468619,0.5
468620,0.5
468621,0.5
468622,0.5
468623,0.5
468624,0.5
468625,0.5
468626,0.5
468627,0.5
468628,0.5
468629,0.5
468630,0.5
468631,0.5
468632,0.5
468633,0.5
468634,0.5
468635,0.5
468636,0.5
468637,0.5
468638,0.5
468639,0.5
468640,0.5
468641,0.5
468642,0.5
468643,0.5
468644,0.5
468645,0.5
468646,0.5
468647,0.5
468648,0.5
468649,0.5
468650,0.5
468651,0.5
468652,0.5
468653,0.5
468654,0.5
468655,0.5
468656,0.5
468657,0.5
468658,0.5
468659,0.5
468660,0.5
468661,0.5
468662,0.5
468663,0.5
468664,0.5
468665,0.5
468666,0.5
468667,0.5
468668,0.5
468669,0.5
468670,0.5
468671,0.5
468672,0.5
468673,0.5
468674,0.5
468675,0.5
468676,0.5
468677,0.5
468678,0.5
468679,0.5
468680,0.5
468681,0.5
468682,0.5
468683,0.5
468684,0.5
468685,0.5
468686,0.5
468687,0.5
468688,0.5
468689,0.5
468690,0.5
468691,0.5
468692,0.5
468693,0.5
468694,0.5
468695,0.5
468696,0.5
468697,0.5
468698,0.5
468699,0.5
468700,0.5
468701,0.5
468702,0.5
468703,0.5
468704,0.5
468705,0.5
468706,0.5
468707,0.5
468708,0.5
468709,0.5
468710,0.5
468711,0.5
468712,0.5
468713,0.5
468714,0.5
468715,0.5
468716,0.5
468717,0.5
468718,0.5
468719,0.5
468720,0.5
468721,0.5
468722,0.5
468723,0.5
468724,0.5
468725,0.5
468726,0.5
468727,0.5
468728,0.5
468729,0.5
468730,0.5
468731,0.5
468732,0.5
468733,0.5
468734,0.5
468735,0.5
468736,0.5
468737,0.5
468738,0.5
468739,0.5
468740,0.5
468741,0.5
468742,0.5
468743,0.5
468744,0.5
468745,0.5
468746,0.5
468747,0.5
468748,0.5
468749,0.5
468750,0.5
468751,0.5
468752,0.5
468753,0.5
468754,0.5
468755,0.5
468756,0.5
468757,0.5
468758,0.5
468759,0.5
468760,0.5
468761,0.5
468762,0.5
468763,0.5
468764,0.5
468765,0.5
468766,0.5
468767,0.5
468768,0.5
468769,0.5
468770,0.5
468771,0.5
468772,0.5
468773,0.5
468774,0.5
468775,0.5
468776,0.5
468777,0.5
468778,0.5
468779,0.5
468780,0.5
468781,0.5
468782,0.5
468783,0.5
468784,0.5
468785,0.5
468786,0.5
468787,0.5
468788,0.5
468789,0.5
468790,0.5
468791,0.5
468792,0.5
468793,0.5
468794,0.5
468795,0.5
468796,0.5
468797,0.5
468798,0.5
468799,0.5
468800,0.5
468801,0.5
468802,0.5
468803,0.5
468804,0.5
468805,0.5
468806,0.5
468807,0.5
468808,0.5
468809,0.5
468810,0.5
468811,0.5
468812,0.5
468813,0.5
468814,0.5
468815,0.5
468816,0.5
468817,0.5
468818,0.5
468819,0.5
468820,0.5
468821,0.5
468822,0.5
468823,0.5
468824,0.5
468825,0.5
468826,0.5
468827,0.5
468828,0.5
468829,0.5
468830,0.5
468831,0.5
468832,0.5
468833,0.5
468834,0.5
468835,0.5
468836,0.5
468837,0.5
468838,0.5
468839,0.5
468840,0.5
468841,0.5
468842,0.5
468843,0.5
468844,0.5
468845,0.5
468846,0.5
468847,0.5
468848,0.5
468849,0.5
468850,0.5
468851,0.5
468852,0.5
468853,0.5
468854,0.5
468855,0.5
468856,0.5
468857,0.5
468858,0.5
468859,0.5
468860,0.5
468861,0.5
468862,0.5
468863,0.5
468864,0.5
468865,0.5
468866,0.5
468867,0.5
468868,0.5
468869,0.5
468870,0.5
468871,0.5
468872,0.5
468873,0.5
468874,0.5
468875,0.5
468876,0.5
468877,0.5
468878,0.5
468879,0.5
468880,0.5
468881,0.5
468882,0.5
468883,0.5
468884,0.5
468885,0.5
468886,0.5
468887,0.5
468888,0.5
468889,0.5
468890,0.5
468891,0.5
468892,0.5
468893,0.5
468894,0.5
468895,0.5
468896,0.5
468897,0.5
468898,0.5
468899,0.5
468900,0.5
468901,0.5
468902,0.5
468903,0.5
468904,0.5
468905,0.5
468906,0.5
468907,0.5
468908,0.5
468909,0.5
468910,0.5
468911,0.5
468912,0.5
468913,0.5
468914,0.5
468915,0.5
468916,0.5
468917,0.5
468918,0.5
468919,0.5
468920,0.5
468921,0.5
468922,0.5
468923,0.5
468924,0.5
468925,0.5
468926,0.5
468927,0.5
468928,0.5
468929,0.5
468930,0.5
468931,0.5
468932,0.5
468933,0.5
468934,0.5
468935,0.5
468936,0.5
468937,0.5
468938,0.5
468939,0.5
468940,0.5
468941,0.5
468942,0.5
468943,0.5
468944,0.5
468945,0.5
468946,0.5
468947,0.5
468948,0.5
468949,0.5
468950,0.5
468951,0.5
468952,0.5
468953,0.5
468954,0.5
468955,0.5
468956,0.5
468957,0.5
468958,0.5
468959,0.5
468960,0.5
468961,0.5
468962,0.5
468963,0.5
468964,0.5
468965,0.5
468966,0.5
468967,0.5
468968,0.5
468969,0.5
468970,0.5
468971,0.5
468972,0.5
468973,0.5
468974,0.5
468975,0.5
468976,0.5
468977,0.5
468978,0.5
468979,0.5
468980,0.5
468981,0.5
468982,0.5
468983,0.5
468984,0.5
468985,0.5
468986,0.5
468987,0.5
468988,0.5
468989,0.5
468990,0.5
468991,0.5
468992,0.5
468993,0.5
468994,0.5
468995,0.5
468996,0.5
468997,0.5
468998,0.5
468999,0.5
469000,0.5
469001,0.5
469002,0.5
469003,0.5
469004,0.5
469005,0.5
469006,0.5
469007,0.5
469008,0.5
469009,0.5
469010,0.5
469011,0.5
469012,0.5
469013,0.5
469014,0.5
469015,0.5
469016,0.5
469017,0.5
469018,0.5
469019,0.5
469020,0.5
469021,0.5
469022,0.5
469023,0.5
469024,0.5
469025,0.5
469026,0.5
469027,0.5
469028,0.5
469029,0.5
469030,0.5
469031,0.5
469032,0.5
469033,0.5
469034,0.5
469035,0.5
469036,0.5
469037,0.5
469038,0.5
469039,0.5
469040,0.5
469041,0.5
469042,0.5
469043,0.5
469044,0.5
469045,0.5
469046,0.5
469047,0.5
469048,0.5
469049,0.5
469050,0.5
469051,0.5
469052,0.5
469053,0.5
469054,0.5
469055,0.5
469056,0.5
469057,0.5
469058,0.5
469059,0.5
469060,0.5
469061,0.5
469062,0.5
469063,0.5
469064,0.5
469065,0.5
469066,0.5
469067,0.5
469068,0.5
469069,0.5
469070,0.5
469071,0.5
469072,0.5
469073,0.5
469074,0.5
469075,0.5
469076,0.5
469077,0.5
469078,0.5
469079,0.5
469080,0.5
469081,0.5
469082,0.5
469083,0.5
469084,0.5
469085,0.5
469086,0.5
469087,0.5
469088,0.5
469089,0.5
469090,0.5
469091,0.5
469092,0.5
469093,0.5
469094,0.5
469095,0.5
469096,0.5
469097,0.5
469098,0.5
469099,0.5
469100,0.5
469101,0.5
469102,0.5
469103,0.5
469104,0.5
469105,0.5
469106,0.5
469107,0.5
469108,0.5
469109,0.5
469110,0.5
469111,0.5
469112,0.5
469113,0.5
469114,0.5
469115,0.5
469116,0.5
469117,0.5
469118,0.5
469119,0.5
469120,0.5
469121,0.5
469122,0.5
469123,0.5
469124,0.5
469125,0.5
469126,0.5
469127,0.5
469128,0.5
469129,0.5
469130,0.5
469131,0.5
469132,0.5
469133,0.5
469134,0.5
469135,0.5
469136,0.5
469137,0.5
469138,0.5
469139,0.5
469140,0.5
469141,0.5
469142,0.5
469143,0.5
469144,0.5
469145,0.5
469146,0.5
469147,0.5
469148,0.5
469149,0.5
469150,0.5
469151,0.5
469152,0.5
469153,0.5
469154,0.5
469155,0.5
469156,0.5
469157,0.5
469158,0.5
469159,0.5
469160,0.5
469161,0.5
469162,0.5
469163,0.5
469164,0.5
469165,0.5
469166,0.5
469167,0.5
469168,0.5
469169,0.5
469170,0.5
469171,0.5
469172,0.5
469173,0.5
469174,0.5
469175,0.5
469176,0.5
469177,0.5
469178,0.5
469179,0.5
469180,0.5
469181,0.5
469182,0.5
469183,0.5
469184,0.5
469185,0.5
469186,0.5
469187,0.5
469188,0.5
469189,0.5
469190,0.5
469191,0.5
469192,0.5
469193,0.5
469194,0.5
469195,0.5
469196,0.5
469197,0.5
469198,0.5
469199,0.5
469200,0.5
469201,0.5
469202,0.5
469203,0.5
469204,0.5
469205,0.5
469206,0.5
469207,0.5
469208,0.5
469209,0.5
469210,0.5
469211,0.5
469212,0.5
469213,0.5
469214,0.5
469215,0.5
469216,0.5
469217,0.5
469218,0.5
469219,0.5
469220,0.5
469221,0.5
469222,0.5
469223,0.5
469224,0.5
469225,0.5
469226,0.5
469227,0.5
469228,0.5
469229,0.5
469230,0.5
469231,0.5
469232,0.5
469233,0.5
469234,0.5
469235,0.5
469236,0.5
469237,0.5
469238,0.5
469239,0.5
469240,0.5
469241,0.5
469242,0.5
469243,0.5
469244,0.5
469245,0.5
469246,0.5
469247,0.5
469248,0.5
469249,0.5
469250,0.5
469251,0.5
469252,0.5
469253,0.5
469254,0.5
469255,0.5
469256,0.5
469257,0.5
469258,0.5
469259,0.5
469260,0.5
469261,0.5
469262,0.5
469263,0.5
469264,0.5
469265,0.5
469266,0.5
469267,0.5
469268,0.5
469269,0.5
469270,0.5
469271,0.5
469272,0.5
469273,0.5
469274,0.5
469275,0.5
469276,0.5
469277,0.5
469278,0.5
469279,0.5
469280,0.5
469281,0.5
469282,0.5
469283,0.5
469284,0.5
469285,0.5
469286,0.5
469287,0.5
469288,0.5
469289,0.5
469290,0.5
469291,0.5
469292,0.5
469293,0.5
469294,0.5
469295,0.5
469296,0.5
469297,0.5
469298,0.5
469299,0.5
469300,0.5
469301,0.5
469302,0.5
469303,0.5
469304,0.5
469305,0.5
469306,0.5
469307,0.5
469308,0.5
469309,0.5
469310,0.5
469311,0.5
469312,0.5
469313,0.5
469314,0.5
469315,0.5
469316,0.5
469317,0.5
469318,0.5
469319,0.5
469320,0.5
469321,0.5
469322,0.5
469323,0.5
469324,0.5
469325,0.5
469326,0.5
469327,0.5
469328,0.5
469329,0.5
469330,0.5
469331,0.5
469332,0.5
469333,0.5
469334,0.5
469335,0.5
469336,0.5
469337,0.5
469338,0.5
469339,0.5
469340,0.5
469341,0.5
469342,0.5
469343,0.5
469344,0.5
469345,0.5
469346,0.5
469347,0.5
469348,0.5
469349,0.5
469350,0.5
469351,0.5
469352,0.5
469353,0.5
469354,0.5
469355,0.5
469356,0.5
469357,0.5
469358,0.5
469359,0.5
469360,0.5
469361,0.5
469362,0.5
469363,0.5
469364,0.5
469365,0.5
469366,0.5
469367,0.5
469368,0.5
469369,0.5
469370,0.5
469371,0.5
469372,0.5
469373,0.5
469374,0.5
469375,0.5
469376,0.5
469377,0.5
469378,0.5
469379,0.5
469380,0.5
469381,0.5
469382,0.5
469383,0.5
469384,0.5
469385,0.5
469386,0.5
469387,0.5
469388,0.5
469389,0.5
469390,0.5
469391,0.5
469392,0.5
469393,0.5
469394,0.5
469395,0.5
469396,0.5
469397,0.5
469398,0.5
469399,0.5
469400,0.5
469401,0.5
469402,0.5
469403,0.5
469404,0.5
469405,0.5
469406,0.5
469407,0.5
469408,0.5
469409,0.5
469410,0.5
469411,0.5
469412,0.5
469413,0.5
469414,0.5
469415,0.5
469416,0.5
469417,0.5
469418,0.5
469419,0.5
469420,0.5
469421,0.5
469422,0.5
469423,0.5
469424,0.5
469425,0.5
469426,0.5
469427,0.5
469428,0.5
469429,0.5
469430,0.5
469431,0.5
469432,0.5
469433,0.5
469434,0.5
469435,0.5
469436,0.5
469437,0.5
469438,0.5
469439,0.5
469440,0.5
469441,0.5
469442,0.5
469443,0.5
469444,0.5
469445,0.5
469446,0.5
469447,0.5
469448,0.5
469449,0.5
469450,0.5
469451,0.5
469452,0.5
469453,0.5
469454,0.5
469455,0.5
469456,0.5
469457,0.5
469458,0.5
469459,0.5
469460,0.5
469461,0.5
469462,0.5
469463,0.5
469464,0.5
469465,0.5
469466,0.5
469467,0.5
469468,0.5
469469,0.5
469470,0.5
469471,0.5
469472,0.5
469473,0.5
469474,0.5
469475,0.5
469476,0.5
469477,0.5
469478,0.5
469479,0.5
469480,0.5
469481,0.5
469482,0.5
469483,0.5
469484,0.5
469485,0.5
469486,0.5
469487,0.5
469488,0.5
469489,0.5
469490,0.5
469491,0.5
469492,0.5
469493,0.5
469494,0.5
469495,0.5
469496,0.5
469497,0.5
469498,0.5
469499,0.5
469500,0.5
469501,0.5
469502,0.5
469503,0.5
469504,0.5
469505,0.5
469506,0.5
469507,0.5
469508,0.5
469509,0.5
469510,0.5
469511,0.5
469512,0.5
469513,0.5
469514,0.5
469515,0.5
469516,0.5
469517,0.5
469518,0.5
469519,0.5
469520,0.5
469521,0.5
469522,0.5
469523,0.5
469524,0.5
469525,0.5
469526,0.5
469527,0.5
469528,0.5
469529,0.5
469530,0.5
469531,0.5
469532,0.5
469533,0.5
469534,0.5
469535,0.5
469536,0.5
469537,0.5
469538,0.5
469539,0.5
469540,0.5
469541,0.5
469542,0.5
469543,0.5
469544,0.5
469545,0.5
469546,0.5
469547,0.5
469548,0.5
469549,0.5
469550,0.5
469551,0.5
469552,0.5
469553,0.5
469554,0.5
469555,0.5
469556,0.5
469557,0.5
469558,0.5
469559,0.5
469560,0.5
469561,0.5
469562,0.5
469563,0.5
469564,0.5
469565,0.5
469566,0.5
469567,0.5
469568,0.5
469569,0.5
469570,0.5
469571,0.5
469572,0.5
469573,0.5
469574,0.5
469575,0.5
469576,0.5
469577,0.5
469578,0.5
469579,0.5
469580,0.5
469581,0.5
469582,0.5
469583,0.5
469584,0.5
469585,0.5
469586,0.5
469587,0.5
469588,0.5
469589,0.5
469590,0.5
469591,0.5
469592,0.5
469593,0.5
469594,0.5
469595,0.5
469596,0.5
469597,0.5
469598,0.5
469599,0.5
469600,0.5
469601,0.5
469602,0.5
469603,0.5
469604,0.5
469605,0.5
469606,0.5
469607,0.5
469608,0.5
469609,0.5
469610,0.5
469611,0.5
469612,0.5
469613,0.5
469614,0.5
469615,0.5
469616,0.5
469617,0.5
469618,0.5
469619,0.5
469620,0.5
469621,0.5
469622,0.5
469623,0.5
469624,0.5
469625,0.5
469626,0.5
469627,0.5
469628,0.5
469629,0.5
469630,0.5
469631,0.5
469632,0.5
469633,0.5
469634,0.5
469635,0.5
469636,0.5
469637,0.5
469638,0.5
469639,0.5
469640,0.5
469641,0.5
469642,0.5
469643,0.5
469644,0.5
469645,0.5
469646,0.5
469647,0.5
469648,0.5
469649,0.5
469650,0.5
469651,0.5
469652,0.5
469653,0.5
469654,0.5
469655,0.5
469656,0.5
469657,0.5
469658,0.5
469659,0.5
469660,0.5
469661,0.5
469662,0.5
469663,0.5
469664,0.5
469665,0.5
469666,0.5
469667,0.5
469668,0.5
469669,0.5
469670,0.5
469671,0.5
469672,0.5
469673,0.5
469674,0.5
469675,0.5
469676,0.5
469677,0.5
469678,0.5
469679,0.5
469680,0.5
469681,0.5
469682,0.5
469683,0.5
469684,0.5
469685,0.5
469686,0.5
469687,0.5
469688,0.5
469689,0.5
469690,0.5
469691,0.5
469692,0.5
469693,0.5
469694,0.5
469695,0.5
469696,0.5
469697,0.5
469698,0.5
469699,0.5
469700,0.5
469701,0.5
469702,0.5
469703,0.5
469704,0.5
469705,0.5
469706,0.5
469707,0.5
469708,0.5
469709,0.5
469710,0.5
469711,0.5
469712,0.5
469713,0.5
469714,0.5
469715,0.5
469716,0.5
469717,0.5
469718,0.5
469719,0.5
469720,0.5
469721,0.5
469722,0.5
469723,0.5
469724,0.5
469725,0.5
469726,0.5
469727,0.5
469728,0.5
469729,0.5
469730,0.5
469731,0.5
469732,0.5
469733,0.5
469734,0.5
469735,0.5
469736,0.5
469737,0.5
469738,0.5
469739,0.5
469740,0.5
469741,0.5
469742,0.5
469743,0.5
469744,0.5
469745,0.5
469746,0.5
469747,0.5
469748,0.5
469749,0.5
469750,0.5
469751,0.5
469752,0.5
469753,0.5
469754,0.5
469755,0.5
469756,0.5
469757,0.5
469758,0.5
469759,0.5
469760,0.5
469761,0.5
469762,0.5
469763,0.5
469764,0.5
469765,0.5
469766,0.5
469767,0.5
469768,0.5
469769,0.5
469770,0.5
469771,0.5
469772,0.5
469773,0.5
469774,0.5
469775,0.5
469776,0.5
469777,0.5
469778,0.5
469779,0.5
469780,0.5
469781,0.5
469782,0.5
469783,0.5
469784,0.5
469785,0.5
469786,0.5
469787,0.5
469788,0.5
469789,0.5
469790,0.5
469791,0.5
469792,0.5
469793,0.5
469794,0.5
469795,0.5
469796,0.5
469797,0.5
469798,0.5
469799,0.5
469800,0.5
469801,0.5
469802,0.5
469803,0.5
469804,0.5
469805,0.5
469806,0.5
469807,0.5
469808,0.5
469809,0.5
469810,0.5
469811,0.5
469812,0.5
469813,0.5
469814,0.5
469815,0.5
469816,0.5
469817,0.5
469818,0.5
469819,0.5
469820,0.5
469821,0.5
469822,0.5
469823,0.5
469824,0.5
469825,0.5
469826,0.5
469827,0.5
469828,0.5
469829,0.5
469830,0.5
469831,0.5
469832,0.5
469833,0.5
469834,0.5
469835,0.5
469836,0.5
469837,0.5
469838,0.5
469839,0.5
469840,0.5
469841,0.5
469842,0.5
469843,0.5
469844,0.5
469845,0.5
469846,0.5
469847,0.5
469848,0.5
469849,0.5
469850,0.5
469851,0.5
469852,0.5
469853,0.5
469854,0.5
469855,0.5
469856,0.5
469857,0.5
469858,0.5
469859,0.5
469860,0.5
469861,0.5
469862,0.5
469863,0.5
469864,0.5
469865,0.5
469866,0.5
469867,0.5
469868,0.5
469869,0.5
469870,0.5
469871,0.5
469872,0.5
469873,0.5
469874,0.5
469875,0.5
469876,0.5
469877,0.5
469878,0.5
469879,0.5
469880,0.5
469881,0.5
469882,0.5
469883,0.5
469884,0.5
469885,0.5
469886,0.5
469887,0.5
469888,0.5
469889,0.5
469890,0.5
469891,0.5
469892,0.5
469893,0.5
469894,0.5
469895,0.5
469896,0.5
469897,0.5
469898,0.5
469899,0.5
469900,0.5
469901,0.5
469902,0.5
469903,0.5
469904,0.5
469905,0.5
469906,0.5
469907,0.5
469908,0.5
469909,0.5
469910,0.5
469911,0.5
469912,0.5
469913,0.5
469914,0.5
469915,0.5
469916,0.5
469917,0.5
469918,0.5
469919,0.5
469920,0.5
469921,0.5
469922,0.5
469923,0.5
469924,0.5
469925,0.5
469926,0.5
469927,0.5
469928,0.5
469929,0.5
469930,0.5
469931,0.5
469932,0.5
469933,0.5
469934,0.5
469935,0.5
469936,0.5
469937,0.5
469938,0.5
469939,0.5
469940,0.5
469941,0.5
469942,0.5
469943,0.5
469944,0.5
469945,0.5
469946,0.5
469947,0.5
469948,0.5
469949,0.5
469950,0.5
469951,0.5
469952,0.5
469953,0.5
469954,0.5
469955,0.5
469956,0.5
469957,0.5
469958,0.5
469959,0.5
469960,0.5
469961,0.5
469962,0.5
469963,0.5
469964,0.5
469965,0.5
469966,0.5
469967,0.5
469968,0.5
469969,0.5
469970,0.5
469971,0.5
469972,0.5
469973,0.5
469974,0.5
469975,0.5
469976,0.5
469977,0.5
469978,0.5
469979,0.5
469980,0.5
469981,0.5
469982,0.5
469983,0.5
469984,0.5
469985,0.5
469986,0.5
469987,0.5
469988,0.5
469989,0.5
469990,0.5
469991,0.5
469992,0.5
469993,0.5
469994,0.5
469995,0.5
469996,0.5
469997,0.5
469998,0.5
469999,0.5
470000,0.5
470001,0.5
470002,0.5
470003,0.5
470004,0.5
470005,0.5
470006,0.5
470007,0.5
470008,0.5
470009,0.5
470010,0.5
470011,0.5
470012,0.5
470013,0.5
470014,0.5
470015,0.5
470016,0.5
470017,0.5
470018,0.5
470019,0.5
470020,0.5
470021,0.5
470022,0.5
470023,0.5
470024,0.5
470025,0.5
470026,0.5
470027,0.5
470028,0.5
470029,0.5
470030,0.5
470031,0.5
470032,0.5
470033,0.5
470034,0.5
470035,0.5
470036,0.5
470037,0.5
470038,0.5
470039,0.5
470040,0.5
470041,0.5
470042,0.5
470043,0.5
470044,0.5
470045,0.5
470046,0.5
470047,0.5
470048,0.5
470049,0.5
470050,0.5
470051,0.5
470052,0.5
470053,0.5
470054,0.5
470055,0.5
470056,0.5
470057,0.5
470058,0.5
470059,0.5
470060,0.5
470061,0.5
470062,0.5
470063,0.5
470064,0.5
470065,0.5
470066,0.5
470067,0.5
470068,0.5
470069,0.5
470070,0.5
470071,0.5
470072,0.5
470073,0.5
470074,0.5
470075,0.5
470076,0.5
470077,0.5
470078,0.5
470079,0.5
470080,0.5
470081,0.5
470082,0.5
470083,0.5
470084,0.5
470085,0.5
470086,0.5
470087,0.5
470088,0.5
470089,0.5
470090,0.5
470091,0.5
470092,0.5
470093,0.5
470094,0.5
470095,0.5
470096,0.5
470097,0.5
470098,0.5
470099,0.5
470100,0.5
470101,0.5
470102,0.5
470103,0.5
470104,0.5
470105,0.5
470106,0.5
470107,0.5
470108,0.5
470109,0.5
470110,0.5
470111,0.5
470112,0.5
470113,0.5
470114,0.5
470115,0.5
470116,0.5
470117,0.5
470118,0.5
470119,0.5
470120,0.5
470121,0.5
470122,0.5
470123,0.5
470124,0.5
470125,0.5
470126,0.5
470127,0.5
470128,0.5
470129,0.5
470130,0.5
470131,0.5
470132,0.5
470133,0.5
470134,0.5
470135,0.5
470136,0.5
470137,0.5
470138,0.5
470139,0.5
470140,0.5
470141,0.5
470142,0.5
470143,0.5
470144,0.5
470145,0.5
470146,0.5
470147,0.5
470148,0.5
470149,0.5
470150,0.5
470151,0.5
470152,0.5
470153,0.5
470154,0.5
470155,0.5
470156,0.5
470157,0.5
470158,0.5
470159,0.5
470160,0.5
470161,0.5
470162,0.5
470163,0.5
470164,0.5
470165,0.5
470166,0.5
470167,0.5
470168,0.5
470169,0.5
470170,0.5
470171,0.5
470172,0.5
470173,0.5
470174,0.5
470175,0.5
470176,0.5
470177,0.5
470178,0.5
470179,0.5
470180,0.5
470181,0.5
470182,0.5
470183,0.5
470184,0.5
470185,0.5
470186,0.5
470187,0.5
470188,0.5
470189,0.5
470190,0.5
470191,0.5
470192,0.5
470193,0.5
470194,0.5
470195,0.5
470196,0.5
470197,0.5
470198,0.5
470199,0.5
470200,0.5
470201,0.5
470202,0.5
470203,0.5
470204,0.5
470205,0.5
470206,0.5
470207,0.5
470208,0.5
470209,0.5
470210,0.5
470211,0.5
470212,0.5
470213,0.5
470214,0.5
470215,0.5
470216,0.5
470217,0.5
470218,0.5
470219,0.5
470220,0.5
470221,0.5
470222,0.5
470223,0.5
470224,0.5
470225,0.5
470226,0.5
470227,0.5
470228,0.5
470229,0.5
470230,0.5
470231,0.5
470232,0.5
470233,0.5
470234,0.5
470235,0.5
470236,0.5
470237,0.5
470238,0.5
470239,0.5
470240,0.5
470241,0.5
470242,0.5
470243,0.5
470244,0.5
470245,0.5
470246,0.5
470247,0.5
470248,0.5
470249,0.5
470250,0.5
470251,0.5
470252,0.5
470253,0.5
470254,0.5
470255,0.5
470256,0.5
470257,0.5
470258,0.5
470259,0.5
470260,0.5
470261,0.5
470262,0.5
470263,0.5
470264,0.5
470265,0.5
470266,0.5
470267,0.5
470268,0.5
470269,0.5
470270,0.5
470271,0.5
470272,0.5
470273,0.5
470274,0.5
470275,0.5
470276,0.5
470277,0.5
470278,0.5
470279,0.5
470280,0.5
470281,0.5
470282,0.5
470283,0.5
470284,0.5
470285,0.5
470286,0.5
470287,0.5
470288,0.5
470289,0.5
470290,0.5
470291,0.5
470292,0.5
470293,0.5
470294,0.5
470295,0.5
470296,0.5
470297,0.5
470298,0.5
470299,0.5
470300,0.5
470301,0.5
470302,0.5
470303,0.5
470304,0.5
470305,0.5
470306,0.5
470307,0.5
470308,0.5
470309,0.5
470310,0.5
470311,0.5
470312,0.5
470313,0.5
470314,0.5
470315,0.5
470316,0.5
470317,0.5
470318,0.5
470319,0.5
470320,0.5
470321,0.5
470322,0.5
470323,0.5
470324,0.5
470325,0.5
470326,0.5
470327,0.5
470328,0.5
470329,0.5
470330,0.5
470331,0.5
470332,0.5
470333,0.5
470334,0.5
470335,0.5
470336,0.5
470337,0.5
470338,0.5
470339,0.5
470340,0.5
470341,0.5
470342,0.5
470343,0.5
470344,0.5
470345,0.5
470346,0.5
470347,0.5
470348,0.5
470349,0.5
470350,0.5
470351,0.5
470352,0.5
470353,0.5
470354,0.5
470355,0.5
470356,0.5
470357,0.5
470358,0.5
470359,0.5
470360,0.5
470361,0.5
470362,0.5
470363,0.5
470364,0.5
470365,0.5
470366,0.5
470367,0.5
470368,0.5
470369,0.5
470370,0.5
470371,0.5
470372,0.5
470373,0.5
470374,0.5
470375,0.5
470376,0.5
470377,0.5
470378,0.5
470379,0.5
470380,0.5
470381,0.5
470382,0.5
470383,0.5
470384,0.5
470385,0.5
470386,0.5
470387,0.5
470388,0.5
470389,0.5
470390,0.5
470391,0.5
470392,0.5
470393,0.5
470394,0.5
470395,0.5
470396,0.5
470397,0.5
470398,0.5
470399,0.5
470400,0.5
470401,0.5
470402,0.5
470403,0.5
470404,0.5
470405,0.5
470406,0.5
470407,0.5
470408,0.5
470409,0.5
470410,0.5
470411,0.5
470412,0.5
470413,0.5
470414,0.5
470415,0.5
470416,0.5
470417,0.5
470418,0.5
470419,0.5
470420,0.5
470421,0.5
470422,0.5
470423,0.5
470424,0.5
470425,0.5
470426,0.5
470427,0.5
470428,0.5
470429,0.5
470430,0.5
470431,0.5
470432,0.5
470433,0.5
470434,0.5
470435,0.5
470436,0.5
470437,0.5
470438,0.5
470439,0.5
470440,0.5
470441,0.5
470442,0.5
470443,0.5
470444,0.5
470445,0.5
470446,0.5
470447,0.5
470448,0.5
470449,0.5
470450,0.5
470451,0.5
470452,0.5
470453,0.5
470454,0.5
470455,0.5
470456,0.5
470457,0.5
470458,0.5
470459,0.5
470460,0.5
470461,0.5
470462,0.5
470463,0.5
470464,0.5
470465,0.5
470466,0.5
470467,0.5
470468,0.5
470469,0.5
470470,0.5
470471,0.5
470472,0.5
470473,0.5
470474,0.5
470475,0.5
470476,0.5
470477,0.5
470478,0.5
470479,0.5
470480,0.5
470481,0.5
470482,0.5
470483,0.5
470484,0.5
470485,0.5
470486,0.5
470487,0.5
470488,0.5
470489,0.5
470490,0.5
470491,0.5
470492,0.5
470493,0.5
470494,0.5
470495,0.5
470496,0.5
470497,0.5
470498,0.5
470499,0.5
470500,0.5
470501,0.5
470502,0.5
470503,0.5
470504,0.5
470505,0.5
470506,0.5
470507,0.5
470508,0.5
470509,0.5
470510,0.5
470511,0.5
470512,0.5
470513,0.5
470514,0.5
470515,0.5
470516,0.5
470517,0.5
470518,0.5
470519,0.5
470520,0.5
470521,0.5
470522,0.5
470523,0.5
470524,0.5
470525,0.5
470526,0.5
470527,0.5
470528,0.5
470529,0.5
470530,0.5
470531,0.5
470532,0.5
470533,0.5
470534,0.5
470535,0.5
470536,0.5
470537,0.5
470538,0.5
470539,0.5
470540,0.5
470541,0.5
470542,0.5
470543,0.5
470544,0.5
470545,0.5
470546,0.5
470547,0.5
470548,0.5
470549,0.5
470550,0.5
470551,0.5
470552,0.5
470553,0.5
470554,0.5
470555,0.5
470556,0.5
470557,0.5
470558,0.5
470559,0.5
470560,0.5
470561,0.5
470562,0.5
470563,0.5
470564,0.5
470565,0.5
470566,0.5
470567,0.5
470568,0.5
470569,0.5
470570,0.5
470571,0.5
470572,0.5
470573,0.5
470574,0.5
470575,0.5
470576,0.5
470577,0.5
470578,0.5
470579,0.5
470580,0.5
470581,0.5
470582,0.5
470583,0.5
470584,0.5
470585,0.5
470586,0.5
470587,0.5
470588,0.5
470589,0.5
470590,0.5
470591,0.5
470592,0.5
470593,0.5
470594,0.5
470595,0.5
470596,0.5
470597,0.5
470598,0.5
470599,0.5
470600,0.5
470601,0.5
470602,0.5
470603,0.5
470604,0.5
470605,0.5
470606,0.5
470607,0.5
470608,0.5
470609,0.5
470610,0.5
470611,0.5
470612,0.5
470613,0.5
470614,0.5
470615,0.5
470616,0.5
470617,0.5
470618,0.5
470619,0.5
470620,0.5
470621,0.5
470622,0.5
470623,0.5
470624,0.5
470625,0.5
470626,0.5
470627,0.5
470628,0.5
470629,0.5
470630,0.5
470631,0.5
470632,0.5
470633,0.5
470634,0.5
470635,0.5
470636,0.5
470637,0.5
470638,0.5
470639,0.5
470640,0.5
470641,0.5
470642,0.5
470643,0.5
470644,0.5
470645,0.5
470646,0.5
470647,0.5
470648,0.5
470649,0.5
470650,0.5
470651,0.5
470652,0.5
470653,0.5
470654,0.5
470655,0.5
470656,0.5
470657,0.5
470658,0.5
470659,0.5
470660,0.5
470661,0.5
470662,0.5
470663,0.5
470664,0.5
470665,0.5
470666,0.5
470667,0.5
470668,0.5
470669,0.5
470670,0.5
470671,0.5
470672,0.5
470673,0.5
470674,0.5
470675,0.5
470676,0.5
470677,0.5
470678,0.5
470679,0.5
470680,0.5
470681,0.5
470682,0.5
470683,0.5
470684,0.5
470685,0.5
470686,0.5
470687,0.5
470688,0.5
470689,0.5
470690,0.5
470691,0.5
470692,0.5
470693,0.5
470694,0.5
470695,0.5
470696,0.5
470697,0.5
470698,0.5
470699,0.5
470700,0.5
470701,0.5
470702,0.5
470703,0.5
470704,0.5
470705,0.5
470706,0.5
470707,0.5
470708,0.5
470709,0.5
470710,0.5
470711,0.5
470712,0.5
470713,0.5
470714,0.5
470715,0.5
470716,0.5
470717,0.5
470718,0.5
470719,0.5
470720,0.5
470721,0.5
470722,0.5
470723,0.5
470724,0.5
470725,0.5
470726,0.5
470727,0.5
470728,0.5
470729,0.5
470730,0.5
470731,0.5
470732,0.5
470733,0.5
470734,0.5
470735,0.5
470736,0.5
470737,0.5
470738,0.5
470739,0.5
470740,0.5
470741,0.5
470742,0.5
470743,0.5
470744,0.5
470745,0.5
470746,0.5
470747,0.5
470748,0.5
470749,0.5
470750,0.5
470751,0.5
470752,0.5
470753,0.5
470754,0.5
470755,0.5
470756,0.5
470757,0.5
470758,0.5
470759,0.5
470760,0.5
470761,0.5
470762,0.5
470763,0.5
470764,0.5
470765,0.5
470766,0.5
470767,0.5
470768,0.5
470769,0.5
470770,0.5
470771,0.5
470772,0.5
470773,0.5
470774,0.5
470775,0.5
470776,0.5
470777,0.5
470778,0.5
470779,0.5
470780,0.5
470781,0.5
470782,0.5
470783,0.5
470784,0.5
470785,0.5
470786,0.5
470787,0.5
470788,0.5
470789,0.5
470790,0.5
470791,0.5
470792,0.5
470793,0.5
470794,0.5
470795,0.5
470796,0.5
470797,0.5
470798,0.5
470799,0.5
470800,0.5
470801,0.5
470802,0.5
470803,0.5
470804,0.5
470805,0.5
470806,0.5
470807,0.5
470808,0.5
470809,0.5
470810,0.5
470811,0.5
470812,0.5
470813,0.5
470814,0.5
470815,0.5
470816,0.5
470817,0.5
470818,0.5
470819,0.5
470820,0.5
470821,0.5
470822,0.5
470823,0.5
470824,0.5
470825,0.5
470826,0.5
470827,0.5
470828,0.5
470829,0.5
470830,0.5
470831,0.5
470832,0.5
470833,0.5
470834,0.5
470835,0.5
470836,0.5
470837,0.5
470838,0.5
470839,0.5
470840,0.5
470841,0.5
470842,0.5
470843,0.5
470844,0.5
470845,0.5
470846,0.5
470847,0.5
470848,0.5
470849,0.5
470850,0.5
470851,0.5
470852,0.5
470853,0.5
470854,0.5
470855,0.5
470856,0.5
470857,0.5
470858,0.5
470859,0.5
470860,0.5
470861,0.5
470862,0.5
470863,0.5
470864,0.5
470865,0.5
470866,0.5
470867,0.5
470868,0.5
470869,0.5
470870,0.5
470871,0.5
470872,0.5
470873,0.5
470874,0.5
470875,0.5
470876,0.5
470877,0.5
470878,0.5
470879,0.5
470880,0.5
470881,0.5
470882,0.5
470883,0.5
470884,0.5
470885,0.5
470886,0.5
470887,0.5
470888,0.5
470889,0.5
470890,0.5
470891,0.5
470892,0.5
470893,0.5
470894,0.5
470895,0.5
470896,0.5
470897,0.5
470898,0.5
470899,0.5
470900,0.5
470901,0.5
470902,0.5
470903,0.5
470904,0.5
470905,0.5
470906,0.5
470907,0.5
470908,0.5
470909,0.5
470910,0.5
470911,0.5
470912,0.5
470913,0.5
470914,0.5
470915,0.5
470916,0.5
470917,0.5
470918,0.5
470919,0.5
470920,0.5
470921,0.5
470922,0.5
470923,0.5
470924,0.5
470925,0.5
470926,0.5
470927,0.5
470928,0.5
470929,0.5
470930,0.5
470931,0.5
470932,0.5
470933,0.5
470934,0.5
470935,0.5
470936,0.5
470937,0.5
470938,0.5
470939,0.5
470940,0.5
470941,0.5
470942,0.5
470943,0.5
470944,0.5
470945,0.5
470946,0.5
470947,0.5
470948,0.5
470949,0.5
470950,0.5
470951,0.5
470952,0.5
470953,0.5
470954,0.5
470955,0.5
470956,0.5
470957,0.5
470958,0.5
470959,0.5
470960,0.5
470961,0.5
470962,0.5
470963,0.5
470964,0.5
470965,0.5
470966,0.5
470967,0.5
470968,0.5
470969,0.5
470970,0.5
470971,0.5
470972,0.5
470973,0.5
470974,0.5
470975,0.5
470976,0.5
470977,0.5
470978,0.5
470979,0.5
470980,0.5
470981,0.5
470982,0.5
470983,0.5
470984,0.5
470985,0.5
470986,0.5
470987,0.5
470988,0.5
470989,0.5
470990,0.5
470991,0.5
470992,0.5
470993,0.5
470994,0.5
470995,0.5
470996,0.5
470997,0.5
470998,0.5
470999,0.5
471000,0.5
471001,0.5
471002,0.5
471003,0.5
471004,0.5
471005,0.5
471006,0.5
471007,0.5
471008,0.5
471009,0.5
471010,0.5
471011,0.5
471012,0.5
471013,0.5
471014,0.5
471015,0.5
471016,0.5
471017,0.5
471018,0.5
471019,0.5
471020,0.5
471021,0.5
471022,0.5
471023,0.5
471024,0.5
471025,0.5
471026,0.5
471027,0.5
471028,0.5
471029,0.5
471030,0.5
471031,0.5
471032,0.5
471033,0.5
471034,0.5
471035,0.5
471036,0.5
471037,0.5
471038,0.5
471039,0.5
471040,0.5
471041,0.5
471042,0.5
471043,0.5
471044,0.5
471045,0.5
471046,0.5
471047,0.5
471048,0.5
471049,0.5
471050,0.5
471051,0.5
471052,0.5
471053,0.5
471054,0.5
471055,0.5
471056,0.5
471057,0.5
471058,0.5
471059,0.5
471060,0.5
471061,0.5
471062,0.5
471063,0.5
471064,0.5
471065,0.5
471066,0.5
471067,0.5
471068,0.5
471069,0.5
471070,0.5
471071,0.5
471072,0.5
471073,0.5
471074,0.5
471075,0.5
471076,0.5
471077,0.5
471078,0.5
471079,0.5
471080,0.5
471081,0.5
471082,0.5
471083,0.5
471084,0.5
471085,0.5
471086,0.5
471087,0.5
471088,0.5
471089,0.5
471090,0.5
471091,0.5
471092,0.5
471093,0.5
471094,0.5
471095,0.5
471096,0.5
471097,0.5
471098,0.5
471099,0.5
471100,0.5
471101,0.5
471102,0.5
471103,0.5
471104,0.5
471105,0.5
471106,0.5
471107,0.5
471108,0.5
471109,0.5
471110,0.5
471111,0.5
471112,0.5
471113,0.5
471114,0.5
471115,0.5
471116,0.5
471117,0.5
471118,0.5
471119,0.5
471120,0.5
471121,0.5
471122,0.5
471123,0.5
471124,0.5
471125,0.5
471126,0.5
471127,0.5
471128,0.5
471129,0.5
471130,0.5
471131,0.5
471132,0.5
471133,0.5
471134,0.5
471135,0.5
471136,0.5
471137,0.5
471138,0.5
471139,0.5
471140,0.5
471141,0.5
471142,0.5
471143,0.5
471144,0.5
471145,0.5
471146,0.5
471147,0.5
471148,0.5
471149,0.5
471150,0.5
471151,0.5
471152,0.5
471153,0.5
471154,0.5
471155,0.5
471156,0.5
471157,0.5
471158,0.5
471159,0.5
471160,0.5
471161,0.5
471162,0.5
471163,0.5
471164,0.5
471165,0.5
471166,0.5
471167,0.5
471168,0.5
471169,0.5
471170,0.5
471171,0.5
471172,0.5
471173,0.5
471174,0.5
471175,0.5
471176,0.5
471177,0.5
471178,0.5
471179,0.5
471180,0.5
471181,0.5
471182,0.5
471183,0.5
471184,0.5
471185,0.5
471186,0.5
471187,0.5
471188,0.5
471189,0.5
471190,0.5
471191,0.5
471192,0.5
471193,0.5
471194,0.5
471195,0.5
471196,0.5
471197,0.5
471198,0.5
471199,0.5
471200,0.5
471201,0.5
471202,0.5
471203,0.5
471204,0.5
471205,0.5
471206,0.5
471207,0.5
471208,0.5
471209,0.5
471210,0.5
471211,0.5
471212,0.5
471213,0.5
471214,0.5
471215,0.5
471216,0.5
471217,0.5
471218,0.5
471219,0.5
471220,0.5
471221,0.5
471222,0.5
471223,0.5
471224,0.5
471225,0.5
471226,0.5
471227,0.5
471228,0.5
471229,0.5
471230,0.5
471231,0.5
471232,0.5
471233,0.5
471234,0.5
471235,0.5
471236,0.5
471237,0.5
471238,0.5
471239,0.5
471240,0.5
471241,0.5
471242,0.5
471243,0.5
471244,0.5
471245,0.5
471246,0.5
471247,0.5
471248,0.5
471249,0.5
471250,0.5
471251,0.5
471252,0.5
471253,0.5
471254,0.5
471255,0.5
471256,0.5
471257,0.5
471258,0.5
471259,0.5
471260,0.5
471261,0.5
471262,0.5
471263,0.5
471264,0.5
471265,0.5
471266,0.5
471267,0.5
471268,0.5
471269,0.5
471270,0.5
471271,0.5
471272,0.5
471273,0.5
471274,0.5
471275,0.5
471276,0.5
471277,0.5
471278,0.5
471279,0.5
471280,0.5
471281,0.5
471282,0.5
471283,0.5
471284,0.5
471285,0.5
471286,0.5
471287,0.5
471288,0.5
471289,0.5
471290,0.5
471291,0.5
471292,0.5
471293,0.5
471294,0.5
471295,0.5
471296,0.5
471297,0.5
471298,0.5
471299,0.5
471300,0.5
471301,0.5
471302,0.5
471303,0.5
471304,0.5
471305,0.5
471306,0.5
471307,0.5
471308,0.5
471309,0.5
471310,0.5
471311,0.5
471312,0.5
471313,0.5
471314,0.5
471315,0.5
471316,0.5
471317,0.5
471318,0.5
471319,0.5
471320,0.5
471321,0.5
471322,0.5
471323,0.5
471324,0.5
471325,0.5
471326,0.5
471327,0.5
471328,0.5
471329,0.5
471330,0.5
471331,0.5
471332,0.5
471333,0.5
471334,0.5
471335,0.5
471336,0.5
471337,0.5
471338,0.5
471339,0.5
471340,0.5
471341,0.5
471342,0.5
471343,0.5
471344,0.5
471345,0.5
471346,0.5
471347,0.5
471348,0.5
471349,0.5
471350,0.5
471351,0.5
471352,0.5
471353,0.5
471354,0.5
471355,0.5
471356,0.5
471357,0.5
471358,0.5
471359,0.5
471360,0.5
471361,0.5
471362,0.5
471363,0.5
471364,0.5
471365,0.5
471366,0.5
471367,0.5
471368,0.5
471369,0.5
471370,0.5
471371,0.5
471372,0.5
471373,0.5
471374,0.5
471375,0.5
471376,0.5
471377,0.5
471378,0.5
471379,0.5
471380,0.5
471381,0.5
471382,0.5
471383,0.5
471384,0.5
471385,0.5
471386,0.5
471387,0.5
471388,0.5
471389,0.5
471390,0.5
471391,0.5
471392,0.5
471393,0.5
471394,0.5
471395,0.5
471396,0.5
471397,0.5
471398,0.5
471399,0.5
471400,0.5
471401,0.5
471402,0.5
471403,0.5
471404,0.5
471405,0.5
471406,0.5
471407,0.5
471408,0.5
471409,0.5
471410,0.5
471411,0.5
471412,0.5
471413,0.5
471414,0.5
471415,0.5
471416,0.5
471417,0.5
471418,0.5
471419,0.5
471420,0.5
471421,0.5
471422,0.5
471423,0.5
471424,0.5
471425,0.5
471426,0.5
471427,0.5
471428,0.5
471429,0.5
471430,0.5
471431,0.5
471432,0.5
471433,0.5
471434,0.5
471435,0.5
471436,0.5
471437,0.5
471438,0.5
471439,0.5
471440,0.5
471441,0.5
471442,0.5
471443,0.5
471444,0.5
471445,0.5
471446,0.5
471447,0.5
471448,0.5
471449,0.5
471450,0.5
471451,0.5
471452,0.5
471453,0.5
471454,0.5
471455,0.5
471456,0.5
471457,0.5
471458,0.5
471459,0.5
471460,0.5
471461,0.5
471462,0.5
471463,0.5
471464,0.5
471465,0.5
471466,0.5
471467,0.5
471468,0.5
471469,0.5
471470,0.5
471471,0.5
471472,0.5
471473,0.5
471474,0.5
471475,0.5
471476,0.5
471477,0.5
471478,0.5
471479,0.5
471480,0.5
471481,0.5
471482,0.5
471483,0.5
471484,0.5
471485,0.5
471486,0.5
471487,0.5
471488,0.5
471489,0.5
471490,0.5
471491,0.5
471492,0.5
471493,0.5
471494,0.5
471495,0.5
471496,0.5
471497,0.5
471498,0.5
471499,0.5
471500,0.5
471501,0.5
471502,0.5
471503,0.5
471504,0.5
471505,0.5
471506,0.5
471507,0.5
471508,0.5
471509,0.5
471510,0.5
471511,0.5
471512,0.5
471513,0.5
471514,0.5
471515,0.5
471516,0.5
471517,0.5
471518,0.5
471519,0.5
471520,0.5
471521,0.5
471522,0.5
471523,0.5
471524,0.5
471525,0.5
471526,0.5
471527,0.5
471528,0.5
471529,0.5
471530,0.5
471531,0.5
471532,0.5
471533,0.5
471534,0.5
471535,0.5
471536,0.5
471537,0.5
471538,0.5
471539,0.5
471540,0.5
471541,0.5
471542,0.5
471543,0.5
471544,0.5
471545,0.5
471546,0.5
471547,0.5
471548,0.5
471549,0.5
471550,0.5
471551,0.5
471552,0.5
471553,0.5
471554,0.5
471555,0.5
471556,0.5
471557,0.5
471558,0.5
471559,0.5
471560,0.5
471561,0.5
471562,0.5
471563,0.5
471564,0.5
471565,0.5
471566,0.5
471567,0.5
471568,0.5
471569,0.5
471570,0.5
471571,0.5
471572,0.5
471573,0.5
471574,0.5
471575,0.5
471576,0.5
471577,0.5
471578,0.5
471579,0.5
471580,0.5
471581,0.5
471582,0.5
471583,0.5
471584,0.5
471585,0.5
471586,0.5
471587,0.5
471588,0.5
471589,0.5
471590,0.5
471591,0.5
471592,0.5
471593,0.5
471594,0.5
471595,0.5
471596,0.5
471597,0.5
471598,0.5
471599,0.5
471600,0.5
471601,0.5
471602,0.5
471603,0.5
471604,0.5
471605,0.5
471606,0.5
471607,0.5
471608,0.5
471609,0.5
471610,0.5
471611,0.5
471612,0.5
471613,0.5
471614,0.5
471615,0.5
471616,0.5
471617,0.5
471618,0.5
471619,0.5
471620,0.5
471621,0.5
471622,0.5
471623,0.5
471624,0.5
471625,0.5
471626,0.5
471627,0.5
471628,0.5
471629,0.5
471630,0.5
471631,0.5
471632,0.5
471633,0.5
471634,0.5
471635,0.5
471636,0.5
471637,0.5
471638,0.5
471639,0.5
471640,0.5
471641,0.5
471642,0.5
471643,0.5
471644,0.5
471645,0.5
471646,0.5
471647,0.5
471648,0.5
471649,0.5
471650,0.5
471651,0.5
471652,0.5
471653,0.5
471654,0.5
471655,0.5
471656,0.5
471657,0.5
471658,0.5
471659,0.5
471660,0.5
471661,0.5
471662,0.5
471663,0.5
471664,0.5
471665,0.5
471666,0.5
471667,0.5
471668,0.5
471669,0.5
471670,0.5
471671,0.5
471672,0.5
471673,0.5
471674,0.5
471675,0.5
471676,0.5
471677,0.5
471678,0.5
471679,0.5
471680,0.5
471681,0.5
471682,0.5
471683,0.5
471684,0.5
471685,0.5
471686,0.5
471687,0.5
471688,0.5
471689,0.5
471690,0.5
471691,0.5
471692,0.5
471693,0.5
471694,0.5
471695,0.5
471696,0.5
471697,0.5
471698,0.5
471699,0.5
471700,0.5
471701,0.5
471702,0.5
471703,0.5
471704,0.5
471705,0.5
471706,0.5
471707,0.5
471708,0.5
471709,0.5
471710,0.5
471711,0.5
471712,0.5
471713,0.5
471714,0.5
471715,0.5
471716,0.5
471717,0.5
471718,0.5
471719,0.5
471720,0.5
471721,0.5
471722,0.5
471723,0.5
471724,0.5
471725,0.5
471726,0.5
471727,0.5
471728,0.5
471729,0.5
471730,0.5
471731,0.5
471732,0.5
471733,0.5
471734,0.5
471735,0.5
471736,0.5
471737,0.5
471738,0.5
471739,0.5
471740,0.5
471741,0.5
471742,0.5
471743,0.5
471744,0.5
471745,0.5
471746,0.5
471747,0.5
471748,0.5
471749,0.5
471750,0.5
471751,0.5
471752,0.5
471753,0.5
471754,0.5
471755,0.5
471756,0.5
471757,0.5
471758,0.5
471759,0.5
471760,0.5
471761,0.5
471762,0.5
471763,0.5
471764,0.5
471765,0.5
471766,0.5
471767,0.5
471768,0.5
471769,0.5
471770,0.5
471771,0.5
471772,0.5
471773,0.5
471774,0.5
471775,0.5
471776,0.5
471777,0.5
471778,0.5
471779,0.5
471780,0.5
471781,0.5
471782,0.5
471783,0.5
471784,0.5
471785,0.5
471786,0.5
471787,0.5
471788,0.5
471789,0.5
471790,0.5
471791,0.5
471792,0.5
471793,0.5
471794,0.5
471795,0.5
471796,0.5
471797,0.5
471798,0.5
471799,0.5
471800,0.5
471801,0.5
471802,0.5
471803,0.5
471804,0.5
471805,0.5
471806,0.5
471807,0.5
471808,0.5
471809,0.5
471810,0.5
471811,0.5
471812,0.5
471813,0.5
471814,0.5
471815,0.5
471816,0.5
471817,0.5
471818,0.5
471819,0.5
471820,0.5
471821,0.5
471822,0.5
471823,0.5
471824,0.5
471825,0.5
471826,0.5
471827,0.5
471828,0.5
471829,0.5
471830,0.5
471831,0.5
471832,0.5
471833,0.5
471834,0.5
471835,0.5
471836,0.5
471837,0.5
471838,0.5
471839,0.5
471840,0.5
471841,0.5
471842,0.5
471843,0.5
471844,0.5
471845,0.5
471846,0.5
471847,0.5
471848,0.5
471849,0.5
471850,0.5
471851,0.5
471852,0.5
471853,0.5
471854,0.5
471855,0.5
471856,0.5
471857,0.5
471858,0.5
471859,0.5
471860,0.5
471861,0.5
471862,0.5
471863,0.5
471864,0.5
471865,0.5
471866,0.5
471867,0.5
471868,0.5
471869,0.5
471870,0.5
471871,0.5
471872,0.5
471873,0.5
471874,0.5
471875,0.5
471876,0.5
471877,0.5
471878,0.5
471879,0.5
471880,0.5
471881,0.5
471882,0.5
471883,0.5
471884,0.5
471885,0.5
471886,0.5
471887,0.5
471888,0.5
471889,0.5
471890,0.5
471891,0.5
471892,0.5
471893,0.5
471894,0.5
471895,0.5
471896,0.5
471897,0.5
471898,0.5
471899,0.5
471900,0.5
471901,0.5
471902,0.5
471903,0.5
471904,0.5
471905,0.5
471906,0.5
471907,0.5
471908,0.5
471909,0.5
471910,0.5
471911,0.5
471912,0.5
471913,0.5
471914,0.5
471915,0.5
471916,0.5
471917,0.5
471918,0.5
471919,0.5
471920,0.5
471921,0.5
471922,0.5
471923,0.5
471924,0.5
471925,0.5
471926,0.5
471927,0.5
471928,0.5
471929,0.5
471930,0.5
471931,0.5
471932,0.5
471933,0.5
471934,0.5
471935,0.5
471936,0.5
471937,0.5
471938,0.5
471939,0.5
471940,0.5
471941,0.5
471942,0.5
471943,0.5
471944,0.5
471945,0.5
471946,0.5
471947,0.5
471948,0.5
471949,0.5
471950,0.5
471951,0.5
471952,0.5
471953,0.5
471954,0.5
471955,0.5
471956,0.5
471957,0.5
471958,0.5
471959,0.5
471960,0.5
471961,0.5
471962,0.5
471963,0.5
471964,0.5
471965,0.5
471966,0.5
471967,0.5
471968,0.5
471969,0.5
471970,0.5
471971,0.5
471972,0.5
471973,0.5
471974,0.5
471975,0.5
471976,0.5
471977,0.5
471978,0.5
471979,0.5
471980,0.5
471981,0.5
471982,0.5
471983,0.5
471984,0.5
471985,0.5
471986,0.5
471987,0.5
471988,0.5
471989,0.5
471990,0.5
471991,0.5
471992,0.5
471993,0.5
471994,0.5
471995,0.5
471996,0.5
471997,0.5
471998,0.5
471999,0.5
472000,0.5
472001,0.5
472002,0.5
472003,0.5
472004,0.5
472005,0.5
472006,0.5
472007,0.5
472008,0.5
472009,0.5
472010,0.5
472011,0.5
472012,0.5
472013,0.5
472014,0.5
472015,0.5
472016,0.5
472017,0.5
472018,0.5
472019,0.5
472020,0.5
472021,0.5
472022,0.5
472023,0.5
472024,0.5
472025,0.5
472026,0.5
472027,0.5
472028,0.5
472029,0.5
472030,0.5
472031,0.5
472032,0.5
472033,0.5
472034,0.5
472035,0.5
472036,0.5
472037,0.5
472038,0.5
472039,0.5
472040,0.5
472041,0.5
472042,0.5
472043,0.5
472044,0.5
472045,0.5
472046,0.5
472047,0.5
472048,0.5
472049,0.5
472050,0.5
472051,0.5
472052,0.5
472053,0.5
472054,0.5
472055,0.5
472056,0.5
472057,0.5
472058,0.5
472059,0.5
472060,0.5
472061,0.5
472062,0.5
472063,0.5
472064,0.5
472065,0.5
472066,0.5
472067,0.5
472068,0.5
472069,0.5
472070,0.5
472071,0.5
472072,0.5
472073,0.5
472074,0.5
472075,0.5
472076,0.5
472077,0.5
472078,0.5
472079,0.5
472080,0.5
472081,0.5
472082,0.5
472083,0.5
472084,0.5
472085,0.5
472086,0.5
472087,0.5
472088,0.5
472089,0.5
472090,0.5
472091,0.5
472092,0.5
472093,0.5
472094,0.5
472095,0.5
472096,0.5
472097,0.5
472098,0.5
472099,0.5
472100,0.5
472101,0.5
472102,0.5
472103,0.5
472104,0.5
472105,0.5
472106,0.5
472107,0.5
472108,0.5
472109,0.5
472110,0.5
472111,0.5
472112,0.5
472113,0.5
472114,0.5
472115,0.5
472116,0.5
472117,0.5
472118,0.5
472119,0.5
472120,0.5
472121,0.5
472122,0.5
472123,0.5
472124,0.5
472125,0.5
472126,0.5
472127,0.5
472128,0.5
472129,0.5
472130,0.5
472131,0.5
472132,0.5
472133,0.5
472134,0.5
472135,0.5
472136,0.5
472137,0.5
472138,0.5
472139,0.5
472140,0.5
472141,0.5
472142,0.5
472143,0.5
472144,0.5
472145,0.5
472146,0.5
472147,0.5
472148,0.5
472149,0.5
472150,0.5
472151,0.5
472152,0.5
472153,0.5
472154,0.5
472155,0.5
472156,0.5
472157,0.5
472158,0.5
472159,0.5
472160,0.5
472161,0.5
472162,0.5
472163,0.5
472164,0.5
472165,0.5
472166,0.5
472167,0.5
472168,0.5
472169,0.5
472170,0.5
472171,0.5
472172,0.5
472173,0.5
472174,0.5
472175,0.5
472176,0.5
472177,0.5
472178,0.5
472179,0.5
472180,0.5
472181,0.5
472182,0.5
472183,0.5
472184,0.5
472185,0.5
472186,0.5
472187,0.5
472188,0.5
472189,0.5
472190,0.5
472191,0.5
472192,0.5
472193,0.5
472194,0.5
472195,0.5
472196,0.5
472197,0.5
472198,0.5
472199,0.5
472200,0.5
472201,0.5
472202,0.5
472203,0.5
472204,0.5
472205,0.5
472206,0.5
472207,0.5
472208,0.5
472209,0.5
472210,0.5
472211,0.5
472212,0.5
472213,0.5
472214,0.5
472215,0.5
472216,0.5
472217,0.5
472218,0.5
472219,0.5
472220,0.5
472221,0.5
472222,0.5
472223,0.5
472224,0.5
472225,0.5
472226,0.5
472227,0.5
472228,0.5
472229,0.5
472230,0.5
472231,0.5
472232,0.5
472233,0.5
472234,0.5
472235,0.5
472236,0.5
472237,0.5
472238,0.5
472239,0.5
472240,0.5
472241,0.5
472242,0.5
472243,0.5
472244,0.5
472245,0.5
472246,0.5
472247,0.5
472248,0.5
472249,0.5
472250,0.5
472251,0.5
472252,0.5
472253,0.5
472254,0.5
472255,0.5
472256,0.5
472257,0.5
472258,0.5
472259,0.5
472260,0.5
472261,0.5
472262,0.5
472263,0.5
472264,0.5
472265,0.5
472266,0.5
472267,0.5
472268,0.5
472269,0.5
472270,0.5
472271,0.5
472272,0.5
472273,0.5
472274,0.5
472275,0.5
472276,0.5
472277,0.5
472278,0.5
472279,0.5
472280,0.5
472281,0.5
472282,0.5
472283,0.5
472284,0.5
472285,0.5
472286,0.5
472287,0.5
472288,0.5
472289,0.5
472290,0.5
472291,0.5
472292,0.5
472293,0.5
472294,0.5
472295,0.5
472296,0.5
472297,0.5
472298,0.5
472299,0.5
472300,0.5
472301,0.5
472302,0.5
472303,0.5
472304,0.5
472305,0.5
472306,0.5
472307,0.5
472308,0.5
472309,0.5
472310,0.5
472311,0.5
472312,0.5
472313,0.5
472314,0.5
472315,0.5
472316,0.5
472317,0.5
472318,0.5
472319,0.5
472320,0.5
472321,0.5
472322,0.5
472323,0.5
472324,0.5
472325,0.5
472326,0.5
472327,0.5
472328,0.5
472329,0.5
472330,0.5
472331,0.5
472332,0.5
472333,0.5
472334,0.5
472335,0.5
472336,0.5
472337,0.5
472338,0.5
472339,0.5
472340,0.5
472341,0.5
472342,0.5
472343,0.5
472344,0.5
472345,0.5
472346,0.5
472347,0.5
472348,0.5
472349,0.5
472350,0.5
472351,0.5
472352,0.5
472353,0.5
472354,0.5
472355,0.5
472356,0.5
472357,0.5
472358,0.5
472359,0.5
472360,0.5
472361,0.5
472362,0.5
472363,0.5
472364,0.5
472365,0.5
472366,0.5
472367,0.5
472368,0.5
472369,0.5
472370,0.5
472371,0.5
472372,0.5
472373,0.5
472374,0.5
472375,0.5
472376,0.5
472377,0.5
472378,0.5
472379,0.5
472380,0.5
472381,0.5
472382,0.5
472383,0.5
472384,0.5
472385,0.5
472386,0.5
472387,0.5
472388,0.5
472389,0.5
472390,0.5
472391,0.5
472392,0.5
472393,0.5
472394,0.5
472395,0.5
472396,0.5
472397,0.5
472398,0.5
472399,0.5
472400,0.5
472401,0.5
472402,0.5
472403,0.5
472404,0.5
472405,0.5
472406,0.5
472407,0.5
472408,0.5
472409,0.5
472410,0.5
472411,0.5
472412,0.5
472413,0.5
472414,0.5
472415,0.5
472416,0.5
472417,0.5
472418,0.5
472419,0.5
472420,0.5
472421,0.5
472422,0.5
472423,0.5
472424,0.5
472425,0.5
472426,0.5
472427,0.5
472428,0.5
472429,0.5
472430,0.5
472431,0.5
472432,0.5
472433,0.5
472434,0.5
472435,0.5
472436,0.5
472437,0.5
472438,0.5
472439,0.5
472440,0.5
472441,0.5
472442,0.5
472443,0.5
472444,0.5
472445,0.5
472446,0.5
472447,0.5
472448,0.5
472449,0.5
472450,0.5
472451,0.5
472452,0.5
472453,0.5
472454,0.5
472455,0.5
472456,0.5
472457,0.5
472458,0.5
472459,0.5
472460,0.5
472461,0.5
472462,0.5
472463,0.5
472464,0.5
472465,0.5
472466,0.5
472467,0.5
472468,0.5
472469,0.5
472470,0.5
472471,0.5
472472,0.5
472473,0.5
472474,0.5
472475,0.5
472476,0.5
472477,0.5
472478,0.5
472479,0.5
472480,0.5
472481,0.5
472482,0.5
472483,0.5
472484,0.5
472485,0.5
472486,0.5
472487,0.5
472488,0.5
472489,0.5
472490,0.5
472491,0.5
472492,0.5
472493,0.5
472494,0.5
472495,0.5
472496,0.5
472497,0.5
472498,0.5
472499,0.5
472500,0.5
472501,0.5
472502,0.5
472503,0.5
472504,0.5
472505,0.5
472506,0.5
472507,0.5
472508,0.5
472509,0.5
472510,0.5
472511,0.5
472512,0.5
472513,0.5
472514,0.5
472515,0.5
472516,0.5
472517,0.5
472518,0.5
472519,0.5
472520,0.5
472521,0.5
472522,0.5
472523,0.5
472524,0.5
472525,0.5
472526,0.5
472527,0.5
472528,0.5
472529,0.5
472530,0.5
472531,0.5
472532,0.5
472533,0.5
472534,0.5
472535,0.5
472536,0.5
472537,0.5
472538,0.5
472539,0.5
472540,0.5
472541,0.5
472542,0.5
472543,0.5
472544,0.5
472545,0.5
472546,0.5
472547,0.5
472548,0.5
472549,0.5
472550,0.5
472551,0.5
472552,0.5
472553,0.5
472554,0.5
472555,0.5
472556,0.5
472557,0.5
472558,0.5
472559,0.5
472560,0.5
472561,0.5
472562,0.5
472563,0.5
472564,0.5
472565,0.5
472566,0.5
472567,0.5
472568,0.5
472569,0.5
472570,0.5
472571,0.5
472572,0.5
472573,0.5
472574,0.5
472575,0.5
472576,0.5
472577,0.5
472578,0.5
472579,0.5
472580,0.5
472581,0.5
472582,0.5
472583,0.5
472584,0.5
472585,0.5
472586,0.5
472587,0.5
472588,0.5
472589,0.5
472590,0.5
472591,0.5
472592,0.5
472593,0.5
472594,0.5
472595,0.5
472596,0.5
472597,0.5
472598,0.5
472599,0.5
472600,0.5
472601,0.5
472602,0.5
472603,0.5
472604,0.5
472605,0.5
472606,0.5
472607,0.5
472608,0.5
472609,0.5
472610,0.5
472611,0.5
472612,0.5
472613,0.5
472614,0.5
472615,0.5
472616,0.5
472617,0.5
472618,0.5
472619,0.5
472620,0.5
472621,0.5
472622,0.5
472623,0.5
472624,0.5
472625,0.5
472626,0.5
472627,0.5
472628,0.5
472629,0.5
472630,0.5
472631,0.5
472632,0.5
472633,0.5
472634,0.5
472635,0.5
472636,0.5
472637,0.5
472638,0.5
472639,0.5
472640,0.5
472641,0.5
472642,0.5
472643,0.5
472644,0.5
472645,0.5
472646,0.5
472647,0.5
472648,0.5
472649,0.5
472650,0.5
472651,0.5
472652,0.5
472653,0.5
472654,0.5
472655,0.5
472656,0.5
472657,0.5
472658,0.5
472659,0.5
472660,0.5
472661,0.5
472662,0.5
472663,0.5
472664,0.5
472665,0.5
472666,0.5
472667,0.5
472668,0.5
472669,0.5
472670,0.5
472671,0.5
472672,0.5
472673,0.5
472674,0.5
472675,0.5
472676,0.5
472677,0.5
472678,0.5
472679,0.5
472680,0.5
472681,0.5
472682,0.5
472683,0.5
472684,0.5
472685,0.5
472686,0.5
472687,0.5
472688,0.5
472689,0.5
472690,0.5
472691,0.5
472692,0.5
472693,0.5
472694,0.5
472695,0.5
472696,0.5
472697,0.5
472698,0.5
472699,0.5
472700,0.5
472701,0.5
472702,0.5
472703,0.5
472704,0.5
472705,0.5
472706,0.5
472707,0.5
472708,0.5
472709,0.5
472710,0.5
472711,0.5
472712,0.5
472713,0.5
472714,0.5
472715,0.5
472716,0.5
472717,0.5
472718,0.5
472719,0.5
472720,0.5
472721,0.5
472722,0.5
472723,0.5
472724,0.5
472725,0.5
472726,0.5
472727,0.5
472728,0.5
472729,0.5
472730,0.5
472731,0.5
472732,0.5
472733,0.5
472734,0.5
472735,0.5
472736,0.5
472737,0.5
472738,0.5
472739,0.5
472740,0.5
472741,0.5
472742,0.5
472743,0.5
472744,0.5
472745,0.5
472746,0.5
472747,0.5
472748,0.5
472749,0.5
472750,0.5
472751,0.5
472752,0.5
472753,0.5
472754,0.5
472755,0.5
472756,0.5
472757,0.5
472758,0.5
472759,0.5
472760,0.5
472761,0.5
472762,0.5
472763,0.5
472764,0.5
472765,0.5
472766,0.5
472767,0.5
472768,0.5
472769,0.5
472770,0.5
472771,0.5
472772,0.5
472773,0.5
472774,0.5
472775,0.5
472776,0.5
472777,0.5
472778,0.5
472779,0.5
472780,0.5
472781,0.5
472782,0.5
472783,0.5
472784,0.5
472785,0.5
472786,0.5
472787,0.5
472788,0.5
472789,0.5
472790,0.5
472791,0.5
472792,0.5
472793,0.5
472794,0.5
472795,0.5
472796,0.5
472797,0.5
472798,0.5
472799,0.5
472800,0.5
472801,0.5
472802,0.5
472803,0.5
472804,0.5
472805,0.5
472806,0.5
472807,0.5
472808,0.5
472809,0.5
472810,0.5
472811,0.5
472812,0.5
472813,0.5
472814,0.5
472815,0.5
472816,0.5
472817,0.5
472818,0.5
472819,0.5
472820,0.5
472821,0.5
472822,0.5
472823,0.5
472824,0.5
472825,0.5
472826,0.5
472827,0.5
472828,0.5
472829,0.5
472830,0.5
472831,0.5
472832,0.5
472833,0.5
472834,0.5
472835,0.5
472836,0.5
472837,0.5
472838,0.5
472839,0.5
472840,0.5
472841,0.5
472842,0.5
472843,0.5
472844,0.5
472845,0.5
472846,0.5
472847,0.5
472848,0.5
472849,0.5
472850,0.5
472851,0.5
472852,0.5
472853,0.5
472854,0.5
472855,0.5
472856,0.5
472857,0.5
472858,0.5
472859,0.5
472860,0.5
472861,0.5
472862,0.5
472863,0.5
472864,0.5
472865,0.5
472866,0.5
472867,0.5
472868,0.5
472869,0.5
472870,0.5
472871,0.5
472872,0.5
472873,0.5
472874,0.5
472875,0.5
472876,0.5
472877,0.5
472878,0.5
472879,0.5
472880,0.5
472881,0.5
472882,0.5
472883,0.5
472884,0.5
472885,0.5
472886,0.5
472887,0.5
472888,0.5
472889,0.5
472890,0.5
472891,0.5
472892,0.5
472893,0.5
472894,0.5
472895,0.5
472896,0.5
472897,0.5
472898,0.5
472899,0.5
472900,0.5
472901,0.5
472902,0.5
472903,0.5
472904,0.5
472905,0.5
472906,0.5
472907,0.5
472908,0.5
472909,0.5
472910,0.5
472911,0.5
472912,0.5
472913,0.5
472914,0.5
472915,0.5
472916,0.5
472917,0.5
472918,0.5
472919,0.5
472920,0.5
472921,0.5
472922,0.5
472923,0.5
472924,0.5
472925,0.5
472926,0.5
472927,0.5
472928,0.5
472929,0.5
472930,0.5
472931,0.5
472932,0.5
472933,0.5
472934,0.5
472935,0.5
472936,0.5
472937,0.5
472938,0.5
472939,0.5
472940,0.5
472941,0.5
472942,0.5
472943,0.5
472944,0.5
472945,0.5
472946,0.5
472947,0.5
472948,0.5
472949,0.5
472950,0.5
472951,0.5
472952,0.5
472953,0.5
472954,0.5
472955,0.5
472956,0.5
472957,0.5
472958,0.5
472959,0.5
472960,0.5
472961,0.5
472962,0.5
472963,0.5
472964,0.5
472965,0.5
472966,0.5
472967,0.5
472968,0.5
472969,0.5
472970,0.5
472971,0.5
472972,0.5
472973,0.5
472974,0.5
472975,0.5
472976,0.5
472977,0.5
472978,0.5
472979,0.5
472980,0.5
472981,0.5
472982,0.5
472983,0.5
472984,0.5
472985,0.5
472986,0.5
472987,0.5
472988,0.5
472989,0.5
472990,0.5
472991,0.5
472992,0.5
472993,0.5
472994,0.5
472995,0.5
472996,0.5
472997,0.5
472998,0.5
472999,0.5
473000,0.5
473001,0.5
473002,0.5
473003,0.5
473004,0.5
473005,0.5
473006,0.5
473007,0.5
473008,0.5
473009,0.5
473010,0.5
473011,0.5
473012,0.5
473013,0.5
473014,0.5
473015,0.5
473016,0.5
473017,0.5
473018,0.5
473019,0.5
473020,0.5
473021,0.5
473022,0.5
473023,0.5
473024,0.5
473025,0.5
473026,0.5
473027,0.5
473028,0.5
473029,0.5
473030,0.5
473031,0.5
473032,0.5
473033,0.5
473034,0.5
473035,0.5
473036,0.5
473037,0.5
473038,0.5
473039,0.5
473040,0.5
473041,0.5
473042,0.5
473043,0.5
473044,0.5
473045,0.5
473046,0.5
473047,0.5
473048,0.5
473049,0.5
473050,0.5
473051,0.5
473052,0.5
473053,0.5
473054,0.5
473055,0.5
473056,0.5
473057,0.5
473058,0.5
473059,0.5
473060,0.5
473061,0.5
473062,0.5
473063,0.5
473064,0.5
473065,0.5
473066,0.5
473067,0.5
473068,0.5
473069,0.5
473070,0.5
473071,0.5
473072,0.5
473073,0.5
473074,0.5
473075,0.5
473076,0.5
473077,0.5
473078,0.5
473079,0.5
473080,0.5
473081,0.5
473082,0.5
473083,0.5
473084,0.5
473085,0.5
473086,0.5
473087,0.5
473088,0.5
473089,0.5
473090,0.5
473091,0.5
473092,0.5
473093,0.5
473094,0.5
473095,0.5
473096,0.5
473097,0.5
473098,0.5
473099,0.5
473100,0.5
473101,0.5
473102,0.5
473103,0.5
473104,0.5
473105,0.5
473106,0.5
473107,0.5
473108,0.5
473109,0.5
473110,0.5
473111,0.5
473112,0.5
473113,0.5
473114,0.5
473115,0.5
473116,0.5
473117,0.5
473118,0.5
473119,0.5
473120,0.5
473121,0.5
473122,0.5
473123,0.5
473124,0.5
473125,0.5
473126,0.5
473127,0.5
473128,0.5
473129,0.5
473130,0.5
473131,0.5
473132,0.5
473133,0.5
473134,0.5
473135,0.5
473136,0.5
473137,0.5
473138,0.5
473139,0.5
473140,0.5
473141,0.5
473142,0.5
473143,0.5
473144,0.5
473145,0.5
473146,0.5
473147,0.5
473148,0.5
473149,0.5
473150,0.5
473151,0.5
473152,0.5
473153,0.5
473154,0.5
473155,0.5
473156,0.5
473157,0.5
473158,0.5
473159,0.5
473160,0.5
473161,0.5
473162,0.5
473163,0.5
473164,0.5
473165,0.5
473166,0.5
473167,0.5
473168,0.5
473169,0.5
473170,0.5
473171,0.5
473172,0.5
473173,0.5
473174,0.5
473175,0.5
473176,0.5
473177,0.5
473178,0.5
473179,0.5
473180,0.5
473181,0.5
473182,0.5
473183,0.5
473184,0.5
473185,0.5
473186,0.5
473187,0.5
473188,0.5
473189,0.5
473190,0.5
473191,0.5
473192,0.5
473193,0.5
473194,0.5
473195,0.5
473196,0.5
473197,0.5
473198,0.5
473199,0.5
473200,0.5
473201,0.5
473202,0.5
473203,0.5
473204,0.5
473205,0.5
473206,0.5
473207,0.5
473208,0.5
473209,0.5
473210,0.5
473211,0.5
473212,0.5
473213,0.5
473214,0.5
473215,0.5
473216,0.5
473217,0.5
473218,0.5
473219,0.5
473220,0.5
473221,0.5
473222,0.5
473223,0.5
473224,0.5
473225,0.5
473226,0.5
473227,0.5
473228,0.5
473229,0.5
473230,0.5
473231,0.5
473232,0.5
473233,0.5
473234,0.5
473235,0.5
473236,0.5
473237,0.5
473238,0.5
473239,0.5
473240,0.5
473241,0.5
473242,0.5
473243,0.5
473244,0.5
473245,0.5
473246,0.5
473247,0.5
473248,0.5
473249,0.5
473250,0.5
473251,0.5
473252,0.5
473253,0.5
473254,0.5
473255,0.5
473256,0.5
473257,0.5
473258,0.5
473259,0.5
473260,0.5
473261,0.5
473262,0.5
473263,0.5
473264,0.5
473265,0.5
473266,0.5
473267,0.5
473268,0.5
473269,0.5
473270,0.5
473271,0.5
473272,0.5
473273,0.5
473274,0.5
473275,0.5
473276,0.5
473277,0.5
473278,0.5
473279,0.5
473280,0.5
473281,0.5
473282,0.5
473283,0.5
473284,0.5
473285,0.5
473286,0.5
473287,0.5
473288,0.5
473289,0.5
473290,0.5
473291,0.5
473292,0.5
473293,0.5
473294,0.5
473295,0.5
473296,0.5
473297,0.5
473298,0.5
473299,0.5
473300,0.5
473301,0.5
473302,0.5
473303,0.5
473304,0.5
473305,0.5
473306,0.5
473307,0.5
473308,0.5
473309,0.5
473310,0.5
473311,0.5
473312,0.5
473313,0.5
473314,0.5
473315,0.5
473316,0.5
473317,0.5
473318,0.5
473319,0.5
473320,0.5
473321,0.5
473322,0.5
473323,0.5
473324,0.5
473325,0.5
473326,0.5
473327,0.5
473328,0.5
473329,0.5
473330,0.5
473331,0.5
473332,0.5
473333,0.5
473334,0.5
473335,0.5
473336,0.5
473337,0.5
473338,0.5
473339,0.5
473340,0.5
473341,0.5
473342,0.5
473343,0.5
473344,0.5
473345,0.5
473346,0.5
473347,0.5
473348,0.5
473349,0.5
473350,0.5
473351,0.5
473352,0.5
473353,0.5
473354,0.5
473355,0.5
473356,0.5
473357,0.5
473358,0.5
473359,0.5
473360,0.5
473361,0.5
473362,0.5
473363,0.5
473364,0.5
473365,0.5
473366,0.5
473367,0.5
473368,0.5
473369,0.5
473370,0.5
473371,0.5
473372,0.5
473373,0.5
473374,0.5
473375,0.5
473376,0.5
473377,0.5
473378,0.5
473379,0.5
473380,0.5
473381,0.5
473382,0.5
473383,0.5
473384,0.5
473385,0.5
473386,0.5
473387,0.5
473388,0.5
473389,0.5
473390,0.5
473391,0.5
473392,0.5
473393,0.5
473394,0.5
473395,0.5
473396,0.5
473397,0.5
473398,0.5
473399,0.5
473400,0.5
473401,0.5
473402,0.5
473403,0.5
473404,0.5
473405,0.5
473406,0.5
473407,0.5
473408,0.5
473409,0.5
473410,0.5
473411,0.5
473412,0.5
473413,0.5
473414,0.5
473415,0.5
473416,0.5
473417,0.5
473418,0.5
473419,0.5
473420,0.5
473421,0.5
473422,0.5
473423,0.5
473424,0.5
473425,0.5
473426,0.5
473427,0.5
473428,0.5
473429,0.5
473430,0.5
473431,0.5
473432,0.5
473433,0.5
473434,0.5
473435,0.5
473436,0.5
473437,0.5
473438,0.5
473439,0.5
473440,0.5
473441,0.5
473442,0.5
473443,0.5
473444,0.5
473445,0.5
473446,0.5
473447,0.5
473448,0.5
473449,0.5
473450,0.5
473451,0.5
473452,0.5
473453,0.5
473454,0.5
473455,0.5
473456,0.5
473457,0.5
473458,0.5
473459,0.5
473460,0.5
473461,0.5
473462,0.5
473463,0.5
473464,0.5
473465,0.5
473466,0.5
473467,0.5
473468,0.5
473469,0.5
473470,0.5
473471,0.5
473472,0.5
473473,0.5
473474,0.5
473475,0.5
473476,0.5
473477,0.5
473478,0.5
473479,0.5
473480,0.5
473481,0.5
473482,0.5
473483,0.5
473484,0.5
473485,0.5
473486,0.5
473487,0.5
473488,0.5
473489,0.5
473490,0.5
473491,0.5
473492,0.5
473493,0.5
473494,0.5
473495,0.5
473496,0.5
473497,0.5
473498,0.5
473499,0.5
473500,0.5
473501,0.5
473502,0.5
473503,0.5
473504,0.5
473505,0.5
473506,0.5
473507,0.5
473508,0.5
473509,0.5
473510,0.5
473511,0.5
473512,0.5
473513,0.5
473514,0.5
473515,0.5
473516,0.5
473517,0.5
473518,0.5
473519,0.5
473520,0.5
473521,0.5
473522,0.5
473523,0.5
473524,0.5
473525,0.5
473526,0.5
473527,0.5
473528,0.5
473529,0.5
473530,0.5
473531,0.5
473532,0.5
473533,0.5
473534,0.5
473535,0.5
473536,0.5
473537,0.5
473538,0.5
473539,0.5
473540,0.5
473541,0.5
473542,0.5
473543,0.5
473544,0.5
473545,0.5
473546,0.5
473547,0.5
473548,0.5
473549,0.5
473550,0.5
473551,0.5
473552,0.5
473553,0.5
473554,0.5
473555,0.5
473556,0.5
473557,0.5
473558,0.5
473559,0.5
473560,0.5
473561,0.5
473562,0.5
473563,0.5
473564,0.5
473565,0.5
473566,0.5
473567,0.5
473568,0.5
473569,0.5
473570,0.5
473571,0.5
473572,0.5
473573,0.5
473574,0.5
473575,0.5
473576,0.5
473577,0.5
473578,0.5
473579,0.5
473580,0.5
473581,0.5
473582,0.5
473583,0.5
473584,0.5
473585,0.5
473586,0.5
473587,0.5
473588,0.5
473589,0.5
473590,0.5
473591,0.5
473592,0.5
473593,0.5
473594,0.5
473595,0.5
473596,0.5
473597,0.5
473598,0.5
473599,0.5
473600,0.5
473601,0.5
473602,0.5
473603,0.5
473604,0.5
473605,0.5
473606,0.5
473607,0.5
473608,0.5
473609,0.5
473610,0.5
473611,0.5
473612,0.5
473613,0.5
473614,0.5
473615,0.5
473616,0.5
473617,0.5
473618,0.5
473619,0.5
473620,0.5
473621,0.5
473622,0.5
473623,0.5
473624,0.5
473625,0.5
473626,0.5
473627,0.5
473628,0.5
473629,0.5
473630,0.5
473631,0.5
473632,0.5
473633,0.5
473634,0.5
473635,0.5
473636,0.5
473637,0.5
473638,0.5
473639,0.5
473640,0.5
473641,0.5
473642,0.5
473643,0.5
473644,0.5
473645,0.5
473646,0.5
473647,0.5
473648,0.5
473649,0.5
473650,0.5
473651,0.5
473652,0.5
473653,0.5
473654,0.5
473655,0.5
473656,0.5
473657,0.5
473658,0.5
473659,0.5
473660,0.5
473661,0.5
473662,0.5
473663,0.5
473664,0.5
473665,0.5
473666,0.5
473667,0.5
473668,0.5
473669,0.5
473670,0.5
473671,0.5
473672,0.5
473673,0.5
473674,0.5
473675,0.5
473676,0.5
473677,0.5
473678,0.5
473679,0.5
473680,0.5
473681,0.5
473682,0.5
473683,0.5
473684,0.5
473685,0.5
473686,0.5
473687,0.5
473688,0.5
473689,0.5
473690,0.5
473691,0.5
473692,0.5
473693,0.5
473694,0.5
473695,0.5
473696,0.5
473697,0.5
473698,0.5
473699,0.5
473700,0.5
473701,0.5
473702,0.5
473703,0.5
473704,0.5
473705,0.5
473706,0.5
473707,0.5
473708,0.5
473709,0.5
473710,0.5
473711,0.5
473712,0.5
473713,0.5
473714,0.5
473715,0.5
473716,0.5
473717,0.5
473718,0.5
473719,0.5
473720,0.5
473721,0.5
473722,0.5
473723,0.5
473724,0.5
473725,0.5
473726,0.5
473727,0.5
473728,0.5
473729,0.5
473730,0.5
473731,0.5
473732,0.5
473733,0.5
473734,0.5
473735,0.5
473736,0.5
473737,0.5
473738,0.5
473739,0.5
473740,0.5
473741,0.5
473742,0.5
473743,0.5
473744,0.5
473745,0.5
473746,0.5
473747,0.5
473748,0.5
473749,0.5
473750,0.5
473751,0.5
473752,0.5
473753,0.5
473754,0.5
473755,0.5
473756,0.5
473757,0.5
473758,0.5
473759,0.5
473760,0.5
473761,0.5
473762,0.5
473763,0.5
473764,0.5
473765,0.5
473766,0.5
473767,0.5
473768,0.5
473769,0.5
473770,0.5
473771,0.5
473772,0.5
473773,0.5
473774,0.5
473775,0.5
473776,0.5
473777,0.5
473778,0.5
473779,0.5
473780,0.5
473781,0.5
473782,0.5
473783,0.5
473784,0.5
473785,0.5
473786,0.5
473787,0.5
473788,0.5
473789,0.5
473790,0.5
473791,0.5
473792,0.5
473793,0.5
473794,0.5
473795,0.5
473796,0.5
473797,0.5
473798,0.5
473799,0.5
473800,0.5
473801,0.5
473802,0.5
473803,0.5
473804,0.5
473805,0.5
473806,0.5
473807,0.5
473808,0.5
473809,0.5
473810,0.5
473811,0.5
473812,0.5
473813,0.5
473814,0.5
473815,0.5
473816,0.5
473817,0.5
473818,0.5
473819,0.5
473820,0.5
473821,0.5
473822,0.5
473823,0.5
473824,0.5
473825,0.5
473826,0.5
473827,0.5
473828,0.5
473829,0.5
473830,0.5
473831,0.5
473832,0.5
473833,0.5
473834,0.5
473835,0.5
473836,0.5
473837,0.5
473838,0.5
473839,0.5
473840,0.5
473841,0.5
473842,0.5
473843,0.5
473844,0.5
473845,0.5
473846,0.5
473847,0.5
473848,0.5
473849,0.5
473850,0.5
473851,0.5
473852,0.5
473853,0.5
473854,0.5
473855,0.5
473856,0.5
473857,0.5
473858,0.5
473859,0.5
473860,0.5
473861,0.5
473862,0.5
473863,0.5
473864,0.5
473865,0.5
473866,0.5
473867,0.5
473868,0.5
473869,0.5
473870,0.5
473871,0.5
473872,0.5
473873,0.5
473874,0.5
473875,0.5
473876,0.5
473877,0.5
473878,0.5
473879,0.5
473880,0.5
473881,0.5
473882,0.5
473883,0.5
473884,0.5
473885,0.5
473886,0.5
473887,0.5
473888,0.5
473889,0.5
473890,0.5
473891,0.5
473892,0.5
473893,0.5
473894,0.5
473895,0.5
473896,0.5
473897,0.5
473898,0.5
473899,0.5
473900,0.5
473901,0.5
473902,0.5
473903,0.5
473904,0.5
473905,0.5
473906,0.5
473907,0.5
473908,0.5
473909,0.5
473910,0.5
473911,0.5
473912,0.5
473913,0.5
473914,0.5
473915,0.5
473916,0.5
473917,0.5
473918,0.5
473919,0.5
473920,0.5
473921,0.5
473922,0.5
473923,0.5
473924,0.5
473925,0.5
473926,0.5
473927,0.5
473928,0.5
473929,0.5
473930,0.5
473931,0.5
473932,0.5
473933,0.5
473934,0.5
473935,0.5
473936,0.5
473937,0.5
473938,0.5
473939,0.5
473940,0.5
473941,0.5
473942,0.5
473943,0.5
473944,0.5
473945,0.5
473946,0.5
473947,0.5
473948,0.5
473949,0.5
473950,0.5
473951,0.5
473952,0.5
473953,0.5
473954,0.5
473955,0.5
473956,0.5
473957,0.5
473958,0.5
473959,0.5
473960,0.5
473961,0.5
473962,0.5
473963,0.5
473964,0.5
473965,0.5
473966,0.5
473967,0.5
473968,0.5
473969,0.5
473970,0.5
473971,0.5
473972,0.5
473973,0.5
473974,0.5
473975,0.5
473976,0.5
473977,0.5
473978,0.5
473979,0.5
473980,0.5
473981,0.5
473982,0.5
473983,0.5
473984,0.5
473985,0.5
473986,0.5
473987,0.5
473988,0.5
473989,0.5
473990,0.5
473991,0.5
473992,0.5
473993,0.5
473994,0.5
473995,0.5
473996,0.5
473997,0.5
473998,0.5
473999,0.5
474000,0.5
474001,0.5
474002,0.5
474003,0.5
474004,0.5
474005,0.5
474006,0.5
474007,0.5
474008,0.5
474009,0.5
474010,0.5
474011,0.5
474012,0.5
474013,0.5
474014,0.5
474015,0.5
474016,0.5
474017,0.5
474018,0.5
474019,0.5
474020,0.5
474021,0.5
474022,0.5
474023,0.5
474024,0.5
474025,0.5
474026,0.5
474027,0.5
474028,0.5
474029,0.5
474030,0.5
474031,0.5
474032,0.5
474033,0.5
474034,0.5
474035,0.5
474036,0.5
474037,0.5
474038,0.5
474039,0.5
474040,0.5
474041,0.5
474042,0.5
474043,0.5
474044,0.5
474045,0.5
474046,0.5
474047,0.5
474048,0.5
474049,0.5
474050,0.5
474051,0.5
474052,0.5
474053,0.5
474054,0.5
474055,0.5
474056,0.5
474057,0.5
474058,0.5
474059,0.5
474060,0.5
474061,0.5
474062,0.5
474063,0.5
474064,0.5
474065,0.5
474066,0.5
474067,0.5
474068,0.5
474069,0.5
474070,0.5
474071,0.5
474072,0.5
474073,0.5
474074,0.5
474075,0.5
474076,0.5
474077,0.5
474078,0.5
474079,0.5
474080,0.5
474081,0.5
474082,0.5
474083,0.5
474084,0.5
474085,0.5
474086,0.5
474087,0.5
474088,0.5
474089,0.5
474090,0.5
474091,0.5
474092,0.5
474093,0.5
474094,0.5
474095,0.5
474096,0.5
474097,0.5
474098,0.5
474099,0.5
474100,0.5
474101,0.5
474102,0.5
474103,0.5
474104,0.5
474105,0.5
474106,0.5
474107,0.5
474108,0.5
474109,0.5
474110,0.5
474111,0.5
474112,0.5
474113,0.5
474114,0.5
474115,0.5
474116,0.5
474117,0.5
474118,0.5
474119,0.5
474120,0.5
474121,0.5
474122,0.5
474123,0.5
474124,0.5
474125,0.5
474126,0.5
474127,0.5
474128,0.5
474129,0.5
474130,0.5
474131,0.5
474132,0.5
474133,0.5
474134,0.5
474135,0.5
474136,0.5
474137,0.5
474138,0.5
474139,0.5
474140,0.5
474141,0.5
474142,0.5
474143,0.5
474144,0.5
474145,0.5
474146,0.5
474147,0.5
474148,0.5
474149,0.5
474150,0.5
474151,0.5
474152,0.5
474153,0.5
474154,0.5
474155,0.5
474156,0.5
474157,0.5
474158,0.5
474159,0.5
474160,0.5
474161,0.5
474162,0.5
474163,0.5
474164,0.5
474165,0.5
474166,0.5
474167,0.5
474168,0.5
474169,0.5
474170,0.5
474171,0.5
474172,0.5
474173,0.5
474174,0.5
474175,0.5
474176,0.5
474177,0.5
474178,0.5
474179,0.5
474180,0.5
474181,0.5
474182,0.5
474183,0.5
474184,0.5
474185,0.5
474186,0.5
474187,0.5
474188,0.5
474189,0.5
474190,0.5
474191,0.5
474192,0.5
474193,0.5
474194,0.5
474195,0.5
474196,0.5
474197,0.5
474198,0.5
474199,0.5
474200,0.5
474201,0.5
474202,0.5
474203,0.5
474204,0.5
474205,0.5
474206,0.5
474207,0.5
474208,0.5
474209,0.5
474210,0.5
474211,0.5
474212,0.5
474213,0.5
474214,0.5
474215,0.5
474216,0.5
474217,0.5
474218,0.5
474219,0.5
474220,0.5
474221,0.5
474222,0.5
474223,0.5
474224,0.5
474225,0.5
474226,0.5
474227,0.5
474228,0.5
474229,0.5
474230,0.5
474231,0.5
474232,0.5
474233,0.5
474234,0.5
474235,0.5
474236,0.5
474237,0.5
474238,0.5
474239,0.5
474240,0.5
474241,0.5
474242,0.5
474243,0.5
474244,0.5
474245,0.5
474246,0.5
474247,0.5
474248,0.5
474249,0.5
474250,0.5
474251,0.5
474252,0.5
474253,0.5
474254,0.5
474255,0.5
474256,0.5
474257,0.5
474258,0.5
474259,0.5
474260,0.5
474261,0.5
474262,0.5
474263,0.5
474264,0.5
474265,0.5
474266,0.5
474267,0.5
474268,0.5
474269,0.5
474270,0.5
474271,0.5
474272,0.5
474273,0.5
474274,0.5
474275,0.5
474276,0.5
474277,0.5
474278,0.5
474279,0.5
474280,0.5
474281,0.5
474282,0.5
474283,0.5
474284,0.5
474285,0.5
474286,0.5
474287,0.5
474288,0.5
474289,0.5
474290,0.5
474291,0.5
474292,0.5
474293,0.5
474294,0.5
474295,0.5
474296,0.5
474297,0.5
474298,0.5
474299,0.5
474300,0.5
474301,0.5
474302,0.5
474303,0.5
474304,0.5
474305,0.5
474306,0.5
474307,0.5
474308,0.5
474309,0.5
474310,0.5
474311,0.5
474312,0.5
474313,0.5
474314,0.5
474315,0.5
474316,0.5
474317,0.5
474318,0.5
474319,0.5
474320,0.5
474321,0.5
474322,0.5
474323,0.5
474324,0.5
474325,0.5
474326,0.5
474327,0.5
474328,0.5
474329,0.5
474330,0.5
474331,0.5
474332,0.5
474333,0.5
474334,0.5
474335,0.5
474336,0.5
474337,0.5
474338,0.5
474339,0.5
474340,0.5
474341,0.5
474342,0.5
474343,0.5
474344,0.5
474345,0.5
474346,0.5
474347,0.5
474348,0.5
474349,0.5
474350,0.5
474351,0.5
474352,0.5
474353,0.5
474354,0.5
474355,0.5
474356,0.5
474357,0.5
474358,0.5
474359,0.5
474360,0.5
474361,0.5
474362,0.5
474363,0.5
474364,0.5
474365,0.5
474366,0.5
474367,0.5
474368,0.5
474369,0.5
474370,0.5
474371,0.5
474372,0.5
474373,0.5
474374,0.5
474375,0.5
474376,0.5
474377,0.5
474378,0.5
474379,0.5
474380,0.5
474381,0.5
474382,0.5
474383,0.5
474384,0.5
474385,0.5
474386,0.5
474387,0.5
474388,0.5
474389,0.5
474390,0.5
474391,0.5
474392,0.5
474393,0.5
474394,0.5
474395,0.5
474396,0.5
474397,0.5
474398,0.5
474399,0.5
474400,0.5
474401,0.5
474402,0.5
474403,0.5
474404,0.5
474405,0.5
474406,0.5
474407,0.5
474408,0.5
474409,0.5
474410,0.5
474411,0.5
474412,0.5
474413,0.5
474414,0.5
474415,0.5
474416,0.5
474417,0.5
474418,0.5
474419,0.5
474420,0.5
474421,0.5
474422,0.5
474423,0.5
474424,0.5
474425,0.5
474426,0.5
474427,0.5
474428,0.5
474429,0.5
474430,0.5
474431,0.5
474432,0.5
474433,0.5
474434,0.5
474435,0.5
474436,0.5
474437,0.5
474438,0.5
474439,0.5
474440,0.5
474441,0.5
474442,0.5
474443,0.5
474444,0.5
474445,0.5
474446,0.5
474447,0.5
474448,0.5
474449,0.5
474450,0.5
474451,0.5
474452,0.5
474453,0.5
474454,0.5
474455,0.5
474456,0.5
474457,0.5
474458,0.5
474459,0.5
474460,0.5
474461,0.5
474462,0.5
474463,0.5
474464,0.5
474465,0.5
474466,0.5
474467,0.5
474468,0.5
474469,0.5
474470,0.5
474471,0.5
474472,0.5
474473,0.5
474474,0.5
474475,0.5
474476,0.5
474477,0.5
474478,0.5
474479,0.5
474480,0.5
474481,0.5
474482,0.5
474483,0.5
474484,0.5
474485,0.5
474486,0.5
474487,0.5
474488,0.5
474489,0.5
474490,0.5
474491,0.5
474492,0.5
474493,0.5
474494,0.5
474495,0.5
474496,0.5
474497,0.5
474498,0.5
474499,0.5
474500,0.5
474501,0.5
474502,0.5
474503,0.5
474504,0.5
474505,0.5
474506,0.5
474507,0.5
474508,0.5
474509,0.5
474510,0.5
474511,0.5
474512,0.5
474513,0.5
474514,0.5
474515,0.5
474516,0.5
474517,0.5
474518,0.5
474519,0.5
474520,0.5
474521,0.5
474522,0.5
474523,0.5
474524,0.5
474525,0.5
474526,0.5
474527,0.5
474528,0.5
474529,0.5
474530,0.5
474531,0.5
474532,0.5
474533,0.5
474534,0.5
474535,0.5
474536,0.5
474537,0.5
474538,0.5
474539,0.5
474540,0.5
474541,0.5
474542,0.5
474543,0.5
474544,0.5
474545,0.5
474546,0.5
474547,0.5
474548,0.5
474549,0.5
474550,0.5
474551,0.5
474552,0.5
474553,0.5
474554,0.5
474555,0.5
474556,0.5
474557,0.5
474558,0.5
474559,0.5
474560,0.5
474561,0.5
474562,0.5
474563,0.5
474564,0.5
474565,0.5
474566,0.5
474567,0.5
474568,0.5
474569,0.5
474570,0.5
474571,0.5
474572,0.5
474573,0.5
474574,0.5
474575,0.5
474576,0.5
474577,0.5
474578,0.5
474579,0.5
474580,0.5
474581,0.5
474582,0.5
474583,0.5
474584,0.5
474585,0.5
474586,0.5
474587,0.5
474588,0.5
474589,0.5
474590,0.5
474591,0.5
474592,0.5
474593,0.5
474594,0.5
474595,0.5
474596,0.5
474597,0.5
474598,0.5
474599,0.5
474600,0.5
474601,0.5
474602,0.5
474603,0.5
474604,0.5
474605,0.5
474606,0.5
474607,0.5
474608,0.5
474609,0.5
474610,0.5
474611,0.5
474612,0.5
474613,0.5
474614,0.5
474615,0.5
474616,0.5
474617,0.5
474618,0.5
474619,0.5
474620,0.5
474621,0.5
474622,0.5
474623,0.5
474624,0.5
474625,0.5
474626,0.5
474627,0.5
474628,0.5
474629,0.5
474630,0.5
474631,0.5
474632,0.5
474633,0.5
474634,0.5
474635,0.5
474636,0.5
474637,0.5
474638,0.5
474639,0.5
474640,0.5
474641,0.5
474642,0.5
474643,0.5
474644,0.5
474645,0.5
474646,0.5
474647,0.5
474648,0.5
474649,0.5
474650,0.5
474651,0.5
474652,0.5
474653,0.5
474654,0.5
474655,0.5
474656,0.5
474657,0.5
474658,0.5
474659,0.5
474660,0.5
474661,0.5
474662,0.5
474663,0.5
474664,0.5
474665,0.5
474666,0.5
474667,0.5
474668,0.5
474669,0.5
474670,0.5
474671,0.5
474672,0.5
474673,0.5
474674,0.5
474675,0.5
474676,0.5
474677,0.5
474678,0.5
474679,0.5
474680,0.5
474681,0.5
474682,0.5
474683,0.5
474684,0.5
474685,0.5
474686,0.5
474687,0.5
474688,0.5
474689,0.5
474690,0.5
474691,0.5
474692,0.5
474693,0.5
474694,0.5
474695,0.5
474696,0.5
474697,0.5
474698,0.5
474699,0.5
474700,0.5
474701,0.5
474702,0.5
474703,0.5
474704,0.5
474705,0.5
474706,0.5
474707,0.5
474708,0.5
474709,0.5
474710,0.5
474711,0.5
474712,0.5
474713,0.5
474714,0.5
474715,0.5
474716,0.5
474717,0.5
474718,0.5
474719,0.5
474720,0.5
474721,0.5
474722,0.5
474723,0.5
474724,0.5
474725,0.5
474726,0.5
474727,0.5
474728,0.5
474729,0.5
474730,0.5
474731,0.5
474732,0.5
474733,0.5
474734,0.5
474735,0.5
474736,0.5
474737,0.5
474738,0.5
474739,0.5
474740,0.5
474741,0.5
474742,0.5
474743,0.5
474744,0.5
474745,0.5
474746,0.5
474747,0.5
474748,0.5
474749,0.5
474750,0.5
474751,0.5
474752,0.5
474753,0.5
474754,0.5
474755,0.5
474756,0.5
474757,0.5
474758,0.5
474759,0.5
474760,0.5
474761,0.5
474762,0.5
474763,0.5
474764,0.5
474765,0.5
474766,0.5
474767,0.5
474768,0.5
474769,0.5
474770,0.5
474771,0.5
474772,0.5
474773,0.5
474774,0.5
474775,0.5
474776,0.5
474777,0.5
474778,0.5
474779,0.5
474780,0.5
474781,0.5
474782,0.5
474783,0.5
474784,0.5
474785,0.5
474786,0.5
474787,0.5
474788,0.5
474789,0.5
474790,0.5
474791,0.5
474792,0.5
474793,0.5
474794,0.5
474795,0.5
474796,0.5
474797,0.5
474798,0.5
474799,0.5
474800,0.5
474801,0.5
474802,0.5
474803,0.5
474804,0.5
474805,0.5
474806,0.5
474807,0.5
474808,0.5
474809,0.5
474810,0.5
474811,0.5
474812,0.5
474813,0.5
474814,0.5
474815,0.5
474816,0.5
474817,0.5
474818,0.5
474819,0.5
474820,0.5
474821,0.5
474822,0.5
474823,0.5
474824,0.5
474825,0.5
474826,0.5
474827,0.5
474828,0.5
474829,0.5
474830,0.5
474831,0.5
474832,0.5
474833,0.5
474834,0.5
474835,0.5
474836,0.5
474837,0.5
474838,0.5
474839,0.5
474840,0.5
474841,0.5
474842,0.5
474843,0.5
474844,0.5
474845,0.5
474846,0.5
474847,0.5
474848,0.5
474849,0.5
474850,0.5
474851,0.5
474852,0.5
474853,0.5
474854,0.5
474855,0.5
474856,0.5
474857,0.5
474858,0.5
474859,0.5
474860,0.5
474861,0.5
474862,0.5
474863,0.5
474864,0.5
474865,0.5
474866,0.5
474867,0.5
474868,0.5
474869,0.5
474870,0.5
474871,0.5
474872,0.5
474873,0.5
474874,0.5
474875,0.5
474876,0.5
474877,0.5
474878,0.5
474879,0.5
474880,0.5
474881,0.5
474882,0.5
474883,0.5
474884,0.5
474885,0.5
474886,0.5
474887,0.5
474888,0.5
474889,0.5
474890,0.5
474891,0.5
474892,0.5
474893,0.5
474894,0.5
474895,0.5
474896,0.5
474897,0.5
474898,0.5
474899,0.5
474900,0.5
474901,0.5
474902,0.5
474903,0.5
474904,0.5
474905,0.5
474906,0.5
474907,0.5
474908,0.5
474909,0.5
474910,0.5
474911,0.5
474912,0.5
474913,0.5
474914,0.5
474915,0.5
474916,0.5
474917,0.5
474918,0.5
474919,0.5
474920,0.5
474921,0.5
474922,0.5
474923,0.5
474924,0.5
474925,0.5
474926,0.5
474927,0.5
474928,0.5
474929,0.5
474930,0.5
474931,0.5
474932,0.5
474933,0.5
474934,0.5
474935,0.5
474936,0.5
474937,0.5
474938,0.5
474939,0.5
474940,0.5
474941,0.5
474942,0.5
474943,0.5
474944,0.5
474945,0.5
474946,0.5
474947,0.5
474948,0.5
474949,0.5
474950,0.5
474951,0.5
474952,0.5
474953,0.5
474954,0.5
474955,0.5
474956,0.5
474957,0.5
474958,0.5
474959,0.5
474960,0.5
474961,0.5
474962,0.5
474963,0.5
474964,0.5
474965,0.5
474966,0.5
474967,0.5
474968,0.5
474969,0.5
474970,0.5
474971,0.5
474972,0.5
474973,0.5
474974,0.5
474975,0.5
474976,0.5
474977,0.5
474978,0.5
474979,0.5
474980,0.5
474981,0.5
474982,0.5
474983,0.5
474984,0.5
474985,0.5
474986,0.5
474987,0.5
474988,0.5
474989,0.5
474990,0.5
474991,0.5
474992,0.5
474993,0.5
474994,0.5
474995,0.5
474996,0.5
474997,0.5
474998,0.5
474999,0.5
475000,0.5
475001,0.5
475002,0.5
475003,0.5
475004,0.5
475005,0.5
475006,0.5
475007,0.5
475008,0.5
475009,0.5
475010,0.5
475011,0.5
475012,0.5
475013,0.5
475014,0.5
475015,0.5
475016,0.5
475017,0.5
475018,0.5
475019,0.5
475020,0.5
475021,0.5
475022,0.5
475023,0.5
475024,0.5
475025,0.5
475026,0.5
475027,0.5
475028,0.5
475029,0.5
475030,0.5
475031,0.5
475032,0.5
475033,0.5
475034,0.5
475035,0.5
475036,0.5
475037,0.5
475038,0.5
475039,0.5
475040,0.5
475041,0.5
475042,0.5
475043,0.5
475044,0.5
475045,0.5
475046,0.5
475047,0.5
475048,0.5
475049,0.5
475050,0.5
475051,0.5
475052,0.5
475053,0.5
475054,0.5
475055,0.5
475056,0.5
475057,0.5
475058,0.5
475059,0.5
475060,0.5
475061,0.5
475062,0.5
475063,0.5
475064,0.5
475065,0.5
475066,0.5
475067,0.5
475068,0.5
475069,0.5
475070,0.5
475071,0.5
475072,0.5
475073,0.5
475074,0.5
475075,0.5
475076,0.5
475077,0.5
475078,0.5
475079,0.5
475080,0.5
475081,0.5
475082,0.5
475083,0.5
475084,0.5
475085,0.5
475086,0.5
475087,0.5
475088,0.5
475089,0.5
475090,0.5
475091,0.5
475092,0.5
475093,0.5
475094,0.5
475095,0.5
475096,0.5
475097,0.5
475098,0.5
475099,0.5
475100,0.5
475101,0.5
475102,0.5
475103,0.5
475104,0.5
475105,0.5
475106,0.5
475107,0.5
475108,0.5
475109,0.5
475110,0.5
475111,0.5
475112,0.5
475113,0.5
475114,0.5
475115,0.5
475116,0.5
475117,0.5
475118,0.5
475119,0.5
475120,0.5
475121,0.5
475122,0.5
475123,0.5
475124,0.5
475125,0.5
475126,0.5
475127,0.5
475128,0.5
475129,0.5
475130,0.5
475131,0.5
475132,0.5
475133,0.5
475134,0.5
475135,0.5
475136,0.5
475137,0.5
475138,0.5
475139,0.5
475140,0.5
475141,0.5
475142,0.5
475143,0.5
475144,0.5
475145,0.5
475146,0.5
475147,0.5
475148,0.5
475149,0.5
475150,0.5
475151,0.5
475152,0.5
475153,0.5
475154,0.5
475155,0.5
475156,0.5
475157,0.5
475158,0.5
475159,0.5
475160,0.5
475161,0.5
475162,0.5
475163,0.5
475164,0.5
475165,0.5
475166,0.5
475167,0.5
475168,0.5
475169,0.5
475170,0.5
475171,0.5
475172,0.5
475173,0.5
475174,0.5
475175,0.5
475176,0.5
475177,0.5
475178,0.5
475179,0.5
475180,0.5
475181,0.5
475182,0.5
475183,0.5
475184,0.5
475185,0.5
475186,0.5
475187,0.5
475188,0.5
475189,0.5
475190,0.5
475191,0.5
475192,0.5
475193,0.5
475194,0.5
475195,0.5
475196,0.5
475197,0.5
475198,0.5
475199,0.5
475200,0.5
475201,0.5
475202,0.5
475203,0.5
475204,0.5
475205,0.5
475206,0.5
475207,0.5
475208,0.5
475209,0.5
475210,0.5
475211,0.5
475212,0.5
475213,0.5
475214,0.5
475215,0.5
475216,0.5
475217,0.5
475218,0.5
475219,0.5
475220,0.5
475221,0.5
475222,0.5
475223,0.5
475224,0.5
475225,0.5
475226,0.5
475227,0.5
475228,0.5
475229,0.5
475230,0.5
475231,0.5
475232,0.5
475233,0.5
475234,0.5
475235,0.5
475236,0.5
475237,0.5
475238,0.5
475239,0.5
475240,0.5
475241,0.5
475242,0.5
475243,0.5
475244,0.5
475245,0.5
475246,0.5
475247,0.5
475248,0.5
475249,0.5
475250,0.5
475251,0.5
475252,0.5
475253,0.5
475254,0.5
475255,0.5
475256,0.5
475257,0.5
475258,0.5
475259,0.5
475260,0.5
475261,0.5
475262,0.5
475263,0.5
475264,0.5
475265,0.5
475266,0.5
475267,0.5
475268,0.5
475269,0.5
475270,0.5
475271,0.5
475272,0.5
475273,0.5
475274,0.5
475275,0.5
475276,0.5
475277,0.5
475278,0.5
475279,0.5
475280,0.5
475281,0.5
475282,0.5
475283,0.5
475284,0.5
475285,0.5
475286,0.5
475287,0.5
475288,0.5
475289,0.5
475290,0.5
475291,0.5
475292,0.5
475293,0.5
475294,0.5
475295,0.5
475296,0.5
475297,0.5
475298,0.5
475299,0.5
475300,0.5
475301,0.5
475302,0.5
475303,0.5
475304,0.5
475305,0.5
475306,0.5
475307,0.5
475308,0.5
475309,0.5
475310,0.5
475311,0.5
475312,0.5
475313,0.5
475314,0.5
475315,0.5
475316,0.5
475317,0.5
475318,0.5
475319,0.5
475320,0.5
475321,0.5
475322,0.5
475323,0.5
475324,0.5
475325,0.5
475326,0.5
475327,0.5
475328,0.5
475329,0.5
475330,0.5
475331,0.5
475332,0.5
475333,0.5
475334,0.5
475335,0.5
475336,0.5
475337,0.5
475338,0.5
475339,0.5
475340,0.5
475341,0.5
475342,0.5
475343,0.5
475344,0.5
475345,0.5
475346,0.5
475347,0.5
475348,0.5
475349,0.5
475350,0.5
475351,0.5
475352,0.5
475353,0.5
475354,0.5
475355,0.5
475356,0.5
475357,0.5
475358,0.5
475359,0.5
475360,0.5
475361,0.5
475362,0.5
475363,0.5
475364,0.5
475365,0.5
475366,0.5
475367,0.5
475368,0.5
475369,0.5
475370,0.5
475371,0.5
475372,0.5
475373,0.5
475374,0.5
475375,0.5
475376,0.5
475377,0.5
475378,0.5
475379,0.5
475380,0.5
475381,0.5
475382,0.5
475383,0.5
475384,0.5
475385,0.5
475386,0.5
475387,0.5
475388,0.5
475389,0.5
475390,0.5
475391,0.5
475392,0.5
475393,0.5
475394,0.5
475395,0.5
475396,0.5
475397,0.5
475398,0.5
475399,0.5
475400,0.5
475401,0.5
475402,0.5
475403,0.5
475404,0.5
475405,0.5
475406,0.5
475407,0.5
475408,0.5
475409,0.5
475410,0.5
475411,0.5
475412,0.5
475413,0.5
475414,0.5
475415,0.5
475416,0.5
475417,0.5
475418,0.5
475419,0.5
475420,0.5
475421,0.5
475422,0.5
475423,0.5
475424,0.5
475425,0.5
475426,0.5
475427,0.5
475428,0.5
475429,0.5
475430,0.5
475431,0.5
475432,0.5
475433,0.5
475434,0.5
475435,0.5
475436,0.5
475437,0.5
475438,0.5
475439,0.5
475440,0.5
475441,0.5
475442,0.5
475443,0.5
475444,0.5
475445,0.5
475446,0.5
475447,0.5
475448,0.5
475449,0.5
475450,0.5
475451,0.5
475452,0.5
475453,0.5
475454,0.5
475455,0.5
475456,0.5
475457,0.5
475458,0.5
475459,0.5
475460,0.5
475461,0.5
475462,0.5
475463,0.5
475464,0.5
475465,0.5
475466,0.5
475467,0.5
475468,0.5
475469,0.5
475470,0.5
475471,0.5
475472,0.5
475473,0.5
475474,0.5
475475,0.5
475476,0.5
475477,0.5
475478,0.5
475479,0.5
475480,0.5
475481,0.5
475482,0.5
475483,0.5
475484,0.5
475485,0.5
475486,0.5
475487,0.5
475488,0.5
475489,0.5
475490,0.5
475491,0.5
475492,0.5
475493,0.5
475494,0.5
475495,0.5
475496,0.5
475497,0.5
475498,0.5
475499,0.5
475500,0.5
475501,0.5
475502,0.5
475503,0.5
475504,0.5
475505,0.5
475506,0.5
475507,0.5
475508,0.5
475509,0.5
475510,0.5
475511,0.5
475512,0.5
475513,0.5
475514,0.5
475515,0.5
475516,0.5
475517,0.5
475518,0.5
475519,0.5
475520,0.5
475521,0.5
475522,0.5
475523,0.5
475524,0.5
475525,0.5
475526,0.5
475527,0.5
475528,0.5
475529,0.5
475530,0.5
475531,0.5
475532,0.5
475533,0.5
475534,0.5
475535,0.5
475536,0.5
475537,0.5
475538,0.5
475539,0.5
475540,0.5
475541,0.5
475542,0.5
475543,0.5
475544,0.5
475545,0.5
475546,0.5
475547,0.5
475548,0.5
475549,0.5
475550,0.5
475551,0.5
475552,0.5
475553,0.5
475554,0.5
475555,0.5
475556,0.5
475557,0.5
475558,0.5
475559,0.5
475560,0.5
475561,0.5
475562,0.5
475563,0.5
475564,0.5
475565,0.5
475566,0.5
475567,0.5
475568,0.5
475569,0.5
475570,0.5
475571,0.5
475572,0.5
475573,0.5
475574,0.5
475575,0.5
475576,0.5
475577,0.5
475578,0.5
475579,0.5
475580,0.5
475581,0.5
475582,0.5
475583,0.5
475584,0.5
475585,0.5
475586,0.5
475587,0.5
475588,0.5
475589,0.5
475590,0.5
475591,0.5
475592,0.5
475593,0.5
475594,0.5
475595,0.5
475596,0.5
475597,0.5
475598,0.5
475599,0.5
475600,0.5
475601,0.5
475602,0.5
475603,0.5
475604,0.5
475605,0.5
475606,0.5
475607,0.5
475608,0.5
475609,0.5
475610,0.5
475611,0.5
475612,0.5
475613,0.5
475614,0.5
475615,0.5
475616,0.5
475617,0.5
475618,0.5
475619,0.5
475620,0.5
475621,0.5
475622,0.5
475623,0.5
475624,0.5
475625,0.5
475626,0.5
475627,0.5
475628,0.5
475629,0.5
475630,0.5
475631,0.5
475632,0.5
475633,0.5
475634,0.5
475635,0.5
475636,0.5
475637,0.5
475638,0.5
475639,0.5
475640,0.5
475641,0.5
475642,0.5
475643,0.5
475644,0.5
475645,0.5
475646,0.5
475647,0.5
475648,0.5
475649,0.5
475650,0.5
475651,0.5
475652,0.5
475653,0.5
475654,0.5
475655,0.5
475656,0.5
475657,0.5
475658,0.5
475659,0.5
475660,0.5
475661,0.5
475662,0.5
475663,0.5
475664,0.5
475665,0.5
475666,0.5
475667,0.5
475668,0.5
475669,0.5
475670,0.5
475671,0.5
475672,0.5
475673,0.5
475674,0.5
475675,0.5
475676,0.5
475677,0.5
475678,0.5
475679,0.5
475680,0.5
475681,0.5
475682,0.5
475683,0.5
475684,0.5
475685,0.5
475686,0.5
475687,0.5
475688,0.5
475689,0.5
475690,0.5
475691,0.5
475692,0.5
475693,0.5
475694,0.5
475695,0.5
475696,0.5
475697,0.5
475698,0.5
475699,0.5
475700,0.5
475701,0.5
475702,0.5
475703,0.5
475704,0.5
475705,0.5
475706,0.5
475707,0.5
475708,0.5
475709,0.5
475710,0.5
475711,0.5
475712,0.5
475713,0.5
475714,0.5
475715,0.5
475716,0.5
475717,0.5
475718,0.5
475719,0.5
475720,0.5
475721,0.5
475722,0.5
475723,0.5
475724,0.5
475725,0.5
475726,0.5
475727,0.5
475728,0.5
475729,0.5
475730,0.5
475731,0.5
475732,0.5
475733,0.5
475734,0.5
475735,0.5
475736,0.5
475737,0.5
475738,0.5
475739,0.5
475740,0.5
475741,0.5
475742,0.5
475743,0.5
475744,0.5
475745,0.5
475746,0.5
475747,0.5
475748,0.5
475749,0.5
475750,0.5
475751,0.5
475752,0.5
475753,0.5
475754,0.5
475755,0.5
475756,0.5
475757,0.5
475758,0.5
475759,0.5
475760,0.5
475761,0.5
475762,0.5
475763,0.5
475764,0.5
475765,0.5
475766,0.5
475767,0.5
475768,0.5
475769,0.5
475770,0.5
475771,0.5
475772,0.5
475773,0.5
475774,0.5
475775,0.5
475776,0.5
475777,0.5
475778,0.5
475779,0.5
475780,0.5
475781,0.5
475782,0.5
475783,0.5
475784,0.5
475785,0.5
475786,0.5
475787,0.5
475788,0.5
475789,0.5
475790,0.5
475791,0.5
475792,0.5
475793,0.5
475794,0.5
475795,0.5
475796,0.5
475797,0.5
475798,0.5
475799,0.5
475800,0.5
475801,0.5
475802,0.5
475803,0.5
475804,0.5
475805,0.5
475806,0.5
475807,0.5
475808,0.5
475809,0.5
475810,0.5
475811,0.5
475812,0.5
475813,0.5
475814,0.5
475815,0.5
475816,0.5
475817,0.5
475818,0.5
475819,0.5
475820,0.5
475821,0.5
475822,0.5
475823,0.5
475824,0.5
475825,0.5
475826,0.5
475827,0.5
475828,0.5
475829,0.5
475830,0.5
475831,0.5
475832,0.5
475833,0.5
475834,0.5
475835,0.5
475836,0.5
475837,0.5
475838,0.5
475839,0.5
475840,0.5
475841,0.5
475842,0.5
475843,0.5
475844,0.5
475845,0.5
475846,0.5
475847,0.5
475848,0.5
475849,0.5
475850,0.5
475851,0.5
475852,0.5
475853,0.5
475854,0.5
475855,0.5
475856,0.5
475857,0.5
475858,0.5
475859,0.5
475860,0.5
475861,0.5
475862,0.5
475863,0.5
475864,0.5
475865,0.5
475866,0.5
475867,0.5
475868,0.5
475869,0.5
475870,0.5
475871,0.5
475872,0.5
475873,0.5
475874,0.5
475875,0.5
475876,0.5
475877,0.5
475878,0.5
475879,0.5
475880,0.5
475881,0.5
475882,0.5
475883,0.5
475884,0.5
475885,0.5
475886,0.5
475887,0.5
475888,0.5
475889,0.5
475890,0.5
475891,0.5
475892,0.5
475893,0.5
475894,0.5
475895,0.5
475896,0.5
475897,0.5
475898,0.5
475899,0.5
475900,0.5
475901,0.5
475902,0.5
475903,0.5
475904,0.5
475905,0.5
475906,0.5
475907,0.5
475908,0.5
475909,0.5
475910,0.5
475911,0.5
475912,0.5
475913,0.5
475914,0.5
475915,0.5
475916,0.5
475917,0.5
475918,0.5
475919,0.5
475920,0.5
475921,0.5
475922,0.5
475923,0.5
475924,0.5
475925,0.5
475926,0.5
475927,0.5
475928,0.5
475929,0.5
475930,0.5
475931,0.5
475932,0.5
475933,0.5
475934,0.5
475935,0.5
475936,0.5
475937,0.5
475938,0.5
475939,0.5
475940,0.5
475941,0.5
475942,0.5
475943,0.5
475944,0.5
475945,0.5
475946,0.5
475947,0.5
475948,0.5
475949,0.5
475950,0.5
475951,0.5
475952,0.5
475953,0.5
475954,0.5
475955,0.5
475956,0.5
475957,0.5
475958,0.5
475959,0.5
475960,0.5
475961,0.5
475962,0.5
475963,0.5
475964,0.5
475965,0.5
475966,0.5
475967,0.5
475968,0.5
475969,0.5
475970,0.5
475971,0.5
475972,0.5
475973,0.5
475974,0.5
475975,0.5
475976,0.5
475977,0.5
475978,0.5
475979,0.5
475980,0.5
475981,0.5
475982,0.5
475983,0.5
475984,0.5
475985,0.5
475986,0.5
475987,0.5
475988,0.5
475989,0.5
475990,0.5
475991,0.5
475992,0.5
475993,0.5
475994,0.5
475995,0.5
475996,0.5
475997,0.5
475998,0.5
475999,0.5
476000,0.5
476001,0.5
476002,0.5
476003,0.5
476004,0.5
476005,0.5
476006,0.5
476007,0.5
476008,0.5
476009,0.5
476010,0.5
476011,0.5
476012,0.5
476013,0.5
476014,0.5
476015,0.5
476016,0.5
476017,0.5
476018,0.5
476019,0.5
476020,0.5
476021,0.5
476022,0.5
476023,0.5
476024,0.5
476025,0.5
476026,0.5
476027,0.5
476028,0.5
476029,0.5
476030,0.5
476031,0.5
476032,0.5
476033,0.5
476034,0.5
476035,0.5
476036,0.5
476037,0.5
476038,0.5
476039,0.5
476040,0.5
476041,0.5
476042,0.5
476043,0.5
476044,0.5
476045,0.5
476046,0.5
476047,0.5
476048,0.5
476049,0.5
476050,0.5
476051,0.5
476052,0.5
476053,0.5
476054,0.5
476055,0.5
476056,0.5
476057,0.5
476058,0.5
476059,0.5
476060,0.5
476061,0.5
476062,0.5
476063,0.5
476064,0.5
476065,0.5
476066,0.5
476067,0.5
476068,0.5
476069,0.5
476070,0.5
476071,0.5
476072,0.5
476073,0.5
476074,0.5
476075,0.5
476076,0.5
476077,0.5
476078,0.5
476079,0.5
476080,0.5
476081,0.5
476082,0.5
476083,0.5
476084,0.5
476085,0.5
476086,0.5
476087,0.5
476088,0.5
476089,0.5
476090,0.5
476091,0.5
476092,0.5
476093,0.5
476094,0.5
476095,0.5
476096,0.5
476097,0.5
476098,0.5
476099,0.5
476100,0.5
476101,0.5
476102,0.5
476103,0.5
476104,0.5
476105,0.5
476106,0.5
476107,0.5
476108,0.5
476109,0.5
476110,0.5
476111,0.5
476112,0.5
476113,0.5
476114,0.5
476115,0.5
476116,0.5
476117,0.5
476118,0.5
476119,0.5
476120,0.5
476121,0.5
476122,0.5
476123,0.5
476124,0.5
476125,0.5
476126,0.5
476127,0.5
476128,0.5
476129,0.5
476130,0.5
476131,0.5
476132,0.5
476133,0.5
476134,0.5
476135,0.5
476136,0.5
476137,0.5
476138,0.5
476139,0.5
476140,0.5
476141,0.5
476142,0.5
476143,0.5
476144,0.5
476145,0.5
476146,0.5
476147,0.5
476148,0.5
476149,0.5
476150,0.5
476151,0.5
476152,0.5
476153,0.5
476154,0.5
476155,0.5
476156,0.5
476157,0.5
476158,0.5
476159,0.5
476160,0.5
476161,0.5
476162,0.5
476163,0.5
476164,0.5
476165,0.5
476166,0.5
476167,0.5
476168,0.5
476169,0.5
476170,0.5
476171,0.5
476172,0.5
476173,0.5
476174,0.5
476175,0.5
476176,0.5
476177,0.5
476178,0.5
476179,0.5
476180,0.5
476181,0.5
476182,0.5
476183,0.5
476184,0.5
476185,0.5
476186,0.5
476187,0.5
476188,0.5
476189,0.5
476190,0.5
476191,0.5
476192,0.5
476193,0.5
476194,0.5
476195,0.5
476196,0.5
476197,0.5
476198,0.5
476199,0.5
476200,0.5
476201,0.5
476202,0.5
476203,0.5
476204,0.5
476205,0.5
476206,0.5
476207,0.5
476208,0.5
476209,0.5
476210,0.5
476211,0.5
476212,0.5
476213,0.5
476214,0.5
476215,0.5
476216,0.5
476217,0.5
476218,0.5
476219,0.5
476220,0.5
476221,0.5
476222,0.5
476223,0.5
476224,0.5
476225,0.5
476226,0.5
476227,0.5
476228,0.5
476229,0.5
476230,0.5
476231,0.5
476232,0.5
476233,0.5
476234,0.5
476235,0.5
476236,0.5
476237,0.5
476238,0.5
476239,0.5
476240,0.5
476241,0.5
476242,0.5
476243,0.5
476244,0.5
476245,0.5
476246,0.5
476247,0.5
476248,0.5
476249,0.5
476250,0.5
476251,0.5
476252,0.5
476253,0.5
476254,0.5
476255,0.5
476256,0.5
476257,0.5
476258,0.5
476259,0.5
476260,0.5
476261,0.5
476262,0.5
476263,0.5
476264,0.5
476265,0.5
476266,0.5
476267,0.5
476268,0.5
476269,0.5
476270,0.5
476271,0.5
476272,0.5
476273,0.5
476274,0.5
476275,0.5
476276,0.5
476277,0.5
476278,0.5
476279,0.5
476280,0.5
476281,0.5
476282,0.5
476283,0.5
476284,0.5
476285,0.5
476286,0.5
476287,0.5
476288,0.5
476289,0.5
476290,0.5
476291,0.5
476292,0.5
476293,0.5
476294,0.5
476295,0.5
476296,0.5
476297,0.5
476298,0.5
476299,0.5
476300,0.5
476301,0.5
476302,0.5
476303,0.5
476304,0.5
476305,0.5
476306,0.5
476307,0.5
476308,0.5
476309,0.5
476310,0.5
476311,0.5
476312,0.5
476313,0.5
476314,0.5
476315,0.5
476316,0.5
476317,0.5
476318,0.5
476319,0.5
476320,0.5
476321,0.5
476322,0.5
476323,0.5
476324,0.5
476325,0.5
476326,0.5
476327,0.5
476328,0.5
476329,0.5
476330,0.5
476331,0.5
476332,0.5
476333,0.5
476334,0.5
476335,0.5
476336,0.5
476337,0.5
476338,0.5
476339,0.5
476340,0.5
476341,0.5
476342,0.5
476343,0.5
476344,0.5
476345,0.5
476346,0.5
476347,0.5
476348,0.5
476349,0.5
476350,0.5
476351,0.5
476352,0.5
476353,0.5
476354,0.5
476355,0.5
476356,0.5
476357,0.5
476358,0.5
476359,0.5
476360,0.5
476361,0.5
476362,0.5
476363,0.5
476364,0.5
476365,0.5
476366,0.5
476367,0.5
476368,0.5
476369,0.5
476370,0.5
476371,0.5
476372,0.5
476373,0.5
476374,0.5
476375,0.5
476376,0.5
476377,0.5
476378,0.5
476379,0.5
476380,0.5
476381,0.5
476382,0.5
476383,0.5
476384,0.5
476385,0.5
476386,0.5
476387,0.5
476388,0.5
476389,0.5
476390,0.5
476391,0.5
476392,0.5
476393,0.5
476394,0.5
476395,0.5
476396,0.5
476397,0.5
476398,0.5
476399,0.5
476400,0.5
476401,0.5
476402,0.5
476403,0.5
476404,0.5
476405,0.5
476406,0.5
476407,0.5
476408,0.5
476409,0.5
476410,0.5
476411,0.5
476412,0.5
476413,0.5
476414,0.5
476415,0.5
476416,0.5
476417,0.5
476418,0.5
476419,0.5
476420,0.5
476421,0.5
476422,0.5
476423,0.5
476424,0.5
476425,0.5
476426,0.5
476427,0.5
476428,0.5
476429,0.5
476430,0.5
476431,0.5
476432,0.5
476433,0.5
476434,0.5
476435,0.5
476436,0.5
476437,0.5
476438,0.5
476439,0.5
476440,0.5
476441,0.5
476442,0.5
476443,0.5
476444,0.5
476445,0.5
476446,0.5
476447,0.5
476448,0.5
476449,0.5
476450,0.5
476451,0.5
476452,0.5
476453,0.5
476454,0.5
476455,0.5
476456,0.5
476457,0.5
476458,0.5
476459,0.5
476460,0.5
476461,0.5
476462,0.5
476463,0.5
476464,0.5
476465,0.5
476466,0.5
476467,0.5
476468,0.5
476469,0.5
476470,0.5
476471,0.5
476472,0.5
476473,0.5
476474,0.5
476475,0.5
476476,0.5
476477,0.5
476478,0.5
476479,0.5
476480,0.5
476481,0.5
476482,0.5
476483,0.5
476484,0.5
476485,0.5
476486,0.5
476487,0.5
476488,0.5
476489,0.5
476490,0.5
476491,0.5
476492,0.5
476493,0.5
476494,0.5
476495,0.5
476496,0.5
476497,0.5
476498,0.5
476499,0.5
476500,0.5
476501,0.5
476502,0.5
476503,0.5
476504,0.5
476505,0.5
476506,0.5
476507,0.5
476508,0.5
476509,0.5
476510,0.5
476511,0.5
476512,0.5
476513,0.5
476514,0.5
476515,0.5
476516,0.5
476517,0.5
476518,0.5
476519,0.5
476520,0.5
476521,0.5
476522,0.5
476523,0.5
476524,0.5
476525,0.5
476526,0.5
476527,0.5
476528,0.5
476529,0.5
476530,0.5
476531,0.5
476532,0.5
476533,0.5
476534,0.5
476535,0.5
476536,0.5
476537,0.5
476538,0.5
476539,0.5
476540,0.5
476541,0.5
476542,0.5
476543,0.5
476544,0.5
476545,0.5
476546,0.5
476547,0.5
476548,0.5
476549,0.5
476550,0.5
476551,0.5
476552,0.5
476553,0.5
476554,0.5
476555,0.5
476556,0.5
476557,0.5
476558,0.5
476559,0.5
476560,0.5
476561,0.5
476562,0.5
476563,0.5
476564,0.5
476565,0.5
476566,0.5
476567,0.5
476568,0.5
476569,0.5
476570,0.5
476571,0.5
476572,0.5
476573,0.5
476574,0.5
476575,0.5
476576,0.5
476577,0.5
476578,0.5
476579,0.5
476580,0.5
476581,0.5
476582,0.5
476583,0.5
476584,0.5
476585,0.5
476586,0.5
476587,0.5
476588,0.5
476589,0.5
476590,0.5
476591,0.5
476592,0.5
476593,0.5
476594,0.5
476595,0.5
476596,0.5
476597,0.5
476598,0.5
476599,0.5
476600,0.5
476601,0.5
476602,0.5
476603,0.5
476604,0.5
476605,0.5
476606,0.5
476607,0.5
476608,0.5
476609,0.5
476610,0.5
476611,0.5
476612,0.5
476613,0.5
476614,0.5
476615,0.5
476616,0.5
476617,0.5
476618,0.5
476619,0.5
476620,0.5
476621,0.5
476622,0.5
476623,0.5
476624,0.5
476625,0.5
476626,0.5
476627,0.5
476628,0.5
476629,0.5
476630,0.5
476631,0.5
476632,0.5
476633,0.5
476634,0.5
476635,0.5
476636,0.5
476637,0.5
476638,0.5
476639,0.5
476640,0.5
476641,0.5
476642,0.5
476643,0.5
476644,0.5
476645,0.5
476646,0.5
476647,0.5
476648,0.5
476649,0.5
476650,0.5
476651,0.5
476652,0.5
476653,0.5
476654,0.5
476655,0.5
476656,0.5
476657,0.5
476658,0.5
476659,0.5
476660,0.5
476661,0.5
476662,0.5
476663,0.5
476664,0.5
476665,0.5
476666,0.5
476667,0.5
476668,0.5
476669,0.5
476670,0.5
476671,0.5
476672,0.5
476673,0.5
476674,0.5
476675,0.5
476676,0.5
476677,0.5
476678,0.5
476679,0.5
476680,0.5
476681,0.5
476682,0.5
476683,0.5
476684,0.5
476685,0.5
476686,0.5
476687,0.5
476688,0.5
476689,0.5
476690,0.5
476691,0.5
476692,0.5
476693,0.5
476694,0.5
476695,0.5
476696,0.5
476697,0.5
476698,0.5
476699,0.5
476700,0.5
476701,0.5
476702,0.5
476703,0.5
476704,0.5
476705,0.5
476706,0.5
476707,0.5
476708,0.5
476709,0.5
476710,0.5
476711,0.5
476712,0.5
476713,0.5
476714,0.5
476715,0.5
476716,0.5
476717,0.5
476718,0.5
476719,0.5
476720,0.5
476721,0.5
476722,0.5
476723,0.5
476724,0.5
476725,0.5
476726,0.5
476727,0.5
476728,0.5
476729,0.5
476730,0.5
476731,0.5
476732,0.5
476733,0.5
476734,0.5
476735,0.5
476736,0.5
476737,0.5
476738,0.5
476739,0.5
476740,0.5
476741,0.5
476742,0.5
476743,0.5
476744,0.5
476745,0.5
476746,0.5
476747,0.5
476748,0.5
476749,0.5
476750,0.5
476751,0.5
476752,0.5
476753,0.5
476754,0.5
476755,0.5
476756,0.5
476757,0.5
476758,0.5
476759,0.5
476760,0.5
476761,0.5
476762,0.5
476763,0.5
476764,0.5
476765,0.5
476766,0.5
476767,0.5
476768,0.5
476769,0.5
476770,0.5
476771,0.5
476772,0.5
476773,0.5
476774,0.5
476775,0.5
476776,0.5
476777,0.5
476778,0.5
476779,0.5
476780,0.5
476781,0.5
476782,0.5
476783,0.5
476784,0.5
476785,0.5
476786,0.5
476787,0.5
476788,0.5
476789,0.5
476790,0.5
476791,0.5
476792,0.5
476793,0.5
476794,0.5
476795,0.5
476796,0.5
476797,0.5
476798,0.5
476799,0.5
476800,0.5
476801,0.5
476802,0.5
476803,0.5
476804,0.5
476805,0.5
476806,0.5
476807,0.5
476808,0.5
476809,0.5
476810,0.5
476811,0.5
476812,0.5
476813,0.5
476814,0.5
476815,0.5
476816,0.5
476817,0.5
476818,0.5
476819,0.5
476820,0.5
476821,0.5
476822,0.5
476823,0.5
476824,0.5
476825,0.5
476826,0.5
476827,0.5
476828,0.5
476829,0.5
476830,0.5
476831,0.5
476832,0.5
476833,0.5
476834,0.5
476835,0.5
476836,0.5
476837,0.5
476838,0.5
476839,0.5
476840,0.5
476841,0.5
476842,0.5
476843,0.5
476844,0.5
476845,0.5
476846,0.5
476847,0.5
476848,0.5
476849,0.5
476850,0.5
476851,0.5
476852,0.5
476853,0.5
476854,0.5
476855,0.5
476856,0.5
476857,0.5
476858,0.5
476859,0.5
476860,0.5
476861,0.5
476862,0.5
476863,0.5
476864,0.5
476865,0.5
476866,0.5
476867,0.5
476868,0.5
476869,0.5
476870,0.5
476871,0.5
476872,0.5
476873,0.5
476874,0.5
476875,0.5
476876,0.5
476877,0.5
476878,0.5
476879,0.5
476880,0.5
476881,0.5
476882,0.5
476883,0.5
476884,0.5
476885,0.5
476886,0.5
476887,0.5
476888,0.5
476889,0.5
476890,0.5
476891,0.5
476892,0.5
476893,0.5
476894,0.5
476895,0.5
476896,0.5
476897,0.5
476898,0.5
476899,0.5
476900,0.5
476901,0.5
476902,0.5
476903,0.5
476904,0.5
476905,0.5
476906,0.5
476907,0.5
476908,0.5
476909,0.5
476910,0.5
476911,0.5
476912,0.5
476913,0.5
476914,0.5
476915,0.5
476916,0.5
476917,0.5
476918,0.5
476919,0.5
476920,0.5
476921,0.5
476922,0.5
476923,0.5
476924,0.5
476925,0.5
476926,0.5
476927,0.5
476928,0.5
476929,0.5
476930,0.5
476931,0.5
476932,0.5
476933,0.5
476934,0.5
476935,0.5
476936,0.5
476937,0.5
476938,0.5
476939,0.5
476940,0.5
476941,0.5
476942,0.5
476943,0.5
476944,0.5
476945,0.5
476946,0.5
476947,0.5
476948,0.5
476949,0.5
476950,0.5
476951,0.5
476952,0.5
476953,0.5
476954,0.5
476955,0.5
476956,0.5
476957,0.5
476958,0.5
476959,0.5
476960,0.5
476961,0.5
476962,0.5
476963,0.5
476964,0.5
476965,0.5
476966,0.5
476967,0.5
476968,0.5
476969,0.5
476970,0.5
476971,0.5
476972,0.5
476973,0.5
476974,0.5
476975,0.5
476976,0.5
476977,0.5
476978,0.5
476979,0.5
476980,0.5
476981,0.5
476982,0.5
476983,0.5
476984,0.5
476985,0.5
476986,0.5
476987,0.5
476988,0.5
476989,0.5
476990,0.5
476991,0.5
476992,0.5
476993,0.5
476994,0.5
476995,0.5
476996,0.5
476997,0.5
476998,0.5
476999,0.5
477000,0.5
477001,0.5
477002,0.5
477003,0.5
477004,0.5
477005,0.5
477006,0.5
477007,0.5
477008,0.5
477009,0.5
477010,0.5
477011,0.5
477012,0.5
477013,0.5
477014,0.5
477015,0.5
477016,0.5
477017,0.5
477018,0.5
477019,0.5
477020,0.5
477021,0.5
477022,0.5
477023,0.5
477024,0.5
477025,0.5
477026,0.5
477027,0.5
477028,0.5
477029,0.5
477030,0.5
477031,0.5
477032,0.5
477033,0.5
477034,0.5
477035,0.5
477036,0.5
477037,0.5
477038,0.5
477039,0.5
477040,0.5
477041,0.5
477042,0.5
477043,0.5
477044,0.5
477045,0.5
477046,0.5
477047,0.5
477048,0.5
477049,0.5
477050,0.5
477051,0.5
477052,0.5
477053,0.5
477054,0.5
477055,0.5
477056,0.5
477057,0.5
477058,0.5
477059,0.5
477060,0.5
477061,0.5
477062,0.5
477063,0.5
477064,0.5
477065,0.5
477066,0.5
477067,0.5
477068,0.5
477069,0.5
477070,0.5
477071,0.5
477072,0.5
477073,0.5
477074,0.5
477075,0.5
477076,0.5
477077,0.5
477078,0.5
477079,0.5
477080,0.5
477081,0.5
477082,0.5
477083,0.5
477084,0.5
477085,0.5
477086,0.5
477087,0.5
477088,0.5
477089,0.5
477090,0.5
477091,0.5
477092,0.5
477093,0.5
477094,0.5
477095,0.5
477096,0.5
477097,0.5
477098,0.5
477099,0.5
477100,0.5
477101,0.5
477102,0.5
477103,0.5
477104,0.5
477105,0.5
477106,0.5
477107,0.5
477108,0.5
477109,0.5
477110,0.5
477111,0.5
477112,0.5
477113,0.5
477114,0.5
477115,0.5
477116,0.5
477117,0.5
477118,0.5
477119,0.5
477120,0.5
477121,0.5
477122,0.5
477123,0.5
477124,0.5
477125,0.5
477126,0.5
477127,0.5
477128,0.5
477129,0.5
477130,0.5
477131,0.5
477132,0.5
477133,0.5
477134,0.5
477135,0.5
477136,0.5
477137,0.5
477138,0.5
477139,0.5
477140,0.5
477141,0.5
477142,0.5
477143,0.5
477144,0.5
477145,0.5
477146,0.5
477147,0.5
477148,0.5
477149,0.5
477150,0.5
477151,0.5
477152,0.5
477153,0.5
477154,0.5
477155,0.5
477156,0.5
477157,0.5
477158,0.5
477159,0.5
477160,0.5
477161,0.5
477162,0.5
477163,0.5
477164,0.5
477165,0.5
477166,0.5
477167,0.5
477168,0.5
477169,0.5
477170,0.5
477171,0.5
477172,0.5
477173,0.5
477174,0.5
477175,0.5
477176,0.5
477177,0.5
477178,0.5
477179,0.5
477180,0.5
477181,0.5
477182,0.5
477183,0.5
477184,0.5
477185,0.5
477186,0.5
477187,0.5
477188,0.5
477189,0.5
477190,0.5
477191,0.5
477192,0.5
477193,0.5
477194,0.5
477195,0.5
477196,0.5
477197,0.5
477198,0.5
477199,0.5
477200,0.5
477201,0.5
477202,0.5
477203,0.5
477204,0.5
477205,0.5
477206,0.5
477207,0.5
477208,0.5
477209,0.5
477210,0.5
477211,0.5
477212,0.5
477213,0.5
477214,0.5
477215,0.5
477216,0.5
477217,0.5
477218,0.5
477219,0.5
477220,0.5
477221,0.5
477222,0.5
477223,0.5
477224,0.5
477225,0.5
477226,0.5
477227,0.5
477228,0.5
477229,0.5
477230,0.5
477231,0.5
477232,0.5
477233,0.5
477234,0.5
477235,0.5
477236,0.5
477237,0.5
477238,0.5
477239,0.5
477240,0.5
477241,0.5
477242,0.5
477243,0.5
477244,0.5
477245,0.5
477246,0.5
477247,0.5
477248,0.5
477249,0.5
477250,0.5
477251,0.5
477252,0.5
477253,0.5
477254,0.5
477255,0.5
477256,0.5
477257,0.5
477258,0.5
477259,0.5
477260,0.5
477261,0.5
477262,0.5
477263,0.5
477264,0.5
477265,0.5
477266,0.5
477267,0.5
477268,0.5
477269,0.5
477270,0.5
477271,0.5
477272,0.5
477273,0.5
477274,0.5
477275,0.5
477276,0.5
477277,0.5
477278,0.5
477279,0.5
477280,0.5
477281,0.5
477282,0.5
477283,0.5
477284,0.5
477285,0.5
477286,0.5
477287,0.5
477288,0.5
477289,0.5
477290,0.5
477291,0.5
477292,0.5
477293,0.5
477294,0.5
477295,0.5
477296,0.5
477297,0.5
477298,0.5
477299,0.5
477300,0.5
477301,0.5
477302,0.5
477303,0.5
477304,0.5
477305,0.5
477306,0.5
477307,0.5
477308,0.5
477309,0.5
477310,0.5
477311,0.5
477312,0.5
477313,0.5
477314,0.5
477315,0.5
477316,0.5
477317,0.5
477318,0.5
477319,0.5
477320,0.5
477321,0.5
477322,0.5
477323,0.5
477324,0.5
477325,0.5
477326,0.5
477327,0.5
477328,0.5
477329,0.5
477330,0.5
477331,0.5
477332,0.5
477333,0.5
477334,0.5
477335,0.5
477336,0.5
477337,0.5
477338,0.5
477339,0.5
477340,0.5
477341,0.5
477342,0.5
477343,0.5
477344,0.5
477345,0.5
477346,0.5
477347,0.5
477348,0.5
477349,0.5
477350,0.5
477351,0.5
477352,0.5
477353,0.5
477354,0.5
477355,0.5
477356,0.5
477357,0.5
477358,0.5
477359,0.5
477360,0.5
477361,0.5
477362,0.5
477363,0.5
477364,0.5
477365,0.5
477366,0.5
477367,0.5
477368,0.5
477369,0.5
477370,0.5
477371,0.5
477372,0.5
477373,0.5
477374,0.5
477375,0.5
477376,0.5
477377,0.5
477378,0.5
477379,0.5
477380,0.5
477381,0.5
477382,0.5
477383,0.5
477384,0.5
477385,0.5
477386,0.5
477387,0.5
477388,0.5
477389,0.5
477390,0.5
477391,0.5
477392,0.5
477393,0.5
477394,0.5
477395,0.5
477396,0.5
477397,0.5
477398,0.5
477399,0.5
477400,0.5
477401,0.5
477402,0.5
477403,0.5
477404,0.5
477405,0.5
477406,0.5
477407,0.5
477408,0.5
477409,0.5
477410,0.5
477411,0.5
477412,0.5
477413,0.5
477414,0.5
477415,0.5
477416,0.5
477417,0.5
477418,0.5
477419,0.5
477420,0.5
477421,0.5
477422,0.5
477423,0.5
477424,0.5
477425,0.5
477426,0.5
477427,0.5
477428,0.5
477429,0.5
477430,0.5
477431,0.5
477432,0.5
477433,0.5
477434,0.5
477435,0.5
477436,0.5
477437,0.5
477438,0.5
477439,0.5
477440,0.5
477441,0.5
477442,0.5
477443,0.5
477444,0.5
477445,0.5
477446,0.5
477447,0.5
477448,0.5
477449,0.5
477450,0.5
477451,0.5
477452,0.5
477453,0.5
477454,0.5
477455,0.5
477456,0.5
477457,0.5
477458,0.5
477459,0.5
477460,0.5
477461,0.5
477462,0.5
477463,0.5
477464,0.5
477465,0.5
477466,0.5
477467,0.5
477468,0.5
477469,0.5
477470,0.5
477471,0.5
477472,0.5
477473,0.5
477474,0.5
477475,0.5
477476,0.5
477477,0.5
477478,0.5
477479,0.5
477480,0.5
477481,0.5
477482,0.5
477483,0.5
477484,0.5
477485,0.5
477486,0.5
477487,0.5
477488,0.5
477489,0.5
477490,0.5
477491,0.5
477492,0.5
477493,0.5
477494,0.5
477495,0.5
477496,0.5
477497,0.5
477498,0.5
477499,0.5
477500,0.5
477501,0.5
477502,0.5
477503,0.5
477504,0.5
477505,0.5
477506,0.5
477507,0.5
477508,0.5
477509,0.5
477510,0.5
477511,0.5
477512,0.5
477513,0.5
477514,0.5
477515,0.5
477516,0.5
477517,0.5
477518,0.5
477519,0.5
477520,0.5
477521,0.5
477522,0.5
477523,0.5
477524,0.5
477525,0.5
477526,0.5
477527,0.5
477528,0.5
477529,0.5
477530,0.5
477531,0.5
477532,0.5
477533,0.5
477534,0.5
477535,0.5
477536,0.5
477537,0.5
477538,0.5
477539,0.5
477540,0.5
477541,0.5
477542,0.5
477543,0.5
477544,0.5
477545,0.5
477546,0.5
477547,0.5
477548,0.5
477549,0.5
477550,0.5
477551,0.5
477552,0.5
477553,0.5
477554,0.5
477555,0.5
477556,0.5
477557,0.5
477558,0.5
477559,0.5
477560,0.5
477561,0.5
477562,0.5
477563,0.5
477564,0.5
477565,0.5
477566,0.5
477567,0.5
477568,0.5
477569,0.5
477570,0.5
477571,0.5
477572,0.5
477573,0.5
477574,0.5
477575,0.5
477576,0.5
477577,0.5
477578,0.5
477579,0.5
477580,0.5
477581,0.5
477582,0.5
477583,0.5
477584,0.5
477585,0.5
477586,0.5
477587,0.5
477588,0.5
477589,0.5
477590,0.5
477591,0.5
477592,0.5
477593,0.5
477594,0.5
477595,0.5
477596,0.5
477597,0.5
477598,0.5
477599,0.5
477600,0.5
477601,0.5
477602,0.5
477603,0.5
477604,0.5
477605,0.5
477606,0.5
477607,0.5
477608,0.5
477609,0.5
477610,0.5
477611,0.5
477612,0.5
477613,0.5
477614,0.5
477615,0.5
477616,0.5
477617,0.5
477618,0.5
477619,0.5
477620,0.5
477621,0.5
477622,0.5
477623,0.5
477624,0.5
477625,0.5
477626,0.5
477627,0.5
477628,0.5
477629,0.5
477630,0.5
477631,0.5
477632,0.5
477633,0.5
477634,0.5
477635,0.5
477636,0.5
477637,0.5
477638,0.5
477639,0.5
477640,0.5
477641,0.5
477642,0.5
477643,0.5
477644,0.5
477645,0.5
477646,0.5
477647,0.5
477648,0.5
477649,0.5
477650,0.5
477651,0.5
477652,0.5
477653,0.5
477654,0.5
477655,0.5
477656,0.5
477657,0.5
477658,0.5
477659,0.5
477660,0.5
477661,0.5
477662,0.5
477663,0.5
477664,0.5
477665,0.5
477666,0.5
477667,0.5
477668,0.5
477669,0.5
477670,0.5
477671,0.5
477672,0.5
477673,0.5
477674,0.5
477675,0.5
477676,0.5
477677,0.5
477678,0.5
477679,0.5
477680,0.5
477681,0.5
477682,0.5
477683,0.5
477684,0.5
477685,0.5
477686,0.5
477687,0.5
477688,0.5
477689,0.5
477690,0.5
477691,0.5
477692,0.5
477693,0.5
477694,0.5
477695,0.5
477696,0.5
477697,0.5
477698,0.5
477699,0.5
477700,0.5
477701,0.5
477702,0.5
477703,0.5
477704,0.5
477705,0.5
477706,0.5
477707,0.5
477708,0.5
477709,0.5
477710,0.5
477711,0.5
477712,0.5
477713,0.5
477714,0.5
477715,0.5
477716,0.5
477717,0.5
477718,0.5
477719,0.5
477720,0.5
477721,0.5
477722,0.5
477723,0.5
477724,0.5
477725,0.5
477726,0.5
477727,0.5
477728,0.5
477729,0.5
477730,0.5
477731,0.5
477732,0.5
477733,0.5
477734,0.5
477735,0.5
477736,0.5
477737,0.5
477738,0.5
477739,0.5
477740,0.5
477741,0.5
477742,0.5
477743,0.5
477744,0.5
477745,0.5
477746,0.5
477747,0.5
477748,0.5
477749,0.5
477750,0.5
477751,0.5
477752,0.5
477753,0.5
477754,0.5
477755,0.5
477756,0.5
477757,0.5
477758,0.5
477759,0.5
477760,0.5
477761,0.5
477762,0.5
477763,0.5
477764,0.5
477765,0.5
477766,0.5
477767,0.5
477768,0.5
477769,0.5
477770,0.5
477771,0.5
477772,0.5
477773,0.5
477774,0.5
477775,0.5
477776,0.5
477777,0.5
477778,0.5
477779,0.5
477780,0.5
477781,0.5
477782,0.5
477783,0.5
477784,0.5
477785,0.5
477786,0.5
477787,0.5
477788,0.5
477789,0.5
477790,0.5
477791,0.5
477792,0.5
477793,0.5
477794,0.5
477795,0.5
477796,0.5
477797,0.5
477798,0.5
477799,0.5
477800,0.5
477801,0.5
477802,0.5
477803,0.5
477804,0.5
477805,0.5
477806,0.5
477807,0.5
477808,0.5
477809,0.5
477810,0.5
477811,0.5
477812,0.5
477813,0.5
477814,0.5
477815,0.5
477816,0.5
477817,0.5
477818,0.5
477819,0.5
477820,0.5
477821,0.5
477822,0.5
477823,0.5
477824,0.5
477825,0.5
477826,0.5
477827,0.5
477828,0.5
477829,0.5
477830,0.5
477831,0.5
477832,0.5
477833,0.5
477834,0.5
477835,0.5
477836,0.5
477837,0.5
477838,0.5
477839,0.5
477840,0.5
477841,0.5
477842,0.5
477843,0.5
477844,0.5
477845,0.5
477846,0.5
477847,0.5
477848,0.5
477849,0.5
477850,0.5
477851,0.5
477852,0.5
477853,0.5
477854,0.5
477855,0.5
477856,0.5
477857,0.5
477858,0.5
477859,0.5
477860,0.5
477861,0.5
477862,0.5
477863,0.5
477864,0.5
477865,0.5
477866,0.5
477867,0.5
477868,0.5
477869,0.5
477870,0.5
477871,0.5
477872,0.5
477873,0.5
477874,0.5
477875,0.5
477876,0.5
477877,0.5
477878,0.5
477879,0.5
477880,0.5
477881,0.5
477882,0.5
477883,0.5
477884,0.5
477885,0.5
477886,0.5
477887,0.5
477888,0.5
477889,0.5
477890,0.5
477891,0.5
477892,0.5
477893,0.5
477894,0.5
477895,0.5
477896,0.5
477897,0.5
477898,0.5
477899,0.5
477900,0.5
477901,0.5
477902,0.5
477903,0.5
477904,0.5
477905,0.5
477906,0.5
477907,0.5
477908,0.5
477909,0.5
477910,0.5
477911,0.5
477912,0.5
477913,0.5
477914,0.5
477915,0.5
477916,0.5
477917,0.5
477918,0.5
477919,0.5
477920,0.5
477921,0.5
477922,0.5
477923,0.5
477924,0.5
477925,0.5
477926,0.5
477927,0.5
477928,0.5
477929,0.5
477930,0.5
477931,0.5
477932,0.5
477933,0.5
477934,0.5
477935,0.5
477936,0.5
477937,0.5
477938,0.5
477939,0.5
477940,0.5
477941,0.5
477942,0.5
477943,0.5
477944,0.5
477945,0.5
477946,0.5
477947,0.5
477948,0.5
477949,0.5
477950,0.5
477951,0.5
477952,0.5
477953,0.5
477954,0.5
477955,0.5
477956,0.5
477957,0.5
477958,0.5
477959,0.5
477960,0.5
477961,0.5
477962,0.5
477963,0.5
477964,0.5
477965,0.5
477966,0.5
477967,0.5
477968,0.5
477969,0.5
477970,0.5
477971,0.5
477972,0.5
477973,0.5
477974,0.5
477975,0.5
477976,0.5
477977,0.5
477978,0.5
477979,0.5
477980,0.5
477981,0.5
477982,0.5
477983,0.5
477984,0.5
477985,0.5
477986,0.5
477987,0.5
477988,0.5
477989,0.5
477990,0.5
477991,0.5
477992,0.5
477993,0.5
477994,0.5
477995,0.5
477996,0.5
477997,0.5
477998,0.5
477999,0.5
478000,0.5
478001,0.5
478002,0.5
478003,0.5
478004,0.5
478005,0.5
478006,0.5
478007,0.5
478008,0.5
478009,0.5
478010,0.5
478011,0.5
478012,0.5
478013,0.5
478014,0.5
478015,0.5
478016,0.5
478017,0.5
478018,0.5
478019,0.5
478020,0.5
478021,0.5
478022,0.5
478023,0.5
478024,0.5
478025,0.5
478026,0.5
478027,0.5
478028,0.5
478029,0.5
478030,0.5
478031,0.5
478032,0.5
478033,0.5
478034,0.5
478035,0.5
478036,0.5
478037,0.5
478038,0.5
478039,0.5
478040,0.5
478041,0.5
478042,0.5
478043,0.5
478044,0.5
478045,0.5
478046,0.5
478047,0.5
478048,0.5
478049,0.5
478050,0.5
478051,0.5
478052,0.5
478053,0.5
478054,0.5
478055,0.5
478056,0.5
478057,0.5
478058,0.5
478059,0.5
478060,0.5
478061,0.5
478062,0.5
478063,0.5
478064,0.5
478065,0.5
478066,0.5
478067,0.5
478068,0.5
478069,0.5
478070,0.5
478071,0.5
478072,0.5
478073,0.5
478074,0.5
478075,0.5
478076,0.5
478077,0.5
478078,0.5
478079,0.5
478080,0.5
478081,0.5
478082,0.5
478083,0.5
478084,0.5
478085,0.5
478086,0.5
478087,0.5
478088,0.5
478089,0.5
478090,0.5
478091,0.5
478092,0.5
478093,0.5
478094,0.5
478095,0.5
478096,0.5
478097,0.5
478098,0.5
478099,0.5
478100,0.5
478101,0.5
478102,0.5
478103,0.5
478104,0.5
478105,0.5
478106,0.5
478107,0.5
478108,0.5
478109,0.5
478110,0.5
478111,0.5
478112,0.5
478113,0.5
478114,0.5
478115,0.5
478116,0.5
478117,0.5
478118,0.5
478119,0.5
478120,0.5
478121,0.5
478122,0.5
478123,0.5
478124,0.5
478125,0.5
478126,0.5
478127,0.5
478128,0.5
478129,0.5
478130,0.5
478131,0.5
478132,0.5
478133,0.5
478134,0.5
478135,0.5
478136,0.5
478137,0.5
478138,0.5
478139,0.5
478140,0.5
478141,0.5
478142,0.5
478143,0.5
478144,0.5
478145,0.5
478146,0.5
478147,0.5
478148,0.5
478149,0.5
478150,0.5
478151,0.5
478152,0.5
478153,0.5
478154,0.5
478155,0.5
478156,0.5
478157,0.5
478158,0.5
478159,0.5
478160,0.5
478161,0.5
478162,0.5
478163,0.5
478164,0.5
478165,0.5
478166,0.5
478167,0.5
478168,0.5
478169,0.5
478170,0.5
478171,0.5
478172,0.5
478173,0.5
478174,0.5
478175,0.5
478176,0.5
478177,0.5
478178,0.5
478179,0.5
478180,0.5
478181,0.5
478182,0.5
478183,0.5
478184,0.5
478185,0.5
478186,0.5
478187,0.5
478188,0.5
478189,0.5
478190,0.5
478191,0.5
478192,0.5
478193,0.5
478194,0.5
478195,0.5
478196,0.5
478197,0.5
478198,0.5
478199,0.5
478200,0.5
478201,0.5
478202,0.5
478203,0.5
478204,0.5
478205,0.5
478206,0.5
478207,0.5
478208,0.5
478209,0.5
478210,0.5
478211,0.5
478212,0.5
478213,0.5
478214,0.5
478215,0.5
478216,0.5
478217,0.5
478218,0.5
478219,0.5
478220,0.5
478221,0.5
478222,0.5
478223,0.5
478224,0.5
478225,0.5
478226,0.5
478227,0.5
478228,0.5
478229,0.5
478230,0.5
478231,0.5
478232,0.5
478233,0.5
478234,0.5
478235,0.5
478236,0.5
478237,0.5
478238,0.5
478239,0.5
478240,0.5
478241,0.5
478242,0.5
478243,0.5
478244,0.5
478245,0.5
478246,0.5
478247,0.5
478248,0.5
478249,0.5
478250,0.5
478251,0.5
478252,0.5
478253,0.5
478254,0.5
478255,0.5
478256,0.5
478257,0.5
478258,0.5
478259,0.5
478260,0.5
478261,0.5
478262,0.5
478263,0.5
478264,0.5
478265,0.5
478266,0.5
478267,0.5
478268,0.5
478269,0.5
478270,0.5
478271,0.5
478272,0.5
478273,0.5
478274,0.5
478275,0.5
478276,0.5
478277,0.5
478278,0.5
478279,0.5
478280,0.5
478281,0.5
478282,0.5
478283,0.5
478284,0.5
478285,0.5
478286,0.5
478287,0.5
478288,0.5
478289,0.5
478290,0.5
478291,0.5
478292,0.5
478293,0.5
478294,0.5
478295,0.5
478296,0.5
478297,0.5
478298,0.5
478299,0.5
478300,0.5
478301,0.5
478302,0.5
478303,0.5
478304,0.5
478305,0.5
478306,0.5
478307,0.5
478308,0.5
478309,0.5
478310,0.5
478311,0.5
478312,0.5
478313,0.5
478314,0.5
478315,0.5
478316,0.5
478317,0.5
478318,0.5
478319,0.5
478320,0.5
478321,0.5
478322,0.5
478323,0.5
478324,0.5
478325,0.5
478326,0.5
478327,0.5
478328,0.5
478329,0.5
478330,0.5
478331,0.5
478332,0.5
478333,0.5
478334,0.5
478335,0.5
478336,0.5
478337,0.5
478338,0.5
478339,0.5
478340,0.5
478341,0.5
478342,0.5
478343,0.5
478344,0.5
478345,0.5
478346,0.5
478347,0.5
478348,0.5
478349,0.5
478350,0.5
478351,0.5
478352,0.5
478353,0.5
478354,0.5
478355,0.5
478356,0.5
478357,0.5
478358,0.5
478359,0.5
478360,0.5
478361,0.5
478362,0.5
478363,0.5
478364,0.5
478365,0.5
478366,0.5
478367,0.5
478368,0.5
478369,0.5
478370,0.5
478371,0.5
478372,0.5
478373,0.5
478374,0.5
478375,0.5
478376,0.5
478377,0.5
478378,0.5
478379,0.5
478380,0.5
478381,0.5
478382,0.5
478383,0.5
478384,0.5
478385,0.5
478386,0.5
478387,0.5
478388,0.5
478389,0.5
478390,0.5
478391,0.5
478392,0.5
478393,0.5
478394,0.5
478395,0.5
478396,0.5
478397,0.5
478398,0.5
478399,0.5
478400,0.5
478401,0.5
478402,0.5
478403,0.5
478404,0.5
478405,0.5
478406,0.5
478407,0.5
478408,0.5
478409,0.5
478410,0.5
478411,0.5
478412,0.5
478413,0.5
478414,0.5
478415,0.5
478416,0.5
478417,0.5
478418,0.5
478419,0.5
478420,0.5
478421,0.5
478422,0.5
478423,0.5
478424,0.5
478425,0.5
478426,0.5
478427,0.5
478428,0.5
478429,0.5
478430,0.5
478431,0.5
478432,0.5
478433,0.5
478434,0.5
478435,0.5
478436,0.5
478437,0.5
478438,0.5
478439,0.5
478440,0.5
478441,0.5
478442,0.5
478443,0.5
478444,0.5
478445,0.5
478446,0.5
478447,0.5
478448,0.5
478449,0.5
478450,0.5
478451,0.5
478452,0.5
478453,0.5
478454,0.5
478455,0.5
478456,0.5
478457,0.5
478458,0.5
478459,0.5
478460,0.5
478461,0.5
478462,0.5
478463,0.5
478464,0.5
478465,0.5
478466,0.5
478467,0.5
478468,0.5
478469,0.5
478470,0.5
478471,0.5
478472,0.5
478473,0.5
478474,0.5
478475,0.5
478476,0.5
478477,0.5
478478,0.5
478479,0.5
478480,0.5
478481,0.5
478482,0.5
478483,0.5
478484,0.5
478485,0.5
478486,0.5
478487,0.5
478488,0.5
478489,0.5
478490,0.5
478491,0.5
478492,0.5
478493,0.5
478494,0.5
478495,0.5
478496,0.5
478497,0.5
478498,0.5
478499,0.5
478500,0.5
478501,0.5
478502,0.5
478503,0.5
478504,0.5
478505,0.5
478506,0.5
478507,0.5
478508,0.5
478509,0.5
478510,0.5
478511,0.5
478512,0.5
478513,0.5
478514,0.5
478515,0.5
478516,0.5
478517,0.5
478518,0.5
478519,0.5
478520,0.5
478521,0.5
478522,0.5
478523,0.5
478524,0.5
478525,0.5
478526,0.5
478527,0.5
478528,0.5
478529,0.5
478530,0.5
478531,0.5
478532,0.5
478533,0.5
478534,0.5
478535,0.5
478536,0.5
478537,0.5
478538,0.5
478539,0.5
478540,0.5
478541,0.5
478542,0.5
478543,0.5
478544,0.5
478545,0.5
478546,0.5
478547,0.5
478548,0.5
478549,0.5
478550,0.5
478551,0.5
478552,0.5
478553,0.5
478554,0.5
478555,0.5
478556,0.5
478557,0.5
478558,0.5
478559,0.5
478560,0.5
478561,0.5
478562,0.5
478563,0.5
478564,0.5
478565,0.5
478566,0.5
478567,0.5
478568,0.5
478569,0.5
478570,0.5
478571,0.5
478572,0.5
478573,0.5
478574,0.5
478575,0.5
478576,0.5
478577,0.5
478578,0.5
478579,0.5
478580,0.5
478581,0.5
478582,0.5
478583,0.5
478584,0.5
478585,0.5
478586,0.5
478587,0.5
478588,0.5
478589,0.5
478590,0.5
478591,0.5
478592,0.5
478593,0.5
478594,0.5
478595,0.5
478596,0.5
478597,0.5
478598,0.5
478599,0.5
478600,0.5
478601,0.5
478602,0.5
478603,0.5
478604,0.5
478605,0.5
478606,0.5
478607,0.5
478608,0.5
478609,0.5
478610,0.5
478611,0.5
478612,0.5
478613,0.5
478614,0.5
478615,0.5
478616,0.5
478617,0.5
478618,0.5
478619,0.5
478620,0.5
478621,0.5
478622,0.5
478623,0.5
478624,0.5
478625,0.5
478626,0.5
478627,0.5
478628,0.5
478629,0.5
478630,0.5
478631,0.5
478632,0.5
478633,0.5
478634,0.5
478635,0.5
478636,0.5
478637,0.5
478638,0.5
478639,0.5
478640,0.5
478641,0.5
478642,0.5
478643,0.5
478644,0.5
478645,0.5
478646,0.5
478647,0.5
478648,0.5
478649,0.5
478650,0.5
478651,0.5
478652,0.5
478653,0.5
478654,0.5
478655,0.5
478656,0.5
478657,0.5
478658,0.5
478659,0.5
478660,0.5
478661,0.5
478662,0.5
478663,0.5
478664,0.5
478665,0.5
478666,0.5
478667,0.5
478668,0.5
478669,0.5
478670,0.5
478671,0.5
478672,0.5
478673,0.5
478674,0.5
478675,0.5
478676,0.5
478677,0.5
478678,0.5
478679,0.5
478680,0.5
478681,0.5
478682,0.5
478683,0.5
478684,0.5
478685,0.5
478686,0.5
478687,0.5
478688,0.5
478689,0.5
478690,0.5
478691,0.5
478692,0.5
478693,0.5
478694,0.5
478695,0.5
478696,0.5
478697,0.5
478698,0.5
478699,0.5
478700,0.5
478701,0.5
478702,0.5
478703,0.5
478704,0.5
478705,0.5
478706,0.5
478707,0.5
478708,0.5
478709,0.5
478710,0.5
478711,0.5
478712,0.5
478713,0.5
478714,0.5
478715,0.5
478716,0.5
478717,0.5
478718,0.5
478719,0.5
478720,0.5
478721,0.5
478722,0.5
478723,0.5
478724,0.5
478725,0.5
478726,0.5
478727,0.5
478728,0.5
478729,0.5
478730,0.5
478731,0.5
478732,0.5
478733,0.5
478734,0.5
478735,0.5
478736,0.5
478737,0.5
478738,0.5
478739,0.5
478740,0.5
478741,0.5
478742,0.5
478743,0.5
478744,0.5
478745,0.5
478746,0.5
478747,0.5
478748,0.5
478749,0.5
478750,0.5
478751,0.5
478752,0.5
478753,0.5
478754,0.5
478755,0.5
478756,0.5
478757,0.5
478758,0.5
478759,0.5
478760,0.5
478761,0.5
478762,0.5
478763,0.5
478764,0.5
478765,0.5
478766,0.5
478767,0.5
478768,0.5
478769,0.5
478770,0.5
478771,0.5
478772,0.5
478773,0.5
478774,0.5
478775,0.5
478776,0.5
478777,0.5
478778,0.5
478779,0.5
478780,0.5
478781,0.5
478782,0.5
478783,0.5
478784,0.5
478785,0.5
478786,0.5
478787,0.5
478788,0.5
478789,0.5
478790,0.5
478791,0.5
478792,0.5
478793,0.5
478794,0.5
478795,0.5
478796,0.5
478797,0.5
478798,0.5
478799,0.5
478800,0.5
478801,0.5
478802,0.5
478803,0.5
478804,0.5
478805,0.5
478806,0.5
478807,0.5
478808,0.5
478809,0.5
478810,0.5
478811,0.5
478812,0.5
478813,0.5
478814,0.5
478815,0.5
478816,0.5
478817,0.5
478818,0.5
478819,0.5
478820,0.5
478821,0.5
478822,0.5
478823,0.5
478824,0.5
478825,0.5
478826,0.5
478827,0.5
478828,0.5
478829,0.5
478830,0.5
478831,0.5
478832,0.5
478833,0.5
478834,0.5
478835,0.5
478836,0.5
478837,0.5
478838,0.5
478839,0.5
478840,0.5
478841,0.5
478842,0.5
478843,0.5
478844,0.5
478845,0.5
478846,0.5
478847,0.5
478848,0.5
478849,0.5
478850,0.5
478851,0.5
478852,0.5
478853,0.5
478854,0.5
478855,0.5
478856,0.5
478857,0.5
478858,0.5
478859,0.5
478860,0.5
478861,0.5
478862,0.5
478863,0.5
478864,0.5
478865,0.5
478866,0.5
478867,0.5
478868,0.5
478869,0.5
478870,0.5
478871,0.5
478872,0.5
478873,0.5
478874,0.5
478875,0.5
478876,0.5
478877,0.5
478878,0.5
478879,0.5
478880,0.5
478881,0.5
478882,0.5
478883,0.5
478884,0.5
478885,0.5
478886,0.5
478887,0.5
478888,0.5
478889,0.5
478890,0.5
478891,0.5
478892,0.5
478893,0.5
478894,0.5
478895,0.5
478896,0.5
478897,0.5
478898,0.5
478899,0.5
478900,0.5
478901,0.5
478902,0.5
478903,0.5
478904,0.5
478905,0.5
478906,0.5
478907,0.5
478908,0.5
478909,0.5
478910,0.5
478911,0.5
478912,0.5
478913,0.5
478914,0.5
478915,0.5
478916,0.5
478917,0.5
478918,0.5
478919,0.5
478920,0.5
478921,0.5
478922,0.5
478923,0.5
478924,0.5
478925,0.5
478926,0.5
478927,0.5
478928,0.5
478929,0.5
478930,0.5
478931,0.5
478932,0.5
478933,0.5
478934,0.5
478935,0.5
478936,0.5
478937,0.5
478938,0.5
478939,0.5
478940,0.5
478941,0.5
478942,0.5
478943,0.5
478944,0.5
478945,0.5
478946,0.5
478947,0.5
478948,0.5
478949,0.5
478950,0.5
478951,0.5
478952,0.5
478953,0.5
478954,0.5
478955,0.5
478956,0.5
478957,0.5
478958,0.5
478959,0.5
478960,0.5
478961,0.5
478962,0.5
478963,0.5
478964,0.5
478965,0.5
478966,0.5
478967,0.5
478968,0.5
478969,0.5
478970,0.5
478971,0.5
478972,0.5
478973,0.5
478974,0.5
478975,0.5
478976,0.5
478977,0.5
478978,0.5
478979,0.5
478980,0.5
478981,0.5
478982,0.5
478983,0.5
478984,0.5
478985,0.5
478986,0.5
478987,0.5
478988,0.5
478989,0.5
478990,0.5
478991,0.5
478992,0.5
478993,0.5
478994,0.5
478995,0.5
478996,0.5
478997,0.5
478998,0.5
478999,0.5
479000,0.5
479001,0.5
479002,0.5
479003,0.5
479004,0.5
479005,0.5
479006,0.5
479007,0.5
479008,0.5
479009,0.5
479010,0.5
479011,0.5
479012,0.5
479013,0.5
479014,0.5
479015,0.5
479016,0.5
479017,0.5
479018,0.5
479019,0.5
479020,0.5
479021,0.5
479022,0.5
479023,0.5
479024,0.5
479025,0.5
479026,0.5
479027,0.5
479028,0.5
479029,0.5
479030,0.5
479031,0.5
479032,0.5
479033,0.5
479034,0.5
479035,0.5
479036,0.5
479037,0.5
479038,0.5
479039,0.5
479040,0.5
479041,0.5
479042,0.5
479043,0.5
479044,0.5
479045,0.5
479046,0.5
479047,0.5
479048,0.5
479049,0.5
479050,0.5
479051,0.5
479052,0.5
479053,0.5
479054,0.5
479055,0.5
479056,0.5
479057,0.5
479058,0.5
479059,0.5
479060,0.5
479061,0.5
479062,0.5
479063,0.5
479064,0.5
479065,0.5
479066,0.5
479067,0.5
479068,0.5
479069,0.5
479070,0.5
479071,0.5
479072,0.5
479073,0.5
479074,0.5
479075,0.5
479076,0.5
479077,0.5
479078,0.5
479079,0.5
479080,0.5
479081,0.5
479082,0.5
479083,0.5
479084,0.5
479085,0.5
479086,0.5
479087,0.5
479088,0.5
479089,0.5
479090,0.5
479091,0.5
479092,0.5
479093,0.5
479094,0.5
479095,0.5
479096,0.5
479097,0.5
479098,0.5
479099,0.5
479100,0.5
479101,0.5
479102,0.5
479103,0.5
479104,0.5
479105,0.5
479106,0.5
479107,0.5
479108,0.5
479109,0.5
479110,0.5
479111,0.5
479112,0.5
479113,0.5
479114,0.5
479115,0.5
479116,0.5
479117,0.5
479118,0.5
479119,0.5
479120,0.5
479121,0.5
479122,0.5
479123,0.5
479124,0.5
479125,0.5
479126,0.5
479127,0.5
479128,0.5
479129,0.5
479130,0.5
479131,0.5
479132,0.5
479133,0.5
479134,0.5
479135,0.5
479136,0.5
479137,0.5
479138,0.5
479139,0.5
479140,0.5
479141,0.5
479142,0.5
479143,0.5
479144,0.5
479145,0.5
479146,0.5
479147,0.5
479148,0.5
479149,0.5
479150,0.5
479151,0.5
479152,0.5
479153,0.5
479154,0.5
479155,0.5
479156,0.5
479157,0.5
479158,0.5
479159,0.5
479160,0.5
479161,0.5
479162,0.5
479163,0.5
479164,0.5
479165,0.5
479166,0.5
479167,0.5
479168,0.5
479169,0.5
479170,0.5
479171,0.5
479172,0.5
479173,0.5
479174,0.5
479175,0.5
479176,0.5
479177,0.5
479178,0.5
479179,0.5
479180,0.5
479181,0.5
479182,0.5
479183,0.5
479184,0.5
479185,0.5
479186,0.5
479187,0.5
479188,0.5
479189,0.5
479190,0.5
479191,0.5
479192,0.5
479193,0.5
479194,0.5
479195,0.5
479196,0.5
479197,0.5
479198,0.5
479199,0.5
479200,0.5
479201,0.5
479202,0.5
479203,0.5
479204,0.5
479205,0.5
479206,0.5
479207,0.5
479208,0.5
479209,0.5
479210,0.5
479211,0.5
479212,0.5
479213,0.5
479214,0.5
479215,0.5
479216,0.5
479217,0.5
479218,0.5
479219,0.5
479220,0.5
479221,0.5
479222,0.5
479223,0.5
479224,0.5
479225,0.5
479226,0.5
479227,0.5
479228,0.5
479229,0.5
479230,0.5
479231,0.5
479232,0.5
479233,0.5
479234,0.5
479235,0.5
479236,0.5
479237,0.5
479238,0.5
479239,0.5
479240,0.5
479241,0.5
479242,0.5
479243,0.5
479244,0.5
479245,0.5
479246,0.5
479247,0.5
479248,0.5
479249,0.5
479250,0.5
479251,0.5
479252,0.5
479253,0.5
479254,0.5
479255,0.5
479256,0.5
479257,0.5
479258,0.5
479259,0.5
479260,0.5
479261,0.5
479262,0.5
479263,0.5
479264,0.5
479265,0.5
479266,0.5
479267,0.5
479268,0.5
479269,0.5
479270,0.5
479271,0.5
479272,0.5
479273,0.5
479274,0.5
479275,0.5
479276,0.5
479277,0.5
479278,0.5
479279,0.5
479280,0.5
479281,0.5
479282,0.5
479283,0.5
479284,0.5
479285,0.5
479286,0.5
479287,0.5
479288,0.5
479289,0.5
479290,0.5
479291,0.5
479292,0.5
479293,0.5
479294,0.5
479295,0.5
479296,0.5
479297,0.5
479298,0.5
479299,0.5
479300,0.5
479301,0.5
479302,0.5
479303,0.5
479304,0.5
479305,0.5
479306,0.5
479307,0.5
479308,0.5
479309,0.5
479310,0.5
479311,0.5
479312,0.5
479313,0.5
479314,0.5
479315,0.5
479316,0.5
479317,0.5
479318,0.5
479319,0.5
479320,0.5
479321,0.5
479322,0.5
479323,0.5
479324,0.5
479325,0.5
479326,0.5
479327,0.5
479328,0.5
479329,0.5
479330,0.5
479331,0.5
479332,0.5
479333,0.5
479334,0.5
479335,0.5
479336,0.5
479337,0.5
479338,0.5
479339,0.5
479340,0.5
479341,0.5
479342,0.5
479343,0.5
479344,0.5
479345,0.5
479346,0.5
479347,0.5
479348,0.5
479349,0.5
479350,0.5
479351,0.5
479352,0.5
479353,0.5
479354,0.5
479355,0.5
479356,0.5
479357,0.5
479358,0.5
479359,0.5
479360,0.5
479361,0.5
479362,0.5
479363,0.5
479364,0.5
479365,0.5
479366,0.5
479367,0.5
479368,0.5
479369,0.5
479370,0.5
479371,0.5
479372,0.5
479373,0.5
479374,0.5
479375,0.5
479376,0.5
479377,0.5
479378,0.5
479379,0.5
479380,0.5
479381,0.5
479382,0.5
479383,0.5
479384,0.5
479385,0.5
479386,0.5
479387,0.5
479388,0.5
479389,0.5
479390,0.5
479391,0.5
479392,0.5
479393,0.5
479394,0.5
479395,0.5
479396,0.5
479397,0.5
479398,0.5
479399,0.5
479400,0.5
479401,0.5
479402,0.5
479403,0.5
479404,0.5
479405,0.5
479406,0.5
479407,0.5
479408,0.5
479409,0.5
479410,0.5
479411,0.5
479412,0.5
479413,0.5
479414,0.5
479415,0.5
479416,0.5
479417,0.5
479418,0.5
479419,0.5
479420,0.5
479421,0.5
479422,0.5
479423,0.5
479424,0.5
479425,0.5
479426,0.5
479427,0.5
479428,0.5
479429,0.5
479430,0.5
479431,0.5
479432,0.5
479433,0.5
479434,0.5
479435,0.5
479436,0.5
479437,0.5
479438,0.5
479439,0.5
479440,0.5
479441,0.5
479442,0.5
479443,0.5
479444,0.5
479445,0.5
479446,0.5
479447,0.5
479448,0.5
479449,0.5
479450,0.5
479451,0.5
479452,0.5
479453,0.5
479454,0.5
479455,0.5
479456,0.5
479457,0.5
479458,0.5
479459,0.5
479460,0.5
479461,0.5
479462,0.5
479463,0.5
479464,0.5
479465,0.5
479466,0.5
479467,0.5
479468,0.5
479469,0.5
479470,0.5
479471,0.5
479472,0.5
479473,0.5
479474,0.5
479475,0.5
479476,0.5
479477,0.5
479478,0.5
479479,0.5
479480,0.5
479481,0.5
479482,0.5
479483,0.5
479484,0.5
479485,0.5
479486,0.5
479487,0.5
479488,0.5
479489,0.5
479490,0.5
479491,0.5
479492,0.5
479493,0.5
479494,0.5
479495,0.5
479496,0.5
479497,0.5
479498,0.5
479499,0.5
479500,0.5
479501,0.5
479502,0.5
479503,0.5
479504,0.5
479505,0.5
479506,0.5
479507,0.5
479508,0.5
479509,0.5
479510,0.5
479511,0.5
479512,0.5
479513,0.5
479514,0.5
479515,0.5
479516,0.5
479517,0.5
479518,0.5
479519,0.5
479520,0.5
479521,0.5
479522,0.5
479523,0.5
479524,0.5
479525,0.5
479526,0.5
479527,0.5
479528,0.5
479529,0.5
479530,0.5
479531,0.5
479532,0.5
479533,0.5
479534,0.5
479535,0.5
479536,0.5
479537,0.5
479538,0.5
479539,0.5
479540,0.5
479541,0.5
479542,0.5
479543,0.5
479544,0.5
479545,0.5
479546,0.5
479547,0.5
479548,0.5
479549,0.5
479550,0.5
479551,0.5
479552,0.5
479553,0.5
479554,0.5
479555,0.5
479556,0.5
479557,0.5
479558,0.5
479559,0.5
479560,0.5
479561,0.5
479562,0.5
479563,0.5
479564,0.5
479565,0.5
479566,0.5
479567,0.5
479568,0.5
479569,0.5
479570,0.5
479571,0.5
479572,0.5
479573,0.5
479574,0.5
479575,0.5
479576,0.5
479577,0.5
479578,0.5
479579,0.5
479580,0.5
479581,0.5
479582,0.5
479583,0.5
479584,0.5
479585,0.5
479586,0.5
479587,0.5
479588,0.5
479589,0.5
479590,0.5
479591,0.5
479592,0.5
479593,0.5
479594,0.5
479595,0.5
479596,0.5
479597,0.5
479598,0.5
479599,0.5
479600,0.5
479601,0.5
479602,0.5
479603,0.5
479604,0.5
479605,0.5
479606,0.5
479607,0.5
479608,0.5
479609,0.5
479610,0.5
479611,0.5
479612,0.5
479613,0.5
479614,0.5
479615,0.5
479616,0.5
479617,0.5
479618,0.5
479619,0.5
479620,0.5
479621,0.5
479622,0.5
479623,0.5
479624,0.5
479625,0.5
479626,0.5
479627,0.5
479628,0.5
479629,0.5
479630,0.5
479631,0.5
479632,0.5
479633,0.5
479634,0.5
479635,0.5
479636,0.5
479637,0.5
479638,0.5
479639,0.5
479640,0.5
479641,0.5
479642,0.5
479643,0.5
479644,0.5
479645,0.5
479646,0.5
479647,0.5
479648,0.5
479649,0.5
479650,0.5
479651,0.5
479652,0.5
479653,0.5
479654,0.5
479655,0.5
479656,0.5
479657,0.5
479658,0.5
479659,0.5
479660,0.5
479661,0.5
479662,0.5
479663,0.5
479664,0.5
479665,0.5
479666,0.5
479667,0.5
479668,0.5
479669,0.5
479670,0.5
479671,0.5
479672,0.5
479673,0.5
479674,0.5
479675,0.5
479676,0.5
479677,0.5
479678,0.5
479679,0.5
479680,0.5
479681,0.5
479682,0.5
479683,0.5
479684,0.5
479685,0.5
479686,0.5
479687,0.5
479688,0.5
479689,0.5
479690,0.5
479691,0.5
479692,0.5
479693,0.5
479694,0.5
479695,0.5
479696,0.5
479697,0.5
479698,0.5
479699,0.5
479700,0.5
479701,0.5
479702,0.5
479703,0.5
479704,0.5
479705,0.5
479706,0.5
479707,0.5
479708,0.5
479709,0.5
479710,0.5
479711,0.5
479712,0.5
479713,0.5
479714,0.5
479715,0.5
479716,0.5
479717,0.5
479718,0.5
479719,0.5
479720,0.5
479721,0.5
479722,0.5
479723,0.5
479724,0.5
479725,0.5
479726,0.5
479727,0.5
479728,0.5
479729,0.5
479730,0.5
479731,0.5
479732,0.5
479733,0.5
479734,0.5
479735,0.5
479736,0.5
479737,0.5
479738,0.5
479739,0.5
479740,0.5
479741,0.5
479742,0.5
479743,0.5
479744,0.5
479745,0.5
479746,0.5
479747,0.5
479748,0.5
479749,0.5
479750,0.5
479751,0.5
479752,0.5
479753,0.5
479754,0.5
479755,0.5
479756,0.5
479757,0.5
479758,0.5
479759,0.5
479760,0.5
479761,0.5
479762,0.5
479763,0.5
479764,0.5
479765,0.5
479766,0.5
479767,0.5
479768,0.5
479769,0.5
479770,0.5
479771,0.5
479772,0.5
479773,0.5
479774,0.5
479775,0.5
479776,0.5
479777,0.5
479778,0.5
479779,0.5
479780,0.5
479781,0.5
479782,0.5
479783,0.5
479784,0.5
479785,0.5
479786,0.5
479787,0.5
479788,0.5
479789,0.5
479790,0.5
479791,0.5
479792,0.5
479793,0.5
479794,0.5
479795,0.5
479796,0.5
479797,0.5
479798,0.5
479799,0.5
479800,0.5
479801,0.5
479802,0.5
479803,0.5
479804,0.5
479805,0.5
479806,0.5
479807,0.5
479808,0.5
479809,0.5
479810,0.5
479811,0.5
479812,0.5
479813,0.5
479814,0.5
479815,0.5
479816,0.5
479817,0.5
479818,0.5
479819,0.5
479820,0.5
479821,0.5
479822,0.5
479823,0.5
479824,0.5
479825,0.5
479826,0.5
479827,0.5
479828,0.5
479829,0.5
479830,0.5
479831,0.5
479832,0.5
479833,0.5
479834,0.5
479835,0.5
479836,0.5
479837,0.5
479838,0.5
479839,0.5
479840,0.5
479841,0.5
479842,0.5
479843,0.5
479844,0.5
479845,0.5
479846,0.5
479847,0.5
479848,0.5
479849,0.5
479850,0.5
479851,0.5
479852,0.5
479853,0.5
479854,0.5
479855,0.5
479856,0.5
479857,0.5
479858,0.5
479859,0.5
479860,0.5
479861,0.5
479862,0.5
479863,0.5
479864,0.5
479865,0.5
479866,0.5
479867,0.5
479868,0.5
479869,0.5
479870,0.5
479871,0.5
479872,0.5
479873,0.5
479874,0.5
479875,0.5
479876,0.5
479877,0.5
479878,0.5
479879,0.5
479880,0.5
479881,0.5
479882,0.5
479883,0.5
479884,0.5
479885,0.5
479886,0.5
479887,0.5
479888,0.5
479889,0.5
479890,0.5
479891,0.5
479892,0.5
479893,0.5
479894,0.5
479895,0.5
479896,0.5
479897,0.5
479898,0.5
479899,0.5
479900,0.5
479901,0.5
479902,0.5
479903,0.5
479904,0.5
479905,0.5
479906,0.5
479907,0.5
479908,0.5
479909,0.5
479910,0.5
479911,0.5
479912,0.5
479913,0.5
479914,0.5
479915,0.5
479916,0.5
479917,0.5
479918,0.5
479919,0.5
479920,0.5
479921,0.5
479922,0.5
479923,0.5
479924,0.5
479925,0.5
479926,0.5
479927,0.5
479928,0.5
479929,0.5
479930,0.5
479931,0.5
479932,0.5
479933,0.5
479934,0.5
479935,0.5
479936,0.5
479937,0.5
479938,0.5
479939,0.5
479940,0.5
479941,0.5
479942,0.5
479943,0.5
479944,0.5
479945,0.5
479946,0.5
479947,0.5
479948,0.5
479949,0.5
479950,0.5
479951,0.5
479952,0.5
479953,0.5
479954,0.5
479955,0.5
479956,0.5
479957,0.5
479958,0.5
479959,0.5
479960,0.5
479961,0.5
479962,0.5
479963,0.5
479964,0.5
479965,0.5
479966,0.5
479967,0.5
479968,0.5
479969,0.5
479970,0.5
479971,0.5
479972,0.5
479973,0.5
479974,0.5
479975,0.5
479976,0.5
479977,0.5
479978,0.5
479979,0.5
479980,0.5
479981,0.5
479982,0.5
479983,0.5
479984,0.5
479985,0.5
479986,0.5
479987,0.5
479988,0.5
479989,0.5
479990,0.5
479991,0.5
479992,0.5
479993,0.5
479994,0.5
479995,0.5
479996,0.5
479997,0.5
479998,0.5
479999,0.5
480000,0.5
480001,0.5
480002,0.5
480003,0.5
480004,0.5
480005,0.5
480006,0.5
480007,0.5
480008,0.5
480009,0.5
480010,0.5
480011,0.5
480012,0.5
480013,0.5
480014,0.5
480015,0.5
480016,0.5
480017,0.5
480018,0.5
480019,0.5
480020,0.5
480021,0.5
480022,0.5
480023,0.5
480024,0.5
480025,0.5
480026,0.5
480027,0.5
480028,0.5
480029,0.5
480030,0.5
480031,0.5
480032,0.5
480033,0.5
480034,0.5
480035,0.5
480036,0.5
480037,0.5
480038,0.5
480039,0.5
480040,0.5
480041,0.5
480042,0.5
480043,0.5
480044,0.5
480045,0.5
480046,0.5
480047,0.5
480048,0.5
480049,0.5
480050,0.5
480051,0.5
480052,0.5
480053,0.5
480054,0.5
480055,0.5
480056,0.5
480057,0.5
480058,0.5
480059,0.5
480060,0.5
480061,0.5
480062,0.5
480063,0.5
480064,0.5
480065,0.5
480066,0.5
480067,0.5
480068,0.5
480069,0.5
480070,0.5
480071,0.5
480072,0.5
480073,0.5
480074,0.5
480075,0.5
480076,0.5
480077,0.5
480078,0.5
480079,0.5
480080,0.5
480081,0.5
480082,0.5
480083,0.5
480084,0.5
480085,0.5
480086,0.5
480087,0.5
480088,0.5
480089,0.5
480090,0.5
480091,0.5
480092,0.5
480093,0.5
480094,0.5
480095,0.5
480096,0.5
480097,0.5
480098,0.5
480099,0.5
480100,0.5
480101,0.5
480102,0.5
480103,0.5
480104,0.5
480105,0.5
480106,0.5
480107,0.5
480108,0.5
480109,0.5
480110,0.5
480111,0.5
480112,0.5
480113,0.5
480114,0.5
480115,0.5
480116,0.5
480117,0.5
480118,0.5
480119,0.5
480120,0.5
480121,0.5
480122,0.5
480123,0.5
480124,0.5
480125,0.5
480126,0.5
480127,0.5
480128,0.5
480129,0.5
480130,0.5
480131,0.5
480132,0.5
480133,0.5
480134,0.5
480135,0.5
480136,0.5
480137,0.5
480138,0.5
480139,0.5
480140,0.5
480141,0.5
480142,0.5
480143,0.5
480144,0.5
480145,0.5
480146,0.5
480147,0.5
480148,0.5
480149,0.5
480150,0.5
480151,0.5
480152,0.5
480153,0.5
480154,0.5
480155,0.5
480156,0.5
480157,0.5
480158,0.5
480159,0.5
480160,0.5
480161,0.5
480162,0.5
480163,0.5
480164,0.5
480165,0.5
480166,0.5
480167,0.5
480168,0.5
480169,0.5
480170,0.5
480171,0.5
480172,0.5
480173,0.5
480174,0.5
480175,0.5
480176,0.5
480177,0.5
480178,0.5
480179,0.5
480180,0.5
480181,0.5
480182,0.5
480183,0.5
480184,0.5
480185,0.5
480186,0.5
480187,0.5
480188,0.5
480189,0.5
480190,0.5
480191,0.5
480192,0.5
480193,0.5
480194,0.5
480195,0.5
480196,0.5
480197,0.5
480198,0.5
480199,0.5
480200,0.5
480201,0.5
480202,0.5
480203,0.5
480204,0.5
480205,0.5
480206,0.5
480207,0.5
480208,0.5
480209,0.5
480210,0.5
480211,0.5
480212,0.5
480213,0.5
480214,0.5
480215,0.5
480216,0.5
480217,0.5
480218,0.5
480219,0.5
480220,0.5
480221,0.5
480222,0.5
480223,0.5
480224,0.5
480225,0.5
480226,0.5
480227,0.5
480228,0.5
480229,0.5
480230,0.5
480231,0.5
480232,0.5
480233,0.5
480234,0.5
480235,0.5
480236,0.5
480237,0.5
480238,0.5
480239,0.5
480240,0.5
480241,0.5
480242,0.5
480243,0.5
480244,0.5
480245,0.5
480246,0.5
480247,0.5
480248,0.5
480249,0.5
480250,0.5
480251,0.5
480252,0.5
480253,0.5
480254,0.5
480255,0.5
480256,0.5
480257,0.5
480258,0.5
480259,0.5
480260,0.5
480261,0.5
480262,0.5
480263,0.5
480264,0.5
480265,0.5
480266,0.5
480267,0.5
480268,0.5
480269,0.5
480270,0.5
480271,0.5
480272,0.5
480273,0.5
480274,0.5
480275,0.5
480276,0.5
480277,0.5
480278,0.5
480279,0.5
480280,0.5
480281,0.5
480282,0.5
480283,0.5
480284,0.5
480285,0.5
480286,0.5
480287,0.5
480288,0.5
480289,0.5
480290,0.5
480291,0.5
480292,0.5
480293,0.5
480294,0.5
480295,0.5
480296,0.5
480297,0.5
480298,0.5
480299,0.5
480300,0.5
480301,0.5
480302,0.5
480303,0.5
480304,0.5
480305,0.5
480306,0.5
480307,0.5
480308,0.5
480309,0.5
480310,0.5
480311,0.5
480312,0.5
480313,0.5
480314,0.5
480315,0.5
480316,0.5
480317,0.5
480318,0.5
480319,0.5
480320,0.5
480321,0.5
480322,0.5
480323,0.5
480324,0.5
480325,0.5
480326,0.5
480327,0.5
480328,0.5
480329,0.5
480330,0.5
480331,0.5
480332,0.5
480333,0.5
480334,0.5
480335,0.5
480336,0.5
480337,0.5
480338,0.5
480339,0.5
480340,0.5
480341,0.5
480342,0.5
480343,0.5
480344,0.5
480345,0.5
480346,0.5
480347,0.5
480348,0.5
480349,0.5
480350,0.5
480351,0.5
480352,0.5
480353,0.5
480354,0.5
480355,0.5
480356,0.5
480357,0.5
480358,0.5
480359,0.5
480360,0.5
480361,0.5
480362,0.5
480363,0.5
480364,0.5
480365,0.5
480366,0.5
480367,0.5
480368,0.5
480369,0.5
480370,0.5
480371,0.5
480372,0.5
480373,0.5
480374,0.5
480375,0.5
480376,0.5
480377,0.5
480378,0.5
480379,0.5
480380,0.5
480381,0.5
480382,0.5
480383,0.5
480384,0.5
480385,0.5
480386,0.5
480387,0.5
480388,0.5
480389,0.5
480390,0.5
480391,0.5
480392,0.5
480393,0.5
480394,0.5
480395,0.5
480396,0.5
480397,0.5
480398,0.5
480399,0.5
480400,0.5
480401,0.5
480402,0.5
480403,0.5
480404,0.5
480405,0.5
480406,0.5
480407,0.5
480408,0.5
480409,0.5
480410,0.5
480411,0.5
480412,0.5
480413,0.5
480414,0.5
480415,0.5
480416,0.5
480417,0.5
480418,0.5
480419,0.5
480420,0.5
480421,0.5
480422,0.5
480423,0.5
480424,0.5
480425,0.5
480426,0.5
480427,0.5
480428,0.5
480429,0.5
480430,0.5
480431,0.5
480432,0.5
480433,0.5
480434,0.5
480435,0.5
480436,0.5
480437,0.5
480438,0.5
480439,0.5
480440,0.5
480441,0.5
480442,0.5
480443,0.5
480444,0.5
480445,0.5
480446,0.5
480447,0.5
480448,0.5
480449,0.5
480450,0.5
480451,0.5
480452,0.5
480453,0.5
480454,0.5
480455,0.5
480456,0.5
480457,0.5
480458,0.5
480459,0.5
480460,0.5
480461,0.5
480462,0.5
480463,0.5
480464,0.5
480465,0.5
480466,0.5
480467,0.5
480468,0.5
480469,0.5
480470,0.5
480471,0.5
480472,0.5
480473,0.5
480474,0.5
480475,0.5
480476,0.5
480477,0.5
480478,0.5
480479,0.5
480480,0.5
480481,0.5
480482,0.5
480483,0.5
480484,0.5
480485,0.5
480486,0.5
480487,0.5
480488,0.5
480489,0.5
480490,0.5
480491,0.5
480492,0.5
480493,0.5
480494,0.5
480495,0.5
480496,0.5
480497,0.5
480498,0.5
480499,0.5
480500,0.5
480501,0.5
480502,0.5
480503,0.5
480504,0.5
480505,0.5
480506,0.5
480507,0.5
480508,0.5
480509,0.5
480510,0.5
480511,0.5
480512,0.5
480513,0.5
480514,0.5
480515,0.5
480516,0.5
480517,0.5
480518,0.5
480519,0.5
480520,0.5
480521,0.5
480522,0.5
480523,0.5
480524,0.5
480525,0.5
480526,0.5
480527,0.5
480528,0.5
480529,0.5
480530,0.5
480531,0.5
480532,0.5
480533,0.5
480534,0.5
480535,0.5
480536,0.5
480537,0.5
480538,0.5
480539,0.5
480540,0.5
480541,0.5
480542,0.5
480543,0.5
480544,0.5
480545,0.5
480546,0.5
480547,0.5
480548,0.5
480549,0.5
480550,0.5
480551,0.5
480552,0.5
480553,0.5
480554,0.5
480555,0.5
480556,0.5
480557,0.5
480558,0.5
480559,0.5
480560,0.5
480561,0.5
480562,0.5
480563,0.5
480564,0.5
480565,0.5
480566,0.5
480567,0.5
480568,0.5
480569,0.5
480570,0.5
480571,0.5
480572,0.5
480573,0.5
480574,0.5
480575,0.5
480576,0.5
480577,0.5
480578,0.5
480579,0.5
480580,0.5
480581,0.5
480582,0.5
480583,0.5
480584,0.5
480585,0.5
480586,0.5
480587,0.5
480588,0.5
480589,0.5
480590,0.5
480591,0.5
480592,0.5
480593,0.5
480594,0.5
480595,0.5
480596,0.5
480597,0.5
480598,0.5
480599,0.5
480600,0.5
480601,0.5
480602,0.5
480603,0.5
480604,0.5
480605,0.5
480606,0.5
480607,0.5
480608,0.5
480609,0.5
480610,0.5
480611,0.5
480612,0.5
480613,0.5
480614,0.5
480615,0.5
480616,0.5
480617,0.5
480618,0.5
480619,0.5
480620,0.5
480621,0.5
480622,0.5
480623,0.5
480624,0.5
480625,0.5
480626,0.5
480627,0.5
480628,0.5
480629,0.5
480630,0.5
480631,0.5
480632,0.5
480633,0.5
480634,0.5
480635,0.5
480636,0.5
480637,0.5
480638,0.5
480639,0.5
480640,0.5
480641,0.5
480642,0.5
480643,0.5
480644,0.5
480645,0.5
480646,0.5
480647,0.5
480648,0.5
480649,0.5
480650,0.5
480651,0.5
480652,0.5
480653,0.5
480654,0.5
480655,0.5
480656,0.5
480657,0.5
480658,0.5
480659,0.5
480660,0.5
480661,0.5
480662,0.5
480663,0.5
480664,0.5
480665,0.5
480666,0.5
480667,0.5
480668,0.5
480669,0.5
480670,0.5
480671,0.5
480672,0.5
480673,0.5
480674,0.5
480675,0.5
480676,0.5
480677,0.5
480678,0.5
480679,0.5
480680,0.5
480681,0.5
480682,0.5
480683,0.5
480684,0.5
480685,0.5
480686,0.5
480687,0.5
480688,0.5
480689,0.5
480690,0.5
480691,0.5
480692,0.5
480693,0.5
480694,0.5
480695,0.5
480696,0.5
480697,0.5
480698,0.5
480699,0.5
480700,0.5
480701,0.5
480702,0.5
480703,0.5
480704,0.5
480705,0.5
480706,0.5
480707,0.5
480708,0.5
480709,0.5
480710,0.5
480711,0.5
480712,0.5
480713,0.5
480714,0.5
480715,0.5
480716,0.5
480717,0.5
480718,0.5
480719,0.5
480720,0.5
480721,0.5
480722,0.5
480723,0.5
480724,0.5
480725,0.5
480726,0.5
480727,0.5
480728,0.5
480729,0.5
480730,0.5
480731,0.5
480732,0.5
480733,0.5
480734,0.5
480735,0.5
480736,0.5
480737,0.5
480738,0.5
480739,0.5
480740,0.5
480741,0.5
480742,0.5
480743,0.5
480744,0.5
480745,0.5
480746,0.5
480747,0.5
480748,0.5
480749,0.5
480750,0.5
480751,0.5
480752,0.5
480753,0.5
480754,0.5
480755,0.5
480756,0.5
480757,0.5
480758,0.5
480759,0.5
480760,0.5
480761,0.5
480762,0.5
480763,0.5
480764,0.5
480765,0.5
480766,0.5
480767,0.5
480768,0.5
480769,0.5
480770,0.5
480771,0.5
480772,0.5
480773,0.5
480774,0.5
480775,0.5
480776,0.5
480777,0.5
480778,0.5
480779,0.5
480780,0.5
480781,0.5
480782,0.5
480783,0.5
480784,0.5
480785,0.5
480786,0.5
480787,0.5
480788,0.5
480789,0.5
480790,0.5
480791,0.5
480792,0.5
480793,0.5
480794,0.5
480795,0.5
480796,0.5
480797,0.5
480798,0.5
480799,0.5
480800,0.5
480801,0.5
480802,0.5
480803,0.5
480804,0.5
480805,0.5
480806,0.5
480807,0.5
480808,0.5
480809,0.5
480810,0.5
480811,0.5
480812,0.5
480813,0.5
480814,0.5
480815,0.5
480816,0.5
480817,0.5
480818,0.5
480819,0.5
480820,0.5
480821,0.5
480822,0.5
480823,0.5
480824,0.5
480825,0.5
480826,0.5
480827,0.5
480828,0.5
480829,0.5
480830,0.5
480831,0.5
480832,0.5
480833,0.5
480834,0.5
480835,0.5
480836,0.5
480837,0.5
480838,0.5
480839,0.5
480840,0.5
480841,0.5
480842,0.5
480843,0.5
480844,0.5
480845,0.5
480846,0.5
480847,0.5
480848,0.5
480849,0.5
480850,0.5
480851,0.5
480852,0.5
480853,0.5
480854,0.5
480855,0.5
480856,0.5
480857,0.5
480858,0.5
480859,0.5
480860,0.5
480861,0.5
480862,0.5
480863,0.5
480864,0.5
480865,0.5
480866,0.5
480867,0.5
480868,0.5
480869,0.5
480870,0.5
480871,0.5
480872,0.5
480873,0.5
480874,0.5
480875,0.5
480876,0.5
480877,0.5
480878,0.5
480879,0.5
480880,0.5
480881,0.5
480882,0.5
480883,0.5
480884,0.5
480885,0.5
480886,0.5
480887,0.5
480888,0.5
480889,0.5
480890,0.5
480891,0.5
480892,0.5
480893,0.5
480894,0.5
480895,0.5
480896,0.5
480897,0.5
480898,0.5
480899,0.5
480900,0.5
480901,0.5
480902,0.5
480903,0.5
480904,0.5
480905,0.5
480906,0.5
480907,0.5
480908,0.5
480909,0.5
480910,0.5
480911,0.5
480912,0.5
480913,0.5
480914,0.5
480915,0.5
480916,0.5
480917,0.5
480918,0.5
480919,0.5
480920,0.5
480921,0.5
480922,0.5
480923,0.5
480924,0.5
480925,0.5
480926,0.5
480927,0.5
480928,0.5
480929,0.5
480930,0.5
480931,0.5
480932,0.5
480933,0.5
480934,0.5
480935,0.5
480936,0.5
480937,0.5
480938,0.5
480939,0.5
480940,0.5
480941,0.5
480942,0.5
480943,0.5
480944,0.5
480945,0.5
480946,0.5
480947,0.5
480948,0.5
480949,0.5
480950,0.5
480951,0.5
480952,0.5
480953,0.5
480954,0.5
480955,0.5
480956,0.5
480957,0.5
480958,0.5
480959,0.5
480960,0.5
480961,0.5
480962,0.5
480963,0.5
480964,0.5
480965,0.5
480966,0.5
480967,0.5
480968,0.5
480969,0.5
480970,0.5
480971,0.5
480972,0.5
480973,0.5
480974,0.5
480975,0.5
480976,0.5
480977,0.5
480978,0.5
480979,0.5
480980,0.5
480981,0.5
480982,0.5
480983,0.5
480984,0.5
480985,0.5
480986,0.5
480987,0.5
480988,0.5
480989,0.5
480990,0.5
480991,0.5
480992,0.5
480993,0.5
480994,0.5
480995,0.5
480996,0.5
480997,0.5
480998,0.5
480999,0.5
481000,0.5
481001,0.5
481002,0.5
481003,0.5
481004,0.5
481005,0.5
481006,0.5
481007,0.5
481008,0.5
481009,0.5
481010,0.5
481011,0.5
481012,0.5
481013,0.5
481014,0.5
481015,0.5
481016,0.5
481017,0.5
481018,0.5
481019,0.5
481020,0.5
481021,0.5
481022,0.5
481023,0.5
481024,0.5
481025,0.5
481026,0.5
481027,0.5
481028,0.5
481029,0.5
481030,0.5
481031,0.5
481032,0.5
481033,0.5
481034,0.5
481035,0.5
481036,0.5
481037,0.5
481038,0.5
481039,0.5
481040,0.5
481041,0.5
481042,0.5
481043,0.5
481044,0.5
481045,0.5
481046,0.5
481047,0.5
481048,0.5
481049,0.5
481050,0.5
481051,0.5
481052,0.5
481053,0.5
481054,0.5
481055,0.5
481056,0.5
481057,0.5
481058,0.5
481059,0.5
481060,0.5
481061,0.5
481062,0.5
481063,0.5
481064,0.5
481065,0.5
481066,0.5
481067,0.5
481068,0.5
481069,0.5
481070,0.5
481071,0.5
481072,0.5
481073,0.5
481074,0.5
481075,0.5
481076,0.5
481077,0.5
481078,0.5
481079,0.5
481080,0.5
481081,0.5
481082,0.5
481083,0.5
481084,0.5
481085,0.5
481086,0.5
481087,0.5
481088,0.5
481089,0.5
481090,0.5
481091,0.5
481092,0.5
481093,0.5
481094,0.5
481095,0.5
481096,0.5
481097,0.5
481098,0.5
481099,0.5
481100,0.5
481101,0.5
481102,0.5
481103,0.5
481104,0.5
481105,0.5
481106,0.5
481107,0.5
481108,0.5
481109,0.5
481110,0.5
481111,0.5
481112,0.5
481113,0.5
481114,0.5
481115,0.5
481116,0.5
481117,0.5
481118,0.5
481119,0.5
481120,0.5
481121,0.5
481122,0.5
481123,0.5
481124,0.5
481125,0.5
481126,0.5
481127,0.5
481128,0.5
481129,0.5
481130,0.5
481131,0.5
481132,0.5
481133,0.5
481134,0.5
481135,0.5
481136,0.5
481137,0.5
481138,0.5
481139,0.5
481140,0.5
481141,0.5
481142,0.5
481143,0.5
481144,0.5
481145,0.5
481146,0.5
481147,0.5
481148,0.5
481149,0.5
481150,0.5
481151,0.5
481152,0.5
481153,0.5
481154,0.5
481155,0.5
481156,0.5
481157,0.5
481158,0.5
481159,0.5
481160,0.5
481161,0.5
481162,0.5
481163,0.5
481164,0.5
481165,0.5
481166,0.5
481167,0.5
481168,0.5
481169,0.5
481170,0.5
481171,0.5
481172,0.5
481173,0.5
481174,0.5
481175,0.5
481176,0.5
481177,0.5
481178,0.5
481179,0.5
481180,0.5
481181,0.5
481182,0.5
481183,0.5
481184,0.5
481185,0.5
481186,0.5
481187,0.5
481188,0.5
481189,0.5
481190,0.5
481191,0.5
481192,0.5
481193,0.5
481194,0.5
481195,0.5
481196,0.5
481197,0.5
481198,0.5
481199,0.5
481200,0.5
481201,0.5
481202,0.5
481203,0.5
481204,0.5
481205,0.5
481206,0.5
481207,0.5
481208,0.5
481209,0.5
481210,0.5
481211,0.5
481212,0.5
481213,0.5
481214,0.5
481215,0.5
481216,0.5
481217,0.5
481218,0.5
481219,0.5
481220,0.5
481221,0.5
481222,0.5
481223,0.5
481224,0.5
481225,0.5
481226,0.5
481227,0.5
481228,0.5
481229,0.5
481230,0.5
481231,0.5
481232,0.5
481233,0.5
481234,0.5
481235,0.5
481236,0.5
481237,0.5
481238,0.5
481239,0.5
481240,0.5
481241,0.5
481242,0.5
481243,0.5
481244,0.5
481245,0.5
481246,0.5
481247,0.5
481248,0.5
481249,0.5
481250,0.5
481251,0.5
481252,0.5
481253,0.5
481254,0.5
481255,0.5
481256,0.5
481257,0.5
481258,0.5
481259,0.5
481260,0.5
481261,0.5
481262,0.5
481263,0.5
481264,0.5
481265,0.5
481266,0.5
481267,0.5
481268,0.5
481269,0.5
481270,0.5
481271,0.5
481272,0.5
481273,0.5
481274,0.5
481275,0.5
481276,0.5
481277,0.5
481278,0.5
481279,0.5
481280,0.5
481281,0.5
481282,0.5
481283,0.5
481284,0.5
481285,0.5
481286,0.5
481287,0.5
481288,0.5
481289,0.5
481290,0.5
481291,0.5
481292,0.5
481293,0.5
481294,0.5
481295,0.5
481296,0.5
481297,0.5
481298,0.5
481299,0.5
481300,0.5
481301,0.5
481302,0.5
481303,0.5
481304,0.5
481305,0.5
481306,0.5
481307,0.5
481308,0.5
481309,0.5
481310,0.5
481311,0.5
481312,0.5
481313,0.5
481314,0.5
481315,0.5
481316,0.5
481317,0.5
481318,0.5
481319,0.5
481320,0.5
481321,0.5
481322,0.5
481323,0.5
481324,0.5
481325,0.5
481326,0.5
481327,0.5
481328,0.5
481329,0.5
481330,0.5
481331,0.5
481332,0.5
481333,0.5
481334,0.5
481335,0.5
481336,0.5
481337,0.5
481338,0.5
481339,0.5
481340,0.5
481341,0.5
481342,0.5
481343,0.5
481344,0.5
481345,0.5
481346,0.5
481347,0.5
481348,0.5
481349,0.5
481350,0.5
481351,0.5
481352,0.5
481353,0.5
481354,0.5
481355,0.5
481356,0.5
481357,0.5
481358,0.5
481359,0.5
481360,0.5
481361,0.5
481362,0.5
481363,0.5
481364,0.5
481365,0.5
481366,0.5
481367,0.5
481368,0.5
481369,0.5
481370,0.5
481371,0.5
481372,0.5
481373,0.5
481374,0.5
481375,0.5
481376,0.5
481377,0.5
481378,0.5
481379,0.5
481380,0.5
481381,0.5
481382,0.5
481383,0.5
481384,0.5
481385,0.5
481386,0.5
481387,0.5
481388,0.5
481389,0.5
481390,0.5
481391,0.5
481392,0.5
481393,0.5
481394,0.5
481395,0.5
481396,0.5
481397,0.5
481398,0.5
481399,0.5
481400,0.5
481401,0.5
481402,0.5
481403,0.5
481404,0.5
481405,0.5
481406,0.5
481407,0.5
481408,0.5
481409,0.5
481410,0.5
481411,0.5
481412,0.5
481413,0.5
481414,0.5
481415,0.5
481416,0.5
481417,0.5
481418,0.5
481419,0.5
481420,0.5
481421,0.5
481422,0.5
481423,0.5
481424,0.5
481425,0.5
481426,0.5
481427,0.5
481428,0.5
481429,0.5
481430,0.5
481431,0.5
481432,0.5
481433,0.5
481434,0.5
481435,0.5
481436,0.5
481437,0.5
481438,0.5
481439,0.5
481440,0.5
481441,0.5
481442,0.5
481443,0.5
481444,0.5
481445,0.5
481446,0.5
481447,0.5
481448,0.5
481449,0.5
481450,0.5
481451,0.5
481452,0.5
481453,0.5
481454,0.5
481455,0.5
481456,0.5
481457,0.5
481458,0.5
481459,0.5
481460,0.5
481461,0.5
481462,0.5
481463,0.5
481464,0.5
481465,0.5
481466,0.5
481467,0.5
481468,0.5
481469,0.5
481470,0.5
481471,0.5
481472,0.5
481473,0.5
481474,0.5
481475,0.5
481476,0.5
481477,0.5
481478,0.5
481479,0.5
481480,0.5
481481,0.5
481482,0.5
481483,0.5
481484,0.5
481485,0.5
481486,0.5
481487,0.5
481488,0.5
481489,0.5
481490,0.5
481491,0.5
481492,0.5
481493,0.5
481494,0.5
481495,0.5
481496,0.5
481497,0.5
481498,0.5
481499,0.5
481500,0.5
481501,0.5
481502,0.5
481503,0.5
481504,0.5
481505,0.5
481506,0.5
481507,0.5
481508,0.5
481509,0.5
481510,0.5
481511,0.5
481512,0.5
481513,0.5
481514,0.5
481515,0.5
481516,0.5
481517,0.5
481518,0.5
481519,0.5
481520,0.5
481521,0.5
481522,0.5
481523,0.5
481524,0.5
481525,0.5
481526,0.5
481527,0.5
481528,0.5
481529,0.5
481530,0.5
481531,0.5
481532,0.5
481533,0.5
481534,0.5
481535,0.5
481536,0.5
481537,0.5
481538,0.5
481539,0.5
481540,0.5
481541,0.5
481542,0.5
481543,0.5
481544,0.5
481545,0.5
481546,0.5
481547,0.5
481548,0.5
481549,0.5
481550,0.5
481551,0.5
481552,0.5
481553,0.5
481554,0.5
481555,0.5
481556,0.5
481557,0.5
481558,0.5
481559,0.5
481560,0.5
481561,0.5
481562,0.5
481563,0.5
481564,0.5
481565,0.5
481566,0.5
481567,0.5
481568,0.5
481569,0.5
481570,0.5
481571,0.5
481572,0.5
481573,0.5
481574,0.5
481575,0.5
481576,0.5
481577,0.5
481578,0.5
481579,0.5
481580,0.5
481581,0.5
481582,0.5
481583,0.5
481584,0.5
481585,0.5
481586,0.5
481587,0.5
481588,0.5
481589,0.5
481590,0.5
481591,0.5
481592,0.5
481593,0.5
481594,0.5
481595,0.5
481596,0.5
481597,0.5
481598,0.5
481599,0.5
481600,0.5
481601,0.5
481602,0.5
481603,0.5
481604,0.5
481605,0.5
481606,0.5
481607,0.5
481608,0.5
481609,0.5
481610,0.5
481611,0.5
481612,0.5
481613,0.5
481614,0.5
481615,0.5
481616,0.5
481617,0.5
481618,0.5
481619,0.5
481620,0.5
481621,0.5
481622,0.5
481623,0.5
481624,0.5
481625,0.5
481626,0.5
481627,0.5
481628,0.5
481629,0.5
481630,0.5
481631,0.5
481632,0.5
481633,0.5
481634,0.5
481635,0.5
481636,0.5
481637,0.5
481638,0.5
481639,0.5
481640,0.5
481641,0.5
481642,0.5
481643,0.5
481644,0.5
481645,0.5
481646,0.5
481647,0.5
481648,0.5
481649,0.5
481650,0.5
481651,0.5
481652,0.5
481653,0.5
481654,0.5
481655,0.5
481656,0.5
481657,0.5
481658,0.5
481659,0.5
481660,0.5
481661,0.5
481662,0.5
481663,0.5
481664,0.5
481665,0.5
481666,0.5
481667,0.5
481668,0.5
481669,0.5
481670,0.5
481671,0.5
481672,0.5
481673,0.5
481674,0.5
481675,0.5
481676,0.5
481677,0.5
481678,0.5
481679,0.5
481680,0.5
481681,0.5
481682,0.5
481683,0.5
481684,0.5
481685,0.5
481686,0.5
481687,0.5
481688,0.5
481689,0.5
481690,0.5
481691,0.5
481692,0.5
481693,0.5
481694,0.5
481695,0.5
481696,0.5
481697,0.5
481698,0.5
481699,0.5
481700,0.5
481701,0.5
481702,0.5
481703,0.5
481704,0.5
481705,0.5
481706,0.5
481707,0.5
481708,0.5
481709,0.5
481710,0.5
481711,0.5
481712,0.5
481713,0.5
481714,0.5
481715,0.5
481716,0.5
481717,0.5
481718,0.5
481719,0.5
481720,0.5
481721,0.5
481722,0.5
481723,0.5
481724,0.5
481725,0.5
481726,0.5
481727,0.5
481728,0.5
481729,0.5
481730,0.5
481731,0.5
481732,0.5
481733,0.5
481734,0.5
481735,0.5
481736,0.5
481737,0.5
481738,0.5
481739,0.5
481740,0.5
481741,0.5
481742,0.5
481743,0.5
481744,0.5
481745,0.5
481746,0.5
481747,0.5
481748,0.5
481749,0.5
481750,0.5
481751,0.5
481752,0.5
481753,0.5
481754,0.5
481755,0.5
481756,0.5
481757,0.5
481758,0.5
481759,0.5
481760,0.5
481761,0.5
481762,0.5
481763,0.5
481764,0.5
481765,0.5
481766,0.5
481767,0.5
481768,0.5
481769,0.5
481770,0.5
481771,0.5
481772,0.5
481773,0.5
481774,0.5
481775,0.5
481776,0.5
481777,0.5
481778,0.5
481779,0.5
481780,0.5
481781,0.5
481782,0.5
481783,0.5
481784,0.5
481785,0.5
481786,0.5
481787,0.5
481788,0.5
481789,0.5
481790,0.5
481791,0.5
481792,0.5
481793,0.5
481794,0.5
481795,0.5
481796,0.5
481797,0.5
481798,0.5
481799,0.5
481800,0.5
481801,0.5
481802,0.5
481803,0.5
481804,0.5
481805,0.5
481806,0.5
481807,0.5
481808,0.5
481809,0.5
481810,0.5
481811,0.5
481812,0.5
481813,0.5
481814,0.5
481815,0.5
481816,0.5
481817,0.5
481818,0.5
481819,0.5
481820,0.5
481821,0.5
481822,0.5
481823,0.5
481824,0.5
481825,0.5
481826,0.5
481827,0.5
481828,0.5
481829,0.5
481830,0.5
481831,0.5
481832,0.5
481833,0.5
481834,0.5
481835,0.5
481836,0.5
481837,0.5
481838,0.5
481839,0.5
481840,0.5
481841,0.5
481842,0.5
481843,0.5
481844,0.5
481845,0.5
481846,0.5
481847,0.5
481848,0.5
481849,0.5
481850,0.5
481851,0.5
481852,0.5
481853,0.5
481854,0.5
481855,0.5
481856,0.5
481857,0.5
481858,0.5
481859,0.5
481860,0.5
481861,0.5
481862,0.5
481863,0.5
481864,0.5
481865,0.5
481866,0.5
481867,0.5
481868,0.5
481869,0.5
481870,0.5
481871,0.5
481872,0.5
481873,0.5
481874,0.5
481875,0.5
481876,0.5
481877,0.5
481878,0.5
481879,0.5
481880,0.5
481881,0.5
481882,0.5
481883,0.5
481884,0.5
481885,0.5
481886,0.5
481887,0.5
481888,0.5
481889,0.5
481890,0.5
481891,0.5
481892,0.5
481893,0.5
481894,0.5
481895,0.5
481896,0.5
481897,0.5
481898,0.5
481899,0.5
481900,0.5
481901,0.5
481902,0.5
481903,0.5
481904,0.5
481905,0.5
481906,0.5
481907,0.5
481908,0.5
481909,0.5
481910,0.5
481911,0.5
481912,0.5
481913,0.5
481914,0.5
481915,0.5
481916,0.5
481917,0.5
481918,0.5
481919,0.5
481920,0.5
481921,0.5
481922,0.5
481923,0.5
481924,0.5
481925,0.5
481926,0.5
481927,0.5
481928,0.5
481929,0.5
481930,0.5
481931,0.5
481932,0.5
481933,0.5
481934,0.5
481935,0.5
481936,0.5
481937,0.5
481938,0.5
481939,0.5
481940,0.5
481941,0.5
481942,0.5
481943,0.5
481944,0.5
481945,0.5
481946,0.5
481947,0.5
481948,0.5
481949,0.5
481950,0.5
481951,0.5
481952,0.5
481953,0.5
481954,0.5
481955,0.5
481956,0.5
481957,0.5
481958,0.5
481959,0.5
481960,0.5
481961,0.5
481962,0.5
481963,0.5
481964,0.5
481965,0.5
481966,0.5
481967,0.5
481968,0.5
481969,0.5
481970,0.5
481971,0.5
481972,0.5
481973,0.5
481974,0.5
481975,0.5
481976,0.5
481977,0.5
481978,0.5
481979,0.5
481980,0.5
481981,0.5
481982,0.5
481983,0.5
481984,0.5
481985,0.5
481986,0.5
481987,0.5
481988,0.5
481989,0.5
481990,0.5
481991,0.5
481992,0.5
481993,0.5
481994,0.5
481995,0.5
481996,0.5
481997,0.5
481998,0.5
481999,0.5
482000,0.5
482001,0.5
482002,0.5
482003,0.5
482004,0.5
482005,0.5
482006,0.5
482007,0.5
482008,0.5
482009,0.5
482010,0.5
482011,0.5
482012,0.5
482013,0.5
482014,0.5
482015,0.5
482016,0.5
482017,0.5
482018,0.5
482019,0.5
482020,0.5
482021,0.5
482022,0.5
482023,0.5
482024,0.5
482025,0.5
482026,0.5
482027,0.5
482028,0.5
482029,0.5
482030,0.5
482031,0.5
482032,0.5
482033,0.5
482034,0.5
482035,0.5
482036,0.5
482037,0.5
482038,0.5
482039,0.5
482040,0.5
482041,0.5
482042,0.5
482043,0.5
482044,0.5
482045,0.5
482046,0.5
482047,0.5
482048,0.5
482049,0.5
482050,0.5
482051,0.5
482052,0.5
482053,0.5
482054,0.5
482055,0.5
482056,0.5
482057,0.5
482058,0.5
482059,0.5
482060,0.5
482061,0.5
482062,0.5
482063,0.5
482064,0.5
482065,0.5
482066,0.5
482067,0.5
482068,0.5
482069,0.5
482070,0.5
482071,0.5
482072,0.5
482073,0.5
482074,0.5
482075,0.5
482076,0.5
482077,0.5
482078,0.5
482079,0.5
482080,0.5
482081,0.5
482082,0.5
482083,0.5
482084,0.5
482085,0.5
482086,0.5
482087,0.5
482088,0.5
482089,0.5
482090,0.5
482091,0.5
482092,0.5
482093,0.5
482094,0.5
482095,0.5
482096,0.5
482097,0.5
482098,0.5
482099,0.5
482100,0.5
482101,0.5
482102,0.5
482103,0.5
482104,0.5
482105,0.5
482106,0.5
482107,0.5
482108,0.5
482109,0.5
482110,0.5
482111,0.5
482112,0.5
482113,0.5
482114,0.5
482115,0.5
482116,0.5
482117,0.5
482118,0.5
482119,0.5
482120,0.5
482121,0.5
482122,0.5
482123,0.5
482124,0.5
482125,0.5
482126,0.5
482127,0.5
482128,0.5
482129,0.5
482130,0.5
482131,0.5
482132,0.5
482133,0.5
482134,0.5
482135,0.5
482136,0.5
482137,0.5
482138,0.5
482139,0.5
482140,0.5
482141,0.5
482142,0.5
482143,0.5
482144,0.5
482145,0.5
482146,0.5
482147,0.5
482148,0.5
482149,0.5
482150,0.5
482151,0.5
482152,0.5
482153,0.5
482154,0.5
482155,0.5
482156,0.5
482157,0.5
482158,0.5
482159,0.5
482160,0.5
482161,0.5
482162,0.5
482163,0.5
482164,0.5
482165,0.5
482166,0.5
482167,0.5
482168,0.5
482169,0.5
482170,0.5
482171,0.5
482172,0.5
482173,0.5
482174,0.5
482175,0.5
482176,0.5
482177,0.5
482178,0.5
482179,0.5
482180,0.5
482181,0.5
482182,0.5
482183,0.5
482184,0.5
482185,0.5
482186,0.5
482187,0.5
482188,0.5
482189,0.5
482190,0.5
482191,0.5
482192,0.5
482193,0.5
482194,0.5
482195,0.5
482196,0.5
482197,0.5
482198,0.5
482199,0.5
482200,0.5
482201,0.5
482202,0.5
482203,0.5
482204,0.5
482205,0.5
482206,0.5
482207,0.5
482208,0.5
482209,0.5
482210,0.5
482211,0.5
482212,0.5
482213,0.5
482214,0.5
482215,0.5
482216,0.5
482217,0.5
482218,0.5
482219,0.5
482220,0.5
482221,0.5
482222,0.5
482223,0.5
482224,0.5
482225,0.5
482226,0.5
482227,0.5
482228,0.5
482229,0.5
482230,0.5
482231,0.5
482232,0.5
482233,0.5
482234,0.5
482235,0.5
482236,0.5
482237,0.5
482238,0.5
482239,0.5
482240,0.5
482241,0.5
482242,0.5
482243,0.5
482244,0.5
482245,0.5
482246,0.5
482247,0.5
482248,0.5
482249,0.5
482250,0.5
482251,0.5
482252,0.5
482253,0.5
482254,0.5
482255,0.5
482256,0.5
482257,0.5
482258,0.5
482259,0.5
482260,0.5
482261,0.5
482262,0.5
482263,0.5
482264,0.5
482265,0.5
482266,0.5
482267,0.5
482268,0.5
482269,0.5
482270,0.5
482271,0.5
482272,0.5
482273,0.5
482274,0.5
482275,0.5
482276,0.5
482277,0.5
482278,0.5
482279,0.5
482280,0.5
482281,0.5
482282,0.5
482283,0.5
482284,0.5
482285,0.5
482286,0.5
482287,0.5
482288,0.5
482289,0.5
482290,0.5
482291,0.5
482292,0.5
482293,0.5
482294,0.5
482295,0.5
482296,0.5
482297,0.5
482298,0.5
482299,0.5
482300,0.5
482301,0.5
482302,0.5
482303,0.5
482304,0.5
482305,0.5
482306,0.5
482307,0.5
482308,0.5
482309,0.5
482310,0.5
482311,0.5
482312,0.5
482313,0.5
482314,0.5
482315,0.5
482316,0.5
482317,0.5
482318,0.5
482319,0.5
482320,0.5
482321,0.5
482322,0.5
482323,0.5
482324,0.5
482325,0.5
482326,0.5
482327,0.5
482328,0.5
482329,0.5
482330,0.5
482331,0.5
482332,0.5
482333,0.5
482334,0.5
482335,0.5
482336,0.5
482337,0.5
482338,0.5
482339,0.5
482340,0.5
482341,0.5
482342,0.5
482343,0.5
482344,0.5
482345,0.5
482346,0.5
482347,0.5
482348,0.5
482349,0.5
482350,0.5
482351,0.5
482352,0.5
482353,0.5
482354,0.5
482355,0.5
482356,0.5
482357,0.5
482358,0.5
482359,0.5
482360,0.5
482361,0.5
482362,0.5
482363,0.5
482364,0.5
482365,0.5
482366,0.5
482367,0.5
482368,0.5
482369,0.5
482370,0.5
482371,0.5
482372,0.5
482373,0.5
482374,0.5
482375,0.5
482376,0.5
482377,0.5
482378,0.5
482379,0.5
482380,0.5
482381,0.5
482382,0.5
482383,0.5
482384,0.5
482385,0.5
482386,0.5
482387,0.5
482388,0.5
482389,0.5
482390,0.5
482391,0.5
482392,0.5
482393,0.5
482394,0.5
482395,0.5
482396,0.5
482397,0.5
482398,0.5
482399,0.5
482400,0.5
482401,0.5
482402,0.5
482403,0.5
482404,0.5
482405,0.5
482406,0.5
482407,0.5
482408,0.5
482409,0.5
482410,0.5
482411,0.5
482412,0.5
482413,0.5
482414,0.5
482415,0.5
482416,0.5
482417,0.5
482418,0.5
482419,0.5
482420,0.5
482421,0.5
482422,0.5
482423,0.5
482424,0.5
482425,0.5
482426,0.5
482427,0.5
482428,0.5
482429,0.5
482430,0.5
482431,0.5
482432,0.5
482433,0.5
482434,0.5
482435,0.5
482436,0.5
482437,0.5
482438,0.5
482439,0.5
482440,0.5
482441,0.5
482442,0.5
482443,0.5
482444,0.5
482445,0.5
482446,0.5
482447,0.5
482448,0.5
482449,0.5
482450,0.5
482451,0.5
482452,0.5
482453,0.5
482454,0.5
482455,0.5
482456,0.5
482457,0.5
482458,0.5
482459,0.5
482460,0.5
482461,0.5
482462,0.5
482463,0.5
482464,0.5
482465,0.5
482466,0.5
482467,0.5
482468,0.5
482469,0.5
482470,0.5
482471,0.5
482472,0.5
482473,0.5
482474,0.5
482475,0.5
482476,0.5
482477,0.5
482478,0.5
482479,0.5
482480,0.5
482481,0.5
482482,0.5
482483,0.5
482484,0.5
482485,0.5
482486,0.5
482487,0.5
482488,0.5
482489,0.5
482490,0.5
482491,0.5
482492,0.5
482493,0.5
482494,0.5
482495,0.5
482496,0.5
482497,0.5
482498,0.5
482499,0.5
482500,0.5
482501,0.5
482502,0.5
482503,0.5
482504,0.5
482505,0.5
482506,0.5
482507,0.5
482508,0.5
482509,0.5
482510,0.5
482511,0.5
482512,0.5
482513,0.5
482514,0.5
482515,0.5
482516,0.5
482517,0.5
482518,0.5
482519,0.5
482520,0.5
482521,0.5
482522,0.5
482523,0.5
482524,0.5
482525,0.5
482526,0.5
482527,0.5
482528,0.5
482529,0.5
482530,0.5
482531,0.5
482532,0.5
482533,0.5
482534,0.5
482535,0.5
482536,0.5
482537,0.5
482538,0.5
482539,0.5
482540,0.5
482541,0.5
482542,0.5
482543,0.5
482544,0.5
482545,0.5
482546,0.5
482547,0.5
482548,0.5
482549,0.5
482550,0.5
482551,0.5
482552,0.5
482553,0.5
482554,0.5
482555,0.5
482556,0.5
482557,0.5
482558,0.5
482559,0.5
482560,0.5
482561,0.5
482562,0.5
482563,0.5
482564,0.5
482565,0.5
482566,0.5
482567,0.5
482568,0.5
482569,0.5
482570,0.5
482571,0.5
482572,0.5
482573,0.5
482574,0.5
482575,0.5
482576,0.5
482577,0.5
482578,0.5
482579,0.5
482580,0.5
482581,0.5
482582,0.5
482583,0.5
482584,0.5
482585,0.5
482586,0.5
482587,0.5
482588,0.5
482589,0.5
482590,0.5
482591,0.5
482592,0.5
482593,0.5
482594,0.5
482595,0.5
482596,0.5
482597,0.5
482598,0.5
482599,0.5
482600,0.5
482601,0.5
482602,0.5
482603,0.5
482604,0.5
482605,0.5
482606,0.5
482607,0.5
482608,0.5
482609,0.5
482610,0.5
482611,0.5
482612,0.5
482613,0.5
482614,0.5
482615,0.5
482616,0.5
482617,0.5
482618,0.5
482619,0.5
482620,0.5
482621,0.5
482622,0.5
482623,0.5
482624,0.5
482625,0.5
482626,0.5
482627,0.5
482628,0.5
482629,0.5
482630,0.5
482631,0.5
482632,0.5
482633,0.5
482634,0.5
482635,0.5
482636,0.5
482637,0.5
482638,0.5
482639,0.5
482640,0.5
482641,0.5
482642,0.5
482643,0.5
482644,0.5
482645,0.5
482646,0.5
482647,0.5
482648,0.5
482649,0.5
482650,0.5
482651,0.5
482652,0.5
482653,0.5
482654,0.5
482655,0.5
482656,0.5
482657,0.5
482658,0.5
482659,0.5
482660,0.5
482661,0.5
482662,0.5
482663,0.5
482664,0.5
482665,0.5
482666,0.5
482667,0.5
482668,0.5
482669,0.5
482670,0.5
482671,0.5
482672,0.5
482673,0.5
482674,0.5
482675,0.5
482676,0.5
482677,0.5
482678,0.5
482679,0.5
482680,0.5
482681,0.5
482682,0.5
482683,0.5
482684,0.5
482685,0.5
482686,0.5
482687,0.5
482688,0.5
482689,0.5
482690,0.5
482691,0.5
482692,0.5
482693,0.5
482694,0.5
482695,0.5
482696,0.5
482697,0.5
482698,0.5
482699,0.5
482700,0.5
482701,0.5
482702,0.5
482703,0.5
482704,0.5
482705,0.5
482706,0.5
482707,0.5
482708,0.5
482709,0.5
482710,0.5
482711,0.5
482712,0.5
482713,0.5
482714,0.5
482715,0.5
482716,0.5
482717,0.5
482718,0.5
482719,0.5
482720,0.5
482721,0.5
482722,0.5
482723,0.5
482724,0.5
482725,0.5
482726,0.5
482727,0.5
482728,0.5
482729,0.5
482730,0.5
482731,0.5
482732,0.5
482733,0.5
482734,0.5
482735,0.5
482736,0.5
482737,0.5
482738,0.5
482739,0.5
482740,0.5
482741,0.5
482742,0.5
482743,0.5
482744,0.5
482745,0.5
482746,0.5
482747,0.5
482748,0.5
482749,0.5
482750,0.5
482751,0.5
482752,0.5
482753,0.5
482754,0.5
482755,0.5
482756,0.5
482757,0.5
482758,0.5
482759,0.5
482760,0.5
482761,0.5
482762,0.5
482763,0.5
482764,0.5
482765,0.5
482766,0.5
482767,0.5
482768,0.5
482769,0.5
482770,0.5
482771,0.5
482772,0.5
482773,0.5
482774,0.5
482775,0.5
482776,0.5
482777,0.5
482778,0.5
482779,0.5
482780,0.5
482781,0.5
482782,0.5
482783,0.5
482784,0.5
482785,0.5
482786,0.5
482787,0.5
482788,0.5
482789,0.5
482790,0.5
482791,0.5
482792,0.5
482793,0.5
482794,0.5
482795,0.5
482796,0.5
482797,0.5
482798,0.5
482799,0.5
482800,0.5
482801,0.5
482802,0.5
482803,0.5
482804,0.5
482805,0.5
482806,0.5
482807,0.5
482808,0.5
482809,0.5
482810,0.5
482811,0.5
482812,0.5
482813,0.5
482814,0.5
482815,0.5
482816,0.5
482817,0.5
482818,0.5
482819,0.5
482820,0.5
482821,0.5
482822,0.5
482823,0.5
482824,0.5
482825,0.5
482826,0.5
482827,0.5
482828,0.5
482829,0.5
482830,0.5
482831,0.5
482832,0.5
482833,0.5
482834,0.5
482835,0.5
482836,0.5
482837,0.5
482838,0.5
482839,0.5
482840,0.5
482841,0.5
482842,0.5
482843,0.5
482844,0.5
482845,0.5
482846,0.5
482847,0.5
482848,0.5
482849,0.5
482850,0.5
482851,0.5
482852,0.5
482853,0.5
482854,0.5
482855,0.5
482856,0.5
482857,0.5
482858,0.5
482859,0.5
482860,0.5
482861,0.5
482862,0.5
482863,0.5
482864,0.5
482865,0.5
482866,0.5
482867,0.5
482868,0.5
482869,0.5
482870,0.5
482871,0.5
482872,0.5
482873,0.5
482874,0.5
482875,0.5
482876,0.5
482877,0.5
482878,0.5
482879,0.5
482880,0.5
482881,0.5
482882,0.5
482883,0.5
482884,0.5
482885,0.5
482886,0.5
482887,0.5
482888,0.5
482889,0.5
482890,0.5
482891,0.5
482892,0.5
482893,0.5
482894,0.5
482895,0.5
482896,0.5
482897,0.5
482898,0.5
482899,0.5
482900,0.5
482901,0.5
482902,0.5
482903,0.5
482904,0.5
482905,0.5
482906,0.5
482907,0.5
482908,0.5
482909,0.5
482910,0.5
482911,0.5
482912,0.5
482913,0.5
482914,0.5
482915,0.5
482916,0.5
482917,0.5
482918,0.5
482919,0.5
482920,0.5
482921,0.5
482922,0.5
482923,0.5
482924,0.5
482925,0.5
482926,0.5
482927,0.5
482928,0.5
482929,0.5
482930,0.5
482931,0.5
482932,0.5
482933,0.5
482934,0.5
482935,0.5
482936,0.5
482937,0.5
482938,0.5
482939,0.5
482940,0.5
482941,0.5
482942,0.5
482943,0.5
482944,0.5
482945,0.5
482946,0.5
482947,0.5
482948,0.5
482949,0.5
482950,0.5
482951,0.5
482952,0.5
482953,0.5
482954,0.5
482955,0.5
482956,0.5
482957,0.5
482958,0.5
482959,0.5
482960,0.5
482961,0.5
482962,0.5
482963,0.5
482964,0.5
482965,0.5
482966,0.5
482967,0.5
482968,0.5
482969,0.5
482970,0.5
482971,0.5
482972,0.5
482973,0.5
482974,0.5
482975,0.5
482976,0.5
482977,0.5
482978,0.5
482979,0.5
482980,0.5
482981,0.5
482982,0.5
482983,0.5
482984,0.5
482985,0.5
482986,0.5
482987,0.5
482988,0.5
482989,0.5
482990,0.5
482991,0.5
482992,0.5
482993,0.5
482994,0.5
482995,0.5
482996,0.5
482997,0.5
482998,0.5
482999,0.5
483000,0.5
483001,0.5
483002,0.5
483003,0.5
483004,0.5
483005,0.5
483006,0.5
483007,0.5
483008,0.5
483009,0.5
483010,0.5
483011,0.5
483012,0.5
483013,0.5
483014,0.5
483015,0.5
483016,0.5
483017,0.5
483018,0.5
483019,0.5
483020,0.5
483021,0.5
483022,0.5
483023,0.5
483024,0.5
483025,0.5
483026,0.5
483027,0.5
483028,0.5
483029,0.5
483030,0.5
483031,0.5
483032,0.5
483033,0.5
483034,0.5
483035,0.5
483036,0.5
483037,0.5
483038,0.5
483039,0.5
483040,0.5
483041,0.5
483042,0.5
483043,0.5
483044,0.5
483045,0.5
483046,0.5
483047,0.5
483048,0.5
483049,0.5
483050,0.5
483051,0.5
483052,0.5
483053,0.5
483054,0.5
483055,0.5
483056,0.5
483057,0.5
483058,0.5
483059,0.5
483060,0.5
483061,0.5
483062,0.5
483063,0.5
483064,0.5
483065,0.5
483066,0.5
483067,0.5
483068,0.5
483069,0.5
483070,0.5
483071,0.5
483072,0.5
483073,0.5
483074,0.5
483075,0.5
483076,0.5
483077,0.5
483078,0.5
483079,0.5
483080,0.5
483081,0.5
483082,0.5
483083,0.5
483084,0.5
483085,0.5
483086,0.5
483087,0.5
483088,0.5
483089,0.5
483090,0.5
483091,0.5
483092,0.5
483093,0.5
483094,0.5
483095,0.5
483096,0.5
483097,0.5
483098,0.5
483099,0.5
483100,0.5
483101,0.5
483102,0.5
483103,0.5
483104,0.5
483105,0.5
483106,0.5
483107,0.5
483108,0.5
483109,0.5
483110,0.5
483111,0.5
483112,0.5
483113,0.5
483114,0.5
483115,0.5
483116,0.5
483117,0.5
483118,0.5
483119,0.5
483120,0.5
483121,0.5
483122,0.5
483123,0.5
483124,0.5
483125,0.5
483126,0.5
483127,0.5
483128,0.5
483129,0.5
483130,0.5
483131,0.5
483132,0.5
483133,0.5
483134,0.5
483135,0.5
483136,0.5
483137,0.5
483138,0.5
483139,0.5
483140,0.5
483141,0.5
483142,0.5
483143,0.5
483144,0.5
483145,0.5
483146,0.5
483147,0.5
483148,0.5
483149,0.5
483150,0.5
483151,0.5
483152,0.5
483153,0.5
483154,0.5
483155,0.5
483156,0.5
483157,0.5
483158,0.5
483159,0.5
483160,0.5
483161,0.5
483162,0.5
483163,0.5
483164,0.5
483165,0.5
483166,0.5
483167,0.5
483168,0.5
483169,0.5
483170,0.5
483171,0.5
483172,0.5
483173,0.5
483174,0.5
483175,0.5
483176,0.5
483177,0.5
483178,0.5
483179,0.5
483180,0.5
483181,0.5
483182,0.5
483183,0.5
483184,0.5
483185,0.5
483186,0.5
483187,0.5
483188,0.5
483189,0.5
483190,0.5
483191,0.5
483192,0.5
483193,0.5
483194,0.5
483195,0.5
483196,0.5
483197,0.5
483198,0.5
483199,0.5
483200,0.5
483201,0.5
483202,0.5
483203,0.5
483204,0.5
483205,0.5
483206,0.5
483207,0.5
483208,0.5
483209,0.5
483210,0.5
483211,0.5
483212,0.5
483213,0.5
483214,0.5
483215,0.5
483216,0.5
483217,0.5
483218,0.5
483219,0.5
483220,0.5
483221,0.5
483222,0.5
483223,0.5
483224,0.5
483225,0.5
483226,0.5
483227,0.5
483228,0.5
483229,0.5
483230,0.5
483231,0.5
483232,0.5
483233,0.5
483234,0.5
483235,0.5
483236,0.5
483237,0.5
483238,0.5
483239,0.5
483240,0.5
483241,0.5
483242,0.5
483243,0.5
483244,0.5
483245,0.5
483246,0.5
483247,0.5
483248,0.5
483249,0.5
483250,0.5
483251,0.5
483252,0.5
483253,0.5
483254,0.5
483255,0.5
483256,0.5
483257,0.5
483258,0.5
483259,0.5
483260,0.5
483261,0.5
483262,0.5
483263,0.5
483264,0.5
483265,0.5
483266,0.5
483267,0.5
483268,0.5
483269,0.5
483270,0.5
483271,0.5
483272,0.5
483273,0.5
483274,0.5
483275,0.5
483276,0.5
483277,0.5
483278,0.5
483279,0.5
483280,0.5
483281,0.5
483282,0.5
483283,0.5
483284,0.5
483285,0.5
483286,0.5
483287,0.5
483288,0.5
483289,0.5
483290,0.5
483291,0.5
483292,0.5
483293,0.5
483294,0.5
483295,0.5
483296,0.5
483297,0.5
483298,0.5
483299,0.5
483300,0.5
483301,0.5
483302,0.5
483303,0.5
483304,0.5
483305,0.5
483306,0.5
483307,0.5
483308,0.5
483309,0.5
483310,0.5
483311,0.5
483312,0.5
483313,0.5
483314,0.5
483315,0.5
483316,0.5
483317,0.5
483318,0.5
483319,0.5
483320,0.5
483321,0.5
483322,0.5
483323,0.5
483324,0.5
483325,0.5
483326,0.5
483327,0.5
483328,0.5
483329,0.5
483330,0.5
483331,0.5
483332,0.5
483333,0.5
483334,0.5
483335,0.5
483336,0.5
483337,0.5
483338,0.5
483339,0.5
483340,0.5
483341,0.5
483342,0.5
483343,0.5
483344,0.5
483345,0.5
483346,0.5
483347,0.5
483348,0.5
483349,0.5
483350,0.5
483351,0.5
483352,0.5
483353,0.5
483354,0.5
483355,0.5
483356,0.5
483357,0.5
483358,0.5
483359,0.5
483360,0.5
483361,0.5
483362,0.5
483363,0.5
483364,0.5
483365,0.5
483366,0.5
483367,0.5
483368,0.5
483369,0.5
483370,0.5
483371,0.5
483372,0.5
483373,0.5
483374,0.5
483375,0.5
483376,0.5
483377,0.5
483378,0.5
483379,0.5
483380,0.5
483381,0.5
483382,0.5
483383,0.5
483384,0.5
483385,0.5
483386,0.5
483387,0.5
483388,0.5
483389,0.5
483390,0.5
483391,0.5
483392,0.5
483393,0.5
483394,0.5
483395,0.5
483396,0.5
483397,0.5
483398,0.5
483399,0.5
483400,0.5
483401,0.5
483402,0.5
483403,0.5
483404,0.5
483405,0.5
483406,0.5
483407,0.5
483408,0.5
483409,0.5
483410,0.5
483411,0.5
483412,0.5
483413,0.5
483414,0.5
483415,0.5
483416,0.5
483417,0.5
483418,0.5
483419,0.5
483420,0.5
483421,0.5
483422,0.5
483423,0.5
483424,0.5
483425,0.5
483426,0.5
483427,0.5
483428,0.5
483429,0.5
483430,0.5
483431,0.5
483432,0.5
483433,0.5
483434,0.5
483435,0.5
483436,0.5
483437,0.5
483438,0.5
483439,0.5
483440,0.5
483441,0.5
483442,0.5
483443,0.5
483444,0.5
483445,0.5
483446,0.5
483447,0.5
483448,0.5
483449,0.5
483450,0.5
483451,0.5
483452,0.5
483453,0.5
483454,0.5
483455,0.5
483456,0.5
483457,0.5
483458,0.5
483459,0.5
483460,0.5
483461,0.5
483462,0.5
483463,0.5
483464,0.5
483465,0.5
483466,0.5
483467,0.5
483468,0.5
483469,0.5
483470,0.5
483471,0.5
483472,0.5
483473,0.5
483474,0.5
483475,0.5
483476,0.5
483477,0.5
483478,0.5
483479,0.5
483480,0.5
483481,0.5
483482,0.5
483483,0.5
483484,0.5
483485,0.5
483486,0.5
483487,0.5
483488,0.5
483489,0.5
483490,0.5
483491,0.5
483492,0.5
483493,0.5
483494,0.5
483495,0.5
483496,0.5
483497,0.5
483498,0.5
483499,0.5
483500,0.5
483501,0.5
483502,0.5
483503,0.5
483504,0.5
483505,0.5
483506,0.5
483507,0.5
483508,0.5
483509,0.5
483510,0.5
483511,0.5
483512,0.5
483513,0.5
483514,0.5
483515,0.5
483516,0.5
483517,0.5
483518,0.5
483519,0.5
483520,0.5
483521,0.5
483522,0.5
483523,0.5
483524,0.5
483525,0.5
483526,0.5
483527,0.5
483528,0.5
483529,0.5
483530,0.5
483531,0.5
483532,0.5
483533,0.5
483534,0.5
483535,0.5
483536,0.5
483537,0.5
483538,0.5
483539,0.5
483540,0.5
483541,0.5
483542,0.5
483543,0.5
483544,0.5
483545,0.5
483546,0.5
483547,0.5
483548,0.5
483549,0.5
483550,0.5
483551,0.5
483552,0.5
483553,0.5
483554,0.5
483555,0.5
483556,0.5
483557,0.5
483558,0.5
483559,0.5
483560,0.5
483561,0.5
483562,0.5
483563,0.5
483564,0.5
483565,0.5
483566,0.5
483567,0.5
483568,0.5
483569,0.5
483570,0.5
483571,0.5
483572,0.5
483573,0.5
483574,0.5
483575,0.5
483576,0.5
483577,0.5
483578,0.5
483579,0.5
483580,0.5
483581,0.5
483582,0.5
483583,0.5
483584,0.5
483585,0.5
483586,0.5
483587,0.5
483588,0.5
483589,0.5
483590,0.5
483591,0.5
483592,0.5
483593,0.5
483594,0.5
483595,0.5
483596,0.5
483597,0.5
483598,0.5
483599,0.5
483600,0.5
483601,0.5
483602,0.5
483603,0.5
483604,0.5
483605,0.5
483606,0.5
483607,0.5
483608,0.5
483609,0.5
483610,0.5
483611,0.5
483612,0.5
483613,0.5
483614,0.5
483615,0.5
483616,0.5
483617,0.5
483618,0.5
483619,0.5
483620,0.5
483621,0.5
483622,0.5
483623,0.5
483624,0.5
483625,0.5
483626,0.5
483627,0.5
483628,0.5
483629,0.5
483630,0.5
483631,0.5
483632,0.5
483633,0.5
483634,0.5
483635,0.5
483636,0.5
483637,0.5
483638,0.5
483639,0.5
483640,0.5
483641,0.5
483642,0.5
483643,0.5
483644,0.5
483645,0.5
483646,0.5
483647,0.5
483648,0.5
483649,0.5
483650,0.5
483651,0.5
483652,0.5
483653,0.5
483654,0.5
483655,0.5
483656,0.5
483657,0.5
483658,0.5
483659,0.5
483660,0.5
483661,0.5
483662,0.5
483663,0.5
483664,0.5
483665,0.5
483666,0.5
483667,0.5
483668,0.5
483669,0.5
483670,0.5
483671,0.5
483672,0.5
483673,0.5
483674,0.5
483675,0.5
483676,0.5
483677,0.5
483678,0.5
483679,0.5
483680,0.5
483681,0.5
483682,0.5
483683,0.5
483684,0.5
483685,0.5
483686,0.5
483687,0.5
483688,0.5
483689,0.5
483690,0.5
483691,0.5
483692,0.5
483693,0.5
483694,0.5
483695,0.5
483696,0.5
483697,0.5
483698,0.5
483699,0.5
483700,0.5
483701,0.5
483702,0.5
483703,0.5
483704,0.5
483705,0.5
483706,0.5
483707,0.5
483708,0.5
483709,0.5
483710,0.5
483711,0.5
483712,0.5
483713,0.5
483714,0.5
483715,0.5
483716,0.5
483717,0.5
483718,0.5
483719,0.5
483720,0.5
483721,0.5
483722,0.5
483723,0.5
483724,0.5
483725,0.5
483726,0.5
483727,0.5
483728,0.5
483729,0.5
483730,0.5
483731,0.5
483732,0.5
483733,0.5
483734,0.5
483735,0.5
483736,0.5
483737,0.5
483738,0.5
483739,0.5
483740,0.5
483741,0.5
483742,0.5
483743,0.5
483744,0.5
483745,0.5
483746,0.5
483747,0.5
483748,0.5
483749,0.5
483750,0.5
483751,0.5
483752,0.5
483753,0.5
483754,0.5
483755,0.5
483756,0.5
483757,0.5
483758,0.5
483759,0.5
483760,0.5
483761,0.5
483762,0.5
483763,0.5
483764,0.5
483765,0.5
483766,0.5
483767,0.5
483768,0.5
483769,0.5
483770,0.5
483771,0.5
483772,0.5
483773,0.5
483774,0.5
483775,0.5
483776,0.5
483777,0.5
483778,0.5
483779,0.5
483780,0.5
483781,0.5
483782,0.5
483783,0.5
483784,0.5
483785,0.5
483786,0.5
483787,0.5
483788,0.5
483789,0.5
483790,0.5
483791,0.5
483792,0.5
483793,0.5
483794,0.5
483795,0.5
483796,0.5
483797,0.5
483798,0.5
483799,0.5
483800,0.5
483801,0.5
483802,0.5
483803,0.5
483804,0.5
483805,0.5
483806,0.5
483807,0.5
483808,0.5
483809,0.5
483810,0.5
483811,0.5
483812,0.5
483813,0.5
483814,0.5
483815,0.5
483816,0.5
483817,0.5
483818,0.5
483819,0.5
483820,0.5
483821,0.5
483822,0.5
483823,0.5
483824,0.5
483825,0.5
483826,0.5
483827,0.5
483828,0.5
483829,0.5
483830,0.5
483831,0.5
483832,0.5
483833,0.5
483834,0.5
483835,0.5
483836,0.5
483837,0.5
483838,0.5
483839,0.5
483840,0.5
483841,0.5
483842,0.5
483843,0.5
483844,0.5
483845,0.5
483846,0.5
483847,0.5
483848,0.5
483849,0.5
483850,0.5
483851,0.5
483852,0.5
483853,0.5
483854,0.5
483855,0.5
483856,0.5
483857,0.5
483858,0.5
483859,0.5
483860,0.5
483861,0.5
483862,0.5
483863,0.5
483864,0.5
483865,0.5
483866,0.5
483867,0.5
483868,0.5
483869,0.5
483870,0.5
483871,0.5
483872,0.5
483873,0.5
483874,0.5
483875,0.5
483876,0.5
483877,0.5
483878,0.5
483879,0.5
483880,0.5
483881,0.5
483882,0.5
483883,0.5
483884,0.5
483885,0.5
483886,0.5
483887,0.5
483888,0.5
483889,0.5
483890,0.5
483891,0.5
483892,0.5
483893,0.5
483894,0.5
483895,0.5
483896,0.5
483897,0.5
483898,0.5
483899,0.5
483900,0.5
483901,0.5
483902,0.5
483903,0.5
483904,0.5
483905,0.5
483906,0.5
483907,0.5
483908,0.5
483909,0.5
483910,0.5
483911,0.5
483912,0.5
483913,0.5
483914,0.5
483915,0.5
483916,0.5
483917,0.5
483918,0.5
483919,0.5
483920,0.5
483921,0.5
483922,0.5
483923,0.5
483924,0.5
483925,0.5
483926,0.5
483927,0.5
483928,0.5
483929,0.5
483930,0.5
483931,0.5
483932,0.5
483933,0.5
483934,0.5
483935,0.5
483936,0.5
483937,0.5
483938,0.5
483939,0.5
483940,0.5
483941,0.5
483942,0.5
483943,0.5
483944,0.5
483945,0.5
483946,0.5
483947,0.5
483948,0.5
483949,0.5
483950,0.5
483951,0.5
483952,0.5
483953,0.5
483954,0.5
483955,0.5
483956,0.5
483957,0.5
483958,0.5
483959,0.5
483960,0.5
483961,0.5
483962,0.5
483963,0.5
483964,0.5
483965,0.5
483966,0.5
483967,0.5
483968,0.5
483969,0.5
483970,0.5
483971,0.5
483972,0.5
483973,0.5
483974,0.5
483975,0.5
483976,0.5
483977,0.5
483978,0.5
483979,0.5
483980,0.5
483981,0.5
483982,0.5
483983,0.5
483984,0.5
483985,0.5
483986,0.5
483987,0.5
483988,0.5
483989,0.5
483990,0.5
483991,0.5
483992,0.5
483993,0.5
483994,0.5
483995,0.5
483996,0.5
483997,0.5
483998,0.5
483999,0.5
484000,0.5
484001,0.5
484002,0.5
484003,0.5
484004,0.5
484005,0.5
484006,0.5
484007,0.5
484008,0.5
484009,0.5
484010,0.5
484011,0.5
484012,0.5
484013,0.5
484014,0.5
484015,0.5
484016,0.5
484017,0.5
484018,0.5
484019,0.5
484020,0.5
484021,0.5
484022,0.5
484023,0.5
484024,0.5
484025,0.5
484026,0.5
484027,0.5
484028,0.5
484029,0.5
484030,0.5
484031,0.5
484032,0.5
484033,0.5
484034,0.5
484035,0.5
484036,0.5
484037,0.5
484038,0.5
484039,0.5
484040,0.5
484041,0.5
484042,0.5
484043,0.5
484044,0.5
484045,0.5
484046,0.5
484047,0.5
484048,0.5
484049,0.5
484050,0.5
484051,0.5
484052,0.5
484053,0.5
484054,0.5
484055,0.5
484056,0.5
484057,0.5
484058,0.5
484059,0.5
484060,0.5
484061,0.5
484062,0.5
484063,0.5
484064,0.5
484065,0.5
484066,0.5
484067,0.5
484068,0.5
484069,0.5
484070,0.5
484071,0.5
484072,0.5
484073,0.5
484074,0.5
484075,0.5
484076,0.5
484077,0.5
484078,0.5
484079,0.5
484080,0.5
484081,0.5
484082,0.5
484083,0.5
484084,0.5
484085,0.5
484086,0.5
484087,0.5
484088,0.5
484089,0.5
484090,0.5
484091,0.5
484092,0.5
484093,0.5
484094,0.5
484095,0.5
484096,0.5
484097,0.5
484098,0.5
484099,0.5
484100,0.5
484101,0.5
484102,0.5
484103,0.5
484104,0.5
484105,0.5
484106,0.5
484107,0.5
484108,0.5
484109,0.5
484110,0.5
484111,0.5
484112,0.5
484113,0.5
484114,0.5
484115,0.5
484116,0.5
484117,0.5
484118,0.5
484119,0.5
484120,0.5
484121,0.5
484122,0.5
484123,0.5
484124,0.5
484125,0.5
484126,0.5
484127,0.5
484128,0.5
484129,0.5
484130,0.5
484131,0.5
484132,0.5
484133,0.5
484134,0.5
484135,0.5
484136,0.5
484137,0.5
484138,0.5
484139,0.5
484140,0.5
484141,0.5
484142,0.5
484143,0.5
484144,0.5
484145,0.5
484146,0.5
484147,0.5
484148,0.5
484149,0.5
484150,0.5
484151,0.5
484152,0.5
484153,0.5
484154,0.5
484155,0.5
484156,0.5
484157,0.5
484158,0.5
484159,0.5
484160,0.5
484161,0.5
484162,0.5
484163,0.5
484164,0.5
484165,0.5
484166,0.5
484167,0.5
484168,0.5
484169,0.5
484170,0.5
484171,0.5
484172,0.5
484173,0.5
484174,0.5
484175,0.5
484176,0.5
484177,0.5
484178,0.5
484179,0.5
484180,0.5
484181,0.5
484182,0.5
484183,0.5
484184,0.5
484185,0.5
484186,0.5
484187,0.5
484188,0.5
484189,0.5
484190,0.5
484191,0.5
484192,0.5
484193,0.5
484194,0.5
484195,0.5
484196,0.5
484197,0.5
484198,0.5
484199,0.5
484200,0.5
484201,0.5
484202,0.5
484203,0.5
484204,0.5
484205,0.5
484206,0.5
484207,0.5
484208,0.5
484209,0.5
484210,0.5
484211,0.5
484212,0.5
484213,0.5
484214,0.5
484215,0.5
484216,0.5
484217,0.5
484218,0.5
484219,0.5
484220,0.5
484221,0.5
484222,0.5
484223,0.5
484224,0.5
484225,0.5
484226,0.5
484227,0.5
484228,0.5
484229,0.5
484230,0.5
484231,0.5
484232,0.5
484233,0.5
484234,0.5
484235,0.5
484236,0.5
484237,0.5
484238,0.5
484239,0.5
484240,0.5
484241,0.5
484242,0.5
484243,0.5
484244,0.5
484245,0.5
484246,0.5
484247,0.5
484248,0.5
484249,0.5
484250,0.5
484251,0.5
484252,0.5
484253,0.5
484254,0.5
484255,0.5
484256,0.5
484257,0.5
484258,0.5
484259,0.5
484260,0.5
484261,0.5
484262,0.5
484263,0.5
484264,0.5
484265,0.5
484266,0.5
484267,0.5
484268,0.5
484269,0.5
484270,0.5
484271,0.5
484272,0.5
484273,0.5
484274,0.5
484275,0.5
484276,0.5
484277,0.5
484278,0.5
484279,0.5
484280,0.5
484281,0.5
484282,0.5
484283,0.5
484284,0.5
484285,0.5
484286,0.5
484287,0.5
484288,0.5
484289,0.5
484290,0.5
484291,0.5
484292,0.5
484293,0.5
484294,0.5
484295,0.5
484296,0.5
484297,0.5
484298,0.5
484299,0.5
484300,0.5
484301,0.5
484302,0.5
484303,0.5
484304,0.5
484305,0.5
484306,0.5
484307,0.5
484308,0.5
484309,0.5
484310,0.5
484311,0.5
484312,0.5
484313,0.5
484314,0.5
484315,0.5
484316,0.5
484317,0.5
484318,0.5
484319,0.5
484320,0.5
484321,0.5
484322,0.5
484323,0.5
484324,0.5
484325,0.5
484326,0.5
484327,0.5
484328,0.5
484329,0.5
484330,0.5
484331,0.5
484332,0.5
484333,0.5
484334,0.5
484335,0.5
484336,0.5
484337,0.5
484338,0.5
484339,0.5
484340,0.5
484341,0.5
484342,0.5
484343,0.5
484344,0.5
484345,0.5
484346,0.5
484347,0.5
484348,0.5
484349,0.5
484350,0.5
484351,0.5
484352,0.5
484353,0.5
484354,0.5
484355,0.5
484356,0.5
484357,0.5
484358,0.5
484359,0.5
484360,0.5
484361,0.5
484362,0.5
484363,0.5
484364,0.5
484365,0.5
484366,0.5
484367,0.5
484368,0.5
484369,0.5
484370,0.5
484371,0.5
484372,0.5
484373,0.5
484374,0.5
484375,0.5
484376,0.5
484377,0.5
484378,0.5
484379,0.5
484380,0.5
484381,0.5
484382,0.5
484383,0.5
484384,0.5
484385,0.5
484386,0.5
484387,0.5
484388,0.5
484389,0.5
484390,0.5
484391,0.5
484392,0.5
484393,0.5
484394,0.5
484395,0.5
484396,0.5
484397,0.5
484398,0.5
484399,0.5
484400,0.5
484401,0.5
484402,0.5
484403,0.5
484404,0.5
484405,0.5
484406,0.5
484407,0.5
484408,0.5
484409,0.5
484410,0.5
484411,0.5
484412,0.5
484413,0.5
484414,0.5
484415,0.5
484416,0.5
484417,0.5
484418,0.5
484419,0.5
484420,0.5
484421,0.5
484422,0.5
484423,0.5
484424,0.5
484425,0.5
484426,0.5
484427,0.5
484428,0.5
484429,0.5
484430,0.5
484431,0.5
484432,0.5
484433,0.5
484434,0.5
484435,0.5
484436,0.5
484437,0.5
484438,0.5
484439,0.5
484440,0.5
484441,0.5
484442,0.5
484443,0.5
484444,0.5
484445,0.5
484446,0.5
484447,0.5
484448,0.5
484449,0.5
484450,0.5
484451,0.5
484452,0.5
484453,0.5
484454,0.5
484455,0.5
484456,0.5
484457,0.5
484458,0.5
484459,0.5
484460,0.5
484461,0.5
484462,0.5
484463,0.5
484464,0.5
484465,0.5
484466,0.5
484467,0.5
484468,0.5
484469,0.5
484470,0.5
484471,0.5
484472,0.5
484473,0.5
484474,0.5
484475,0.5
484476,0.5
484477,0.5
484478,0.5
484479,0.5
484480,0.5
484481,0.5
484482,0.5
484483,0.5
484484,0.5
484485,0.5
484486,0.5
484487,0.5
484488,0.5
484489,0.5
484490,0.5
484491,0.5
484492,0.5
484493,0.5
484494,0.5
484495,0.5
484496,0.5
484497,0.5
484498,0.5
484499,0.5
484500,0.5
484501,0.5
484502,0.5
484503,0.5
484504,0.5
484505,0.5
484506,0.5
484507,0.5
484508,0.5
484509,0.5
484510,0.5
484511,0.5
484512,0.5
484513,0.5
484514,0.5
484515,0.5
484516,0.5
484517,0.5
484518,0.5
484519,0.5
484520,0.5
484521,0.5
484522,0.5
484523,0.5
484524,0.5
484525,0.5
484526,0.5
484527,0.5
484528,0.5
484529,0.5
484530,0.5
484531,0.5
484532,0.5
484533,0.5
484534,0.5
484535,0.5
484536,0.5
484537,0.5
484538,0.5
484539,0.5
484540,0.5
484541,0.5
484542,0.5
484543,0.5
484544,0.5
484545,0.5
484546,0.5
484547,0.5
484548,0.5
484549,0.5
484550,0.5
484551,0.5
484552,0.5
484553,0.5
484554,0.5
484555,0.5
484556,0.5
484557,0.5
484558,0.5
484559,0.5
484560,0.5
484561,0.5
484562,0.5
484563,0.5
484564,0.5
484565,0.5
484566,0.5
484567,0.5
484568,0.5
484569,0.5
484570,0.5
484571,0.5
484572,0.5
484573,0.5
484574,0.5
484575,0.5
484576,0.5
484577,0.5
484578,0.5
484579,0.5
484580,0.5
484581,0.5
484582,0.5
484583,0.5
484584,0.5
484585,0.5
484586,0.5
484587,0.5
484588,0.5
484589,0.5
484590,0.5
484591,0.5
484592,0.5
484593,0.5
484594,0.5
484595,0.5
484596,0.5
484597,0.5
484598,0.5
484599,0.5
484600,0.5
484601,0.5
484602,0.5
484603,0.5
484604,0.5
484605,0.5
484606,0.5
484607,0.5
484608,0.5
484609,0.5
484610,0.5
484611,0.5
484612,0.5
484613,0.5
484614,0.5
484615,0.5
484616,0.5
484617,0.5
484618,0.5
484619,0.5
484620,0.5
484621,0.5
484622,0.5
484623,0.5
484624,0.5
484625,0.5
484626,0.5
484627,0.5
484628,0.5
484629,0.5
484630,0.5
484631,0.5
484632,0.5
484633,0.5
484634,0.5
484635,0.5
484636,0.5
484637,0.5
484638,0.5
484639,0.5
484640,0.5
484641,0.5
484642,0.5
484643,0.5
484644,0.5
484645,0.5
484646,0.5
484647,0.5
484648,0.5
484649,0.5
484650,0.5
484651,0.5
484652,0.5
484653,0.5
484654,0.5
484655,0.5
484656,0.5
484657,0.5
484658,0.5
484659,0.5
484660,0.5
484661,0.5
484662,0.5
484663,0.5
484664,0.5
484665,0.5
484666,0.5
484667,0.5
484668,0.5
484669,0.5
484670,0.5
484671,0.5
484672,0.5
484673,0.5
484674,0.5
484675,0.5
484676,0.5
484677,0.5
484678,0.5
484679,0.5
484680,0.5
484681,0.5
484682,0.5
484683,0.5
484684,0.5
484685,0.5
484686,0.5
484687,0.5
484688,0.5
484689,0.5
484690,0.5
484691,0.5
484692,0.5
484693,0.5
484694,0.5
484695,0.5
484696,0.5
484697,0.5
484698,0.5
484699,0.5
484700,0.5
484701,0.5
484702,0.5
484703,0.5
484704,0.5
484705,0.5
484706,0.5
484707,0.5
484708,0.5
484709,0.5
484710,0.5
484711,0.5
484712,0.5
484713,0.5
484714,0.5
484715,0.5
484716,0.5
484717,0.5
484718,0.5
484719,0.5
484720,0.5
484721,0.5
484722,0.5
484723,0.5
484724,0.5
484725,0.5
484726,0.5
484727,0.5
484728,0.5
484729,0.5
484730,0.5
484731,0.5
484732,0.5
484733,0.5
484734,0.5
484735,0.5
484736,0.5
484737,0.5
484738,0.5
484739,0.5
484740,0.5
484741,0.5
484742,0.5
484743,0.5
484744,0.5
484745,0.5
484746,0.5
484747,0.5
484748,0.5
484749,0.5
484750,0.5
484751,0.5
484752,0.5
484753,0.5
484754,0.5
484755,0.5
484756,0.5
484757,0.5
484758,0.5
484759,0.5
484760,0.5
484761,0.5
484762,0.5
484763,0.5
484764,0.5
484765,0.5
484766,0.5
484767,0.5
484768,0.5
484769,0.5
484770,0.5
484771,0.5
484772,0.5
484773,0.5
484774,0.5
484775,0.5
484776,0.5
484777,0.5
484778,0.5
484779,0.5
484780,0.5
484781,0.5
484782,0.5
484783,0.5
484784,0.5
484785,0.5
484786,0.5
484787,0.5
484788,0.5
484789,0.5
484790,0.5
484791,0.5
484792,0.5
484793,0.5
484794,0.5
484795,0.5
484796,0.5
484797,0.5
484798,0.5
484799,0.5
484800,0.5
484801,0.5
484802,0.5
484803,0.5
484804,0.5
484805,0.5
484806,0.5
484807,0.5
484808,0.5
484809,0.5
484810,0.5
484811,0.5
484812,0.5
484813,0.5
484814,0.5
484815,0.5
484816,0.5
484817,0.5
484818,0.5
484819,0.5
484820,0.5
484821,0.5
484822,0.5
484823,0.5
484824,0.5
484825,0.5
484826,0.5
484827,0.5
484828,0.5
484829,0.5
484830,0.5
484831,0.5
484832,0.5
484833,0.5
484834,0.5
484835,0.5
484836,0.5
484837,0.5
484838,0.5
484839,0.5
484840,0.5
484841,0.5
484842,0.5
484843,0.5
484844,0.5
484845,0.5
484846,0.5
484847,0.5
484848,0.5
484849,0.5
484850,0.5
484851,0.5
484852,0.5
484853,0.5
484854,0.5
484855,0.5
484856,0.5
484857,0.5
484858,0.5
484859,0.5
484860,0.5
484861,0.5
484862,0.5
484863,0.5
484864,0.5
484865,0.5
484866,0.5
484867,0.5
484868,0.5
484869,0.5
484870,0.5
484871,0.5
484872,0.5
484873,0.5
484874,0.5
484875,0.5
484876,0.5
484877,0.5
484878,0.5
484879,0.5
484880,0.5
484881,0.5
484882,0.5
484883,0.5
484884,0.5
484885,0.5
484886,0.5
484887,0.5
484888,0.5
484889,0.5
484890,0.5
484891,0.5
484892,0.5
484893,0.5
484894,0.5
484895,0.5
484896,0.5
484897,0.5
484898,0.5
484899,0.5
484900,0.5
484901,0.5
484902,0.5
484903,0.5
484904,0.5
484905,0.5
484906,0.5
484907,0.5
484908,0.5
484909,0.5
484910,0.5
484911,0.5
484912,0.5
484913,0.5
484914,0.5
484915,0.5
484916,0.5
484917,0.5
484918,0.5
484919,0.5
484920,0.5
484921,0.5
484922,0.5
484923,0.5
484924,0.5
484925,0.5
484926,0.5
484927,0.5
484928,0.5
484929,0.5
484930,0.5
484931,0.5
484932,0.5
484933,0.5
484934,0.5
484935,0.5
484936,0.5
484937,0.5
484938,0.5
484939,0.5
484940,0.5
484941,0.5
484942,0.5
484943,0.5
484944,0.5
484945,0.5
484946,0.5
484947,0.5
484948,0.5
484949,0.5
484950,0.5
484951,0.5
484952,0.5
484953,0.5
484954,0.5
484955,0.5
484956,0.5
484957,0.5
484958,0.5
484959,0.5
484960,0.5
484961,0.5
484962,0.5
484963,0.5
484964,0.5
484965,0.5
484966,0.5
484967,0.5
484968,0.5
484969,0.5
484970,0.5
484971,0.5
484972,0.5
484973,0.5
484974,0.5
484975,0.5
484976,0.5
484977,0.5
484978,0.5
484979,0.5
484980,0.5
484981,0.5
484982,0.5
484983,0.5
484984,0.5
484985,0.5
484986,0.5
484987,0.5
484988,0.5
484989,0.5
484990,0.5
484991,0.5
484992,0.5
484993,0.5
484994,0.5
484995,0.5
484996,0.5
484997,0.5
484998,0.5
484999,0.5
485000,0.5
485001,0.5
485002,0.5
485003,0.5
485004,0.5
485005,0.5
485006,0.5
485007,0.5
485008,0.5
485009,0.5
485010,0.5
485011,0.5
485012,0.5
485013,0.5
485014,0.5
485015,0.5
485016,0.5
485017,0.5
485018,0.5
485019,0.5
485020,0.5
485021,0.5
485022,0.5
485023,0.5
485024,0.5
485025,0.5
485026,0.5
485027,0.5
485028,0.5
485029,0.5
485030,0.5
485031,0.5
485032,0.5
485033,0.5
485034,0.5
485035,0.5
485036,0.5
485037,0.5
485038,0.5
485039,0.5
485040,0.5
485041,0.5
485042,0.5
485043,0.5
485044,0.5
485045,0.5
485046,0.5
485047,0.5
485048,0.5
485049,0.5
485050,0.5
485051,0.5
485052,0.5
485053,0.5
485054,0.5
485055,0.5
485056,0.5
485057,0.5
485058,0.5
485059,0.5
485060,0.5
485061,0.5
485062,0.5
485063,0.5
485064,0.5
485065,0.5
485066,0.5
485067,0.5
485068,0.5
485069,0.5
485070,0.5
485071,0.5
485072,0.5
485073,0.5
485074,0.5
485075,0.5
485076,0.5
485077,0.5
485078,0.5
485079,0.5
485080,0.5
485081,0.5
485082,0.5
485083,0.5
485084,0.5
485085,0.5
485086,0.5
485087,0.5
485088,0.5
485089,0.5
485090,0.5
485091,0.5
485092,0.5
485093,0.5
485094,0.5
485095,0.5
485096,0.5
485097,0.5
485098,0.5
485099,0.5
485100,0.5
485101,0.5
485102,0.5
485103,0.5
485104,0.5
485105,0.5
485106,0.5
485107,0.5
485108,0.5
485109,0.5
485110,0.5
485111,0.5
485112,0.5
485113,0.5
485114,0.5
485115,0.5
485116,0.5
485117,0.5
485118,0.5
485119,0.5
485120,0.5
485121,0.5
485122,0.5
485123,0.5
485124,0.5
485125,0.5
485126,0.5
485127,0.5
485128,0.5
485129,0.5
485130,0.5
485131,0.5
485132,0.5
485133,0.5
485134,0.5
485135,0.5
485136,0.5
485137,0.5
485138,0.5
485139,0.5
485140,0.5
485141,0.5
485142,0.5
485143,0.5
485144,0.5
485145,0.5
485146,0.5
485147,0.5
485148,0.5
485149,0.5
485150,0.5
485151,0.5
485152,0.5
485153,0.5
485154,0.5
485155,0.5
485156,0.5
485157,0.5
485158,0.5
485159,0.5
485160,0.5
485161,0.5
485162,0.5
485163,0.5
485164,0.5
485165,0.5
485166,0.5
485167,0.5
485168,0.5
485169,0.5
485170,0.5
485171,0.5
485172,0.5
485173,0.5
485174,0.5
485175,0.5
485176,0.5
485177,0.5
485178,0.5
485179,0.5
485180,0.5
485181,0.5
485182,0.5
485183,0.5
485184,0.5
485185,0.5
485186,0.5
485187,0.5
485188,0.5
485189,0.5
485190,0.5
485191,0.5
485192,0.5
485193,0.5
485194,0.5
485195,0.5
485196,0.5
485197,0.5
485198,0.5
485199,0.5
485200,0.5
485201,0.5
485202,0.5
485203,0.5
485204,0.5
485205,0.5
485206,0.5
485207,0.5
485208,0.5
485209,0.5
485210,0.5
485211,0.5
485212,0.5
485213,0.5
485214,0.5
485215,0.5
485216,0.5
485217,0.5
485218,0.5
485219,0.5
485220,0.5
485221,0.5
485222,0.5
485223,0.5
485224,0.5
485225,0.5
485226,0.5
485227,0.5
485228,0.5
485229,0.5
485230,0.5
485231,0.5
485232,0.5
485233,0.5
485234,0.5
485235,0.5
485236,0.5
485237,0.5
485238,0.5
485239,0.5
485240,0.5
485241,0.5
485242,0.5
485243,0.5
485244,0.5
485245,0.5
485246,0.5
485247,0.5
485248,0.5
485249,0.5
485250,0.5
485251,0.5
485252,0.5
485253,0.5
485254,0.5
485255,0.5
485256,0.5
485257,0.5
485258,0.5
485259,0.5
485260,0.5
485261,0.5
485262,0.5
485263,0.5
485264,0.5
485265,0.5
485266,0.5
485267,0.5
485268,0.5
485269,0.5
485270,0.5
485271,0.5
485272,0.5
485273,0.5
485274,0.5
485275,0.5
485276,0.5
485277,0.5
485278,0.5
485279,0.5
485280,0.5
485281,0.5
485282,0.5
485283,0.5
485284,0.5
485285,0.5
485286,0.5
485287,0.5
485288,0.5
485289,0.5
485290,0.5
485291,0.5
485292,0.5
485293,0.5
485294,0.5
485295,0.5
485296,0.5
485297,0.5
485298,0.5
485299,0.5
485300,0.5
485301,0.5
485302,0.5
485303,0.5
485304,0.5
485305,0.5
485306,0.5
485307,0.5
485308,0.5
485309,0.5
485310,0.5
485311,0.5
485312,0.5
485313,0.5
485314,0.5
485315,0.5
485316,0.5
485317,0.5
485318,0.5
485319,0.5
485320,0.5
485321,0.5
485322,0.5
485323,0.5
485324,0.5
485325,0.5
485326,0.5
485327,0.5
485328,0.5
485329,0.5
485330,0.5
485331,0.5
485332,0.5
485333,0.5
485334,0.5
485335,0.5
485336,0.5
485337,0.5
485338,0.5
485339,0.5
485340,0.5
485341,0.5
485342,0.5
485343,0.5
485344,0.5
485345,0.5
485346,0.5
485347,0.5
485348,0.5
485349,0.5
485350,0.5
485351,0.5
485352,0.5
485353,0.5
485354,0.5
485355,0.5
485356,0.5
485357,0.5
485358,0.5
485359,0.5
485360,0.5
485361,0.5
485362,0.5
485363,0.5
485364,0.5
485365,0.5
485366,0.5
485367,0.5
485368,0.5
485369,0.5
485370,0.5
485371,0.5
485372,0.5
485373,0.5
485374,0.5
485375,0.5
485376,0.5
485377,0.5
485378,0.5
485379,0.5
485380,0.5
485381,0.5
485382,0.5
485383,0.5
485384,0.5
485385,0.5
485386,0.5
485387,0.5
485388,0.5
485389,0.5
485390,0.5
485391,0.5
485392,0.5
485393,0.5
485394,0.5
485395,0.5
485396,0.5
485397,0.5
485398,0.5
485399,0.5
485400,0.5
485401,0.5
485402,0.5
485403,0.5
485404,0.5
485405,0.5
485406,0.5
485407,0.5
485408,0.5
485409,0.5
485410,0.5
485411,0.5
485412,0.5
485413,0.5
485414,0.5
485415,0.5
485416,0.5
485417,0.5
485418,0.5
485419,0.5
485420,0.5
485421,0.5
485422,0.5
485423,0.5
485424,0.5
485425,0.5
485426,0.5
485427,0.5
485428,0.5
485429,0.5
485430,0.5
485431,0.5
485432,0.5
485433,0.5
485434,0.5
485435,0.5
485436,0.5
485437,0.5
485438,0.5
485439,0.5
485440,0.5
485441,0.5
485442,0.5
485443,0.5
485444,0.5
485445,0.5
485446,0.5
485447,0.5
485448,0.5
485449,0.5
485450,0.5
485451,0.5
485452,0.5
485453,0.5
485454,0.5
485455,0.5
485456,0.5
485457,0.5
485458,0.5
485459,0.5
485460,0.5
485461,0.5
485462,0.5
485463,0.5
485464,0.5
485465,0.5
485466,0.5
485467,0.5
485468,0.5
485469,0.5
485470,0.5
485471,0.5
485472,0.5
485473,0.5
485474,0.5
485475,0.5
485476,0.5
485477,0.5
485478,0.5
485479,0.5
485480,0.5
485481,0.5
485482,0.5
485483,0.5
485484,0.5
485485,0.5
485486,0.5
485487,0.5
485488,0.5
485489,0.5
485490,0.5
485491,0.5
485492,0.5
485493,0.5
485494,0.5
485495,0.5
485496,0.5
485497,0.5
485498,0.5
485499,0.5
485500,0.5
485501,0.5
485502,0.5
485503,0.5
485504,0.5
485505,0.5
485506,0.5
485507,0.5
485508,0.5
485509,0.5
485510,0.5
485511,0.5
485512,0.5
485513,0.5
485514,0.5
485515,0.5
485516,0.5
485517,0.5
485518,0.5
485519,0.5
485520,0.5
485521,0.5
485522,0.5
485523,0.5
485524,0.5
485525,0.5
485526,0.5
485527,0.5
485528,0.5
485529,0.5
485530,0.5
485531,0.5
485532,0.5
485533,0.5
485534,0.5
485535,0.5
485536,0.5
485537,0.5
485538,0.5
485539,0.5
485540,0.5
485541,0.5
485542,0.5
485543,0.5
485544,0.5
485545,0.5
485546,0.5
485547,0.5
485548,0.5
485549,0.5
485550,0.5
485551,0.5
485552,0.5
485553,0.5
485554,0.5
485555,0.5
485556,0.5
485557,0.5
485558,0.5
485559,0.5
485560,0.5
485561,0.5
485562,0.5
485563,0.5
485564,0.5
485565,0.5
485566,0.5
485567,0.5
485568,0.5
485569,0.5
485570,0.5
485571,0.5
485572,0.5
485573,0.5
485574,0.5
485575,0.5
485576,0.5
485577,0.5
485578,0.5
485579,0.5
485580,0.5
485581,0.5
485582,0.5
485583,0.5
485584,0.5
485585,0.5
485586,0.5
485587,0.5
485588,0.5
485589,0.5
485590,0.5
485591,0.5
485592,0.5
485593,0.5
485594,0.5
485595,0.5
485596,0.5
485597,0.5
485598,0.5
485599,0.5
485600,0.5
485601,0.5
485602,0.5
485603,0.5
485604,0.5
485605,0.5
485606,0.5
485607,0.5
485608,0.5
485609,0.5
485610,0.5
485611,0.5
485612,0.5
485613,0.5
485614,0.5
485615,0.5
485616,0.5
485617,0.5
485618,0.5
485619,0.5
485620,0.5
485621,0.5
485622,0.5
485623,0.5
485624,0.5
485625,0.5
485626,0.5
485627,0.5
485628,0.5
485629,0.5
485630,0.5
485631,0.5
485632,0.5
485633,0.5
485634,0.5
485635,0.5
485636,0.5
485637,0.5
485638,0.5
485639,0.5
485640,0.5
485641,0.5
485642,0.5
485643,0.5
485644,0.5
485645,0.5
485646,0.5
485647,0.5
485648,0.5
485649,0.5
485650,0.5
485651,0.5
485652,0.5
485653,0.5
485654,0.5
485655,0.5
485656,0.5
485657,0.5
485658,0.5
485659,0.5
485660,0.5
485661,0.5
485662,0.5
485663,0.5
485664,0.5
485665,0.5
485666,0.5
485667,0.5
485668,0.5
485669,0.5
485670,0.5
485671,0.5
485672,0.5
485673,0.5
485674,0.5
485675,0.5
485676,0.5
485677,0.5
485678,0.5
485679,0.5
485680,0.5
485681,0.5
485682,0.5
485683,0.5
485684,0.5
485685,0.5
485686,0.5
485687,0.5
485688,0.5
485689,0.5
485690,0.5
485691,0.5
485692,0.5
485693,0.5
485694,0.5
485695,0.5
485696,0.5
485697,0.5
485698,0.5
485699,0.5
485700,0.5
485701,0.5
485702,0.5
485703,0.5
485704,0.5
485705,0.5
485706,0.5
485707,0.5
485708,0.5
485709,0.5
485710,0.5
485711,0.5
485712,0.5
485713,0.5
485714,0.5
485715,0.5
485716,0.5
485717,0.5
485718,0.5
485719,0.5
485720,0.5
485721,0.5
485722,0.5
485723,0.5
485724,0.5
485725,0.5
485726,0.5
485727,0.5
485728,0.5
485729,0.5
485730,0.5
485731,0.5
485732,0.5
485733,0.5
485734,0.5
485735,0.5
485736,0.5
485737,0.5
485738,0.5
485739,0.5
485740,0.5
485741,0.5
485742,0.5
485743,0.5
485744,0.5
485745,0.5
485746,0.5
485747,0.5
485748,0.5
485749,0.5
485750,0.5
485751,0.5
485752,0.5
485753,0.5
485754,0.5
485755,0.5
485756,0.5
485757,0.5
485758,0.5
485759,0.5
485760,0.5
485761,0.5
485762,0.5
485763,0.5
485764,0.5
485765,0.5
485766,0.5
485767,0.5
485768,0.5
485769,0.5
485770,0.5
485771,0.5
485772,0.5
485773,0.5
485774,0.5
485775,0.5
485776,0.5
485777,0.5
485778,0.5
485779,0.5
485780,0.5
485781,0.5
485782,0.5
485783,0.5
485784,0.5
485785,0.5
485786,0.5
485787,0.5
485788,0.5
485789,0.5
485790,0.5
485791,0.5
485792,0.5
485793,0.5
485794,0.5
485795,0.5
485796,0.5
485797,0.5
485798,0.5
485799,0.5
485800,0.5
485801,0.5
485802,0.5
485803,0.5
485804,0.5
485805,0.5
485806,0.5
485807,0.5
485808,0.5
485809,0.5
485810,0.5
485811,0.5
485812,0.5
485813,0.5
485814,0.5
485815,0.5
485816,0.5
485817,0.5
485818,0.5
485819,0.5
485820,0.5
485821,0.5
485822,0.5
485823,0.5
485824,0.5
485825,0.5
485826,0.5
485827,0.5
485828,0.5
485829,0.5
485830,0.5
485831,0.5
485832,0.5
485833,0.5
485834,0.5
485835,0.5
485836,0.5
485837,0.5
485838,0.5
485839,0.5
485840,0.5
485841,0.5
485842,0.5
485843,0.5
485844,0.5
485845,0.5
485846,0.5
485847,0.5
485848,0.5
485849,0.5
485850,0.5
485851,0.5
485852,0.5
485853,0.5
485854,0.5
485855,0.5
485856,0.5
485857,0.5
485858,0.5
485859,0.5
485860,0.5
485861,0.5
485862,0.5
485863,0.5
485864,0.5
485865,0.5
485866,0.5
485867,0.5
485868,0.5
485869,0.5
485870,0.5
485871,0.5
485872,0.5
485873,0.5
485874,0.5
485875,0.5
485876,0.5
485877,0.5
485878,0.5
485879,0.5
485880,0.5
485881,0.5
485882,0.5
485883,0.5
485884,0.5
485885,0.5
485886,0.5
485887,0.5
485888,0.5
485889,0.5
485890,0.5
485891,0.5
485892,0.5
485893,0.5
485894,0.5
485895,0.5
485896,0.5
485897,0.5
485898,0.5
485899,0.5
485900,0.5
485901,0.5
485902,0.5
485903,0.5
485904,0.5
485905,0.5
485906,0.5
485907,0.5
485908,0.5
485909,0.5
485910,0.5
485911,0.5
485912,0.5
485913,0.5
485914,0.5
485915,0.5
485916,0.5
485917,0.5
485918,0.5
485919,0.5
485920,0.5
485921,0.5
485922,0.5
485923,0.5
485924,0.5
485925,0.5
485926,0.5
485927,0.5
485928,0.5
485929,0.5
485930,0.5
485931,0.5
485932,0.5
485933,0.5
485934,0.5
485935,0.5
485936,0.5
485937,0.5
485938,0.5
485939,0.5
485940,0.5
485941,0.5
485942,0.5
485943,0.5
485944,0.5
485945,0.5
485946,0.5
485947,0.5
485948,0.5
485949,0.5
485950,0.5
485951,0.5
485952,0.5
485953,0.5
485954,0.5
485955,0.5
485956,0.5
485957,0.5
485958,0.5
485959,0.5
485960,0.5
485961,0.5
485962,0.5
485963,0.5
485964,0.5
485965,0.5
485966,0.5
485967,0.5
485968,0.5
485969,0.5
485970,0.5
485971,0.5
485972,0.5
485973,0.5
485974,0.5
485975,0.5
485976,0.5
485977,0.5
485978,0.5
485979,0.5
485980,0.5
485981,0.5
485982,0.5
485983,0.5
485984,0.5
485985,0.5
485986,0.5
485987,0.5
485988,0.5
485989,0.5
485990,0.5
485991,0.5
485992,0.5
485993,0.5
485994,0.5
485995,0.5
485996,0.5
485997,0.5
485998,0.5
485999,0.5
486000,0.5
486001,0.5
486002,0.5
486003,0.5
486004,0.5
486005,0.5
486006,0.5
486007,0.5
486008,0.5
486009,0.5
486010,0.5
486011,0.5
486012,0.5
486013,0.5
486014,0.5
486015,0.5
486016,0.5
486017,0.5
486018,0.5
486019,0.5
486020,0.5
486021,0.5
486022,0.5
486023,0.5
486024,0.5
486025,0.5
486026,0.5
486027,0.5
486028,0.5
486029,0.5
486030,0.5
486031,0.5
486032,0.5
486033,0.5
486034,0.5
486035,0.5
486036,0.5
486037,0.5
486038,0.5
486039,0.5
486040,0.5
486041,0.5
486042,0.5
486043,0.5
486044,0.5
486045,0.5
486046,0.5
486047,0.5
486048,0.5
486049,0.5
486050,0.5
486051,0.5
486052,0.5
486053,0.5
486054,0.5
486055,0.5
486056,0.5
486057,0.5
486058,0.5
486059,0.5
486060,0.5
486061,0.5
486062,0.5
486063,0.5
486064,0.5
486065,0.5
486066,0.5
486067,0.5
486068,0.5
486069,0.5
486070,0.5
486071,0.5
486072,0.5
486073,0.5
486074,0.5
486075,0.5
486076,0.5
486077,0.5
486078,0.5
486079,0.5
486080,0.5
486081,0.5
486082,0.5
486083,0.5
486084,0.5
486085,0.5
486086,0.5
486087,0.5
486088,0.5
486089,0.5
486090,0.5
486091,0.5
486092,0.5
486093,0.5
486094,0.5
486095,0.5
486096,0.5
486097,0.5
486098,0.5
486099,0.5
486100,0.5
486101,0.5
486102,0.5
486103,0.5
486104,0.5
486105,0.5
486106,0.5
486107,0.5
486108,0.5
486109,0.5
486110,0.5
486111,0.5
486112,0.5
486113,0.5
486114,0.5
486115,0.5
486116,0.5
486117,0.5
486118,0.5
486119,0.5
486120,0.5
486121,0.5
486122,0.5
486123,0.5
486124,0.5
486125,0.5
486126,0.5
486127,0.5
486128,0.5
486129,0.5
486130,0.5
486131,0.5
486132,0.5
486133,0.5
486134,0.5
486135,0.5
486136,0.5
486137,0.5
486138,0.5
486139,0.5
486140,0.5
486141,0.5
486142,0.5
486143,0.5
486144,0.5
486145,0.5
486146,0.5
486147,0.5
486148,0.5
486149,0.5
486150,0.5
486151,0.5
486152,0.5
486153,0.5
486154,0.5
486155,0.5
486156,0.5
486157,0.5
486158,0.5
486159,0.5
486160,0.5
486161,0.5
486162,0.5
486163,0.5
486164,0.5
486165,0.5
486166,0.5
486167,0.5
486168,0.5
486169,0.5
486170,0.5
486171,0.5
486172,0.5
486173,0.5
486174,0.5
486175,0.5
486176,0.5
486177,0.5
486178,0.5
486179,0.5
486180,0.5
486181,0.5
486182,0.5
486183,0.5
486184,0.5
486185,0.5
486186,0.5
486187,0.5
486188,0.5
486189,0.5
486190,0.5
486191,0.5
486192,0.5
486193,0.5
486194,0.5
486195,0.5
486196,0.5
486197,0.5
486198,0.5
486199,0.5
486200,0.5
486201,0.5
486202,0.5
486203,0.5
486204,0.5
486205,0.5
486206,0.5
486207,0.5
486208,0.5
486209,0.5
486210,0.5
486211,0.5
486212,0.5
486213,0.5
486214,0.5
486215,0.5
486216,0.5
486217,0.5
486218,0.5
486219,0.5
486220,0.5
486221,0.5
486222,0.5
486223,0.5
486224,0.5
486225,0.5
486226,0.5
486227,0.5
486228,0.5
486229,0.5
486230,0.5
486231,0.5
486232,0.5
486233,0.5
486234,0.5
486235,0.5
486236,0.5
486237,0.5
486238,0.5
486239,0.5
486240,0.5
486241,0.5
486242,0.5
486243,0.5
486244,0.5
486245,0.5
486246,0.5
486247,0.5
486248,0.5
486249,0.5
486250,0.5
486251,0.5
486252,0.5
486253,0.5
486254,0.5
486255,0.5
486256,0.5
486257,0.5
486258,0.5
486259,0.5
486260,0.5
486261,0.5
486262,0.5
486263,0.5
486264,0.5
486265,0.5
486266,0.5
486267,0.5
486268,0.5
486269,0.5
486270,0.5
486271,0.5
486272,0.5
486273,0.5
486274,0.5
486275,0.5
486276,0.5
486277,0.5
486278,0.5
486279,0.5
486280,0.5
486281,0.5
486282,0.5
486283,0.5
486284,0.5
486285,0.5
486286,0.5
486287,0.5
486288,0.5
486289,0.5
486290,0.5
486291,0.5
486292,0.5
486293,0.5
486294,0.5
486295,0.5
486296,0.5
486297,0.5
486298,0.5
486299,0.5
486300,0.5
486301,0.5
486302,0.5
486303,0.5
486304,0.5
486305,0.5
486306,0.5
486307,0.5
486308,0.5
486309,0.5
486310,0.5
486311,0.5
486312,0.5
486313,0.5
486314,0.5
486315,0.5
486316,0.5
486317,0.5
486318,0.5
486319,0.5
486320,0.5
486321,0.5
486322,0.5
486323,0.5
486324,0.5
486325,0.5
486326,0.5
486327,0.5
486328,0.5
486329,0.5
486330,0.5
486331,0.5
486332,0.5
486333,0.5
486334,0.5
486335,0.5
486336,0.5
486337,0.5
486338,0.5
486339,0.5
486340,0.5
486341,0.5
486342,0.5
486343,0.5
486344,0.5
486345,0.5
486346,0.5
486347,0.5
486348,0.5
486349,0.5
486350,0.5
486351,0.5
486352,0.5
486353,0.5
486354,0.5
486355,0.5
486356,0.5
486357,0.5
486358,0.5
486359,0.5
486360,0.5
486361,0.5
486362,0.5
486363,0.5
486364,0.5
486365,0.5
486366,0.5
486367,0.5
486368,0.5
486369,0.5
486370,0.5
486371,0.5
486372,0.5
486373,0.5
486374,0.5
486375,0.5
486376,0.5
486377,0.5
486378,0.5
486379,0.5
486380,0.5
486381,0.5
486382,0.5
486383,0.5
486384,0.5
486385,0.5
486386,0.5
486387,0.5
486388,0.5
486389,0.5
486390,0.5
486391,0.5
486392,0.5
486393,0.5
486394,0.5
486395,0.5
486396,0.5
486397,0.5
486398,0.5
486399,0.5
486400,0.5
486401,0.5
486402,0.5
486403,0.5
486404,0.5
486405,0.5
486406,0.5
486407,0.5
486408,0.5
486409,0.5
486410,0.5
486411,0.5
486412,0.5
486413,0.5
486414,0.5
486415,0.5
486416,0.5
486417,0.5
486418,0.5
486419,0.5
486420,0.5
486421,0.5
486422,0.5
486423,0.5
486424,0.5
486425,0.5
486426,0.5
486427,0.5
486428,0.5
486429,0.5
486430,0.5
486431,0.5
486432,0.5
486433,0.5
486434,0.5
486435,0.5
486436,0.5
486437,0.5
486438,0.5
486439,0.5
486440,0.5
486441,0.5
486442,0.5
486443,0.5
486444,0.5
486445,0.5
486446,0.5
486447,0.5
486448,0.5
486449,0.5
486450,0.5
486451,0.5
486452,0.5
486453,0.5
486454,0.5
486455,0.5
486456,0.5
486457,0.5
486458,0.5
486459,0.5
486460,0.5
486461,0.5
486462,0.5
486463,0.5
486464,0.5
486465,0.5
486466,0.5
486467,0.5
486468,0.5
486469,0.5
486470,0.5
486471,0.5
486472,0.5
486473,0.5
486474,0.5
486475,0.5
486476,0.5
486477,0.5
486478,0.5
486479,0.5
486480,0.5
486481,0.5
486482,0.5
486483,0.5
486484,0.5
486485,0.5
486486,0.5
486487,0.5
486488,0.5
486489,0.5
486490,0.5
486491,0.5
486492,0.5
486493,0.5
486494,0.5
486495,0.5
486496,0.5
486497,0.5
486498,0.5
486499,0.5
486500,0.5
486501,0.5
486502,0.5
486503,0.5
486504,0.5
486505,0.5
486506,0.5
486507,0.5
486508,0.5
486509,0.5
486510,0.5
486511,0.5
486512,0.5
486513,0.5
486514,0.5
486515,0.5
486516,0.5
486517,0.5
486518,0.5
486519,0.5
486520,0.5
486521,0.5
486522,0.5
486523,0.5
486524,0.5
486525,0.5
486526,0.5
486527,0.5
486528,0.5
486529,0.5
486530,0.5
486531,0.5
486532,0.5
486533,0.5
486534,0.5
486535,0.5
486536,0.5
486537,0.5
486538,0.5
486539,0.5
486540,0.5
486541,0.5
486542,0.5
486543,0.5
486544,0.5
486545,0.5
486546,0.5
486547,0.5
486548,0.5
486549,0.5
486550,0.5
486551,0.5
486552,0.5
486553,0.5
486554,0.5
486555,0.5
486556,0.5
486557,0.5
486558,0.5
486559,0.5
486560,0.5
486561,0.5
486562,0.5
486563,0.5
486564,0.5
486565,0.5
486566,0.5
486567,0.5
486568,0.5
486569,0.5
486570,0.5
486571,0.5
486572,0.5
486573,0.5
486574,0.5
486575,0.5
486576,0.5
486577,0.5
486578,0.5
486579,0.5
486580,0.5
486581,0.5
486582,0.5
486583,0.5
486584,0.5
486585,0.5
486586,0.5
486587,0.5
486588,0.5
486589,0.5
486590,0.5
486591,0.5
486592,0.5
486593,0.5
486594,0.5
486595,0.5
486596,0.5
486597,0.5
486598,0.5
486599,0.5
486600,0.5
486601,0.5
486602,0.5
486603,0.5
486604,0.5
486605,0.5
486606,0.5
486607,0.5
486608,0.5
486609,0.5
486610,0.5
486611,0.5
486612,0.5
486613,0.5
486614,0.5
486615,0.5
486616,0.5
486617,0.5
486618,0.5
486619,0.5
486620,0.5
486621,0.5
486622,0.5
486623,0.5
486624,0.5
486625,0.5
486626,0.5
486627,0.5
486628,0.5
486629,0.5
486630,0.5
486631,0.5
486632,0.5
486633,0.5
486634,0.5
486635,0.5
486636,0.5
486637,0.5
486638,0.5
486639,0.5
486640,0.5
486641,0.5
486642,0.5
486643,0.5
486644,0.5
486645,0.5
486646,0.5
486647,0.5
486648,0.5
486649,0.5
486650,0.5
486651,0.5
486652,0.5
486653,0.5
486654,0.5
486655,0.5
486656,0.5
486657,0.5
486658,0.5
486659,0.5
486660,0.5
486661,0.5
486662,0.5
486663,0.5
486664,0.5
486665,0.5
486666,0.5
486667,0.5
486668,0.5
486669,0.5
486670,0.5
486671,0.5
486672,0.5
486673,0.5
486674,0.5
486675,0.5
486676,0.5
486677,0.5
486678,0.5
486679,0.5
486680,0.5
486681,0.5
486682,0.5
486683,0.5
486684,0.5
486685,0.5
486686,0.5
486687,0.5
486688,0.5
486689,0.5
486690,0.5
486691,0.5
486692,0.5
486693,0.5
486694,0.5
486695,0.5
486696,0.5
486697,0.5
486698,0.5
486699,0.5
486700,0.5
486701,0.5
486702,0.5
486703,0.5
486704,0.5
486705,0.5
486706,0.5
486707,0.5
486708,0.5
486709,0.5
486710,0.5
486711,0.5
486712,0.5
486713,0.5
486714,0.5
486715,0.5
486716,0.5
486717,0.5
486718,0.5
486719,0.5
486720,0.5
486721,0.5
486722,0.5
486723,0.5
486724,0.5
486725,0.5
486726,0.5
486727,0.5
486728,0.5
486729,0.5
486730,0.5
486731,0.5
486732,0.5
486733,0.5
486734,0.5
486735,0.5
486736,0.5
486737,0.5
486738,0.5
486739,0.5
486740,0.5
486741,0.5
486742,0.5
486743,0.5
486744,0.5
486745,0.5
486746,0.5
486747,0.5
486748,0.5
486749,0.5
486750,0.5
486751,0.5
486752,0.5
486753,0.5
486754,0.5
486755,0.5
486756,0.5
486757,0.5
486758,0.5
486759,0.5
486760,0.5
486761,0.5
486762,0.5
486763,0.5
486764,0.5
486765,0.5
486766,0.5
486767,0.5
486768,0.5
486769,0.5
486770,0.5
486771,0.5
486772,0.5
486773,0.5
486774,0.5
486775,0.5
486776,0.5
486777,0.5
486778,0.5
486779,0.5
486780,0.5
486781,0.5
486782,0.5
486783,0.5
486784,0.5
486785,0.5
486786,0.5
486787,0.5
486788,0.5
486789,0.5
486790,0.5
486791,0.5
486792,0.5
486793,0.5
486794,0.5
486795,0.5
486796,0.5
486797,0.5
486798,0.5
486799,0.5
486800,0.5
486801,0.5
486802,0.5
486803,0.5
486804,0.5
486805,0.5
486806,0.5
486807,0.5
486808,0.5
486809,0.5
486810,0.5
486811,0.5
486812,0.5
486813,0.5
486814,0.5
486815,0.5
486816,0.5
486817,0.5
486818,0.5
486819,0.5
486820,0.5
486821,0.5
486822,0.5
486823,0.5
486824,0.5
486825,0.5
486826,0.5
486827,0.5
486828,0.5
486829,0.5
486830,0.5
486831,0.5
486832,0.5
486833,0.5
486834,0.5
486835,0.5
486836,0.5
486837,0.5
486838,0.5
486839,0.5
486840,0.5
486841,0.5
486842,0.5
486843,0.5
486844,0.5
486845,0.5
486846,0.5
486847,0.5
486848,0.5
486849,0.5
486850,0.5
486851,0.5
486852,0.5
486853,0.5
486854,0.5
486855,0.5
486856,0.5
486857,0.5
486858,0.5
486859,0.5
486860,0.5
486861,0.5
486862,0.5
486863,0.5
486864,0.5
486865,0.5
486866,0.5
486867,0.5
486868,0.5
486869,0.5
486870,0.5
486871,0.5
486872,0.5
486873,0.5
486874,0.5
486875,0.5
486876,0.5
486877,0.5
486878,0.5
486879,0.5
486880,0.5
486881,0.5
486882,0.5
486883,0.5
486884,0.5
486885,0.5
486886,0.5
486887,0.5
486888,0.5
486889,0.5
486890,0.5
486891,0.5
486892,0.5
486893,0.5
486894,0.5
486895,0.5
486896,0.5
486897,0.5
486898,0.5
486899,0.5
486900,0.5
486901,0.5
486902,0.5
486903,0.5
486904,0.5
486905,0.5
486906,0.5
486907,0.5
486908,0.5
486909,0.5
486910,0.5
486911,0.5
486912,0.5
486913,0.5
486914,0.5
486915,0.5
486916,0.5
486917,0.5
486918,0.5
486919,0.5
486920,0.5
486921,0.5
486922,0.5
486923,0.5
486924,0.5
486925,0.5
486926,0.5
486927,0.5
486928,0.5
486929,0.5
486930,0.5
486931,0.5
486932,0.5
486933,0.5
486934,0.5
486935,0.5
486936,0.5
486937,0.5
486938,0.5
486939,0.5
486940,0.5
486941,0.5
486942,0.5
486943,0.5
486944,0.5
486945,0.5
486946,0.5
486947,0.5
486948,0.5
486949,0.5
486950,0.5
486951,0.5
486952,0.5
486953,0.5
486954,0.5
486955,0.5
486956,0.5
486957,0.5
486958,0.5
486959,0.5
486960,0.5
486961,0.5
486962,0.5
486963,0.5
486964,0.5
486965,0.5
486966,0.5
486967,0.5
486968,0.5
486969,0.5
486970,0.5
486971,0.5
486972,0.5
486973,0.5
486974,0.5
486975,0.5
486976,0.5
486977,0.5
486978,0.5
486979,0.5
486980,0.5
486981,0.5
486982,0.5
486983,0.5
486984,0.5
486985,0.5
486986,0.5
486987,0.5
486988,0.5
486989,0.5
486990,0.5
486991,0.5
486992,0.5
486993,0.5
486994,0.5
486995,0.5
486996,0.5
486997,0.5
486998,0.5
486999,0.5
487000,0.5
487001,0.5
487002,0.5
487003,0.5
487004,0.5
487005,0.5
487006,0.5
487007,0.5
487008,0.5
487009,0.5
487010,0.5
487011,0.5
487012,0.5
487013,0.5
487014,0.5
487015,0.5
487016,0.5
487017,0.5
487018,0.5
487019,0.5
487020,0.5
487021,0.5
487022,0.5
487023,0.5
487024,0.5
487025,0.5
487026,0.5
487027,0.5
487028,0.5
487029,0.5
487030,0.5
487031,0.5
487032,0.5
487033,0.5
487034,0.5
487035,0.5
487036,0.5
487037,0.5
487038,0.5
487039,0.5
487040,0.5
487041,0.5
487042,0.5
487043,0.5
487044,0.5
487045,0.5
487046,0.5
487047,0.5
487048,0.5
487049,0.5
487050,0.5
487051,0.5
487052,0.5
487053,0.5
487054,0.5
487055,0.5
487056,0.5
487057,0.5
487058,0.5
487059,0.5
487060,0.5
487061,0.5
487062,0.5
487063,0.5
487064,0.5
487065,0.5
487066,0.5
487067,0.5
487068,0.5
487069,0.5
487070,0.5
487071,0.5
487072,0.5
487073,0.5
487074,0.5
487075,0.5
487076,0.5
487077,0.5
487078,0.5
487079,0.5
487080,0.5
487081,0.5
487082,0.5
487083,0.5
487084,0.5
487085,0.5
487086,0.5
487087,0.5
487088,0.5
487089,0.5
487090,0.5
487091,0.5
487092,0.5
487093,0.5
487094,0.5
487095,0.5
487096,0.5
487097,0.5
487098,0.5
487099,0.5
487100,0.5
487101,0.5
487102,0.5
487103,0.5
487104,0.5
487105,0.5
487106,0.5
487107,0.5
487108,0.5
487109,0.5
487110,0.5
487111,0.5
487112,0.5
487113,0.5
487114,0.5
487115,0.5
487116,0.5
487117,0.5
487118,0.5
487119,0.5
487120,0.5
487121,0.5
487122,0.5
487123,0.5
487124,0.5
487125,0.5
487126,0.5
487127,0.5
487128,0.5
487129,0.5
487130,0.5
487131,0.5
487132,0.5
487133,0.5
487134,0.5
487135,0.5
487136,0.5
487137,0.5
487138,0.5
487139,0.5
487140,0.5
487141,0.5
487142,0.5
487143,0.5
487144,0.5
487145,0.5
487146,0.5
487147,0.5
487148,0.5
487149,0.5
487150,0.5
487151,0.5
487152,0.5
487153,0.5
487154,0.5
487155,0.5
487156,0.5
487157,0.5
487158,0.5
487159,0.5
487160,0.5
487161,0.5
487162,0.5
487163,0.5
487164,0.5
487165,0.5
487166,0.5
487167,0.5
487168,0.5
487169,0.5
487170,0.5
487171,0.5
487172,0.5
487173,0.5
487174,0.5
487175,0.5
487176,0.5
487177,0.5
487178,0.5
487179,0.5
487180,0.5
487181,0.5
487182,0.5
487183,0.5
487184,0.5
487185,0.5
487186,0.5
487187,0.5
487188,0.5
487189,0.5
487190,0.5
487191,0.5
487192,0.5
487193,0.5
487194,0.5
487195,0.5
487196,0.5
487197,0.5
487198,0.5
487199,0.5
487200,0.5
487201,0.5
487202,0.5
487203,0.5
487204,0.5
487205,0.5
487206,0.5
487207,0.5
487208,0.5
487209,0.5
487210,0.5
487211,0.5
487212,0.5
487213,0.5
487214,0.5
487215,0.5
487216,0.5
487217,0.5
487218,0.5
487219,0.5
487220,0.5
487221,0.5
487222,0.5
487223,0.5
487224,0.5
487225,0.5
487226,0.5
487227,0.5
487228,0.5
487229,0.5
487230,0.5
487231,0.5
487232,0.5
487233,0.5
487234,0.5
487235,0.5
487236,0.5
487237,0.5
487238,0.5
487239,0.5
487240,0.5
487241,0.5
487242,0.5
487243,0.5
487244,0.5
487245,0.5
487246,0.5
487247,0.5
487248,0.5
487249,0.5
487250,0.5
487251,0.5
487252,0.5
487253,0.5
487254,0.5
487255,0.5
487256,0.5
487257,0.5
487258,0.5
487259,0.5
487260,0.5
487261,0.5
487262,0.5
487263,0.5
487264,0.5
487265,0.5
487266,0.5
487267,0.5
487268,0.5
487269,0.5
487270,0.5
487271,0.5
487272,0.5
487273,0.5
487274,0.5
487275,0.5
487276,0.5
487277,0.5
487278,0.5
487279,0.5
487280,0.5
487281,0.5
487282,0.5
487283,0.5
487284,0.5
487285,0.5
487286,0.5
487287,0.5
487288,0.5
487289,0.5
487290,0.5
487291,0.5
487292,0.5
487293,0.5
487294,0.5
487295,0.5
487296,0.5
487297,0.5
487298,0.5
487299,0.5
487300,0.5
487301,0.5
487302,0.5
487303,0.5
487304,0.5
487305,0.5
487306,0.5
487307,0.5
487308,0.5
487309,0.5
487310,0.5
487311,0.5
487312,0.5
487313,0.5
487314,0.5
487315,0.5
487316,0.5
487317,0.5
487318,0.5
487319,0.5
487320,0.5
487321,0.5
487322,0.5
487323,0.5
487324,0.5
487325,0.5
487326,0.5
487327,0.5
487328,0.5
487329,0.5
487330,0.5
487331,0.5
487332,0.5
487333,0.5
487334,0.5
487335,0.5
487336,0.5
487337,0.5
487338,0.5
487339,0.5
487340,0.5
487341,0.5
487342,0.5
487343,0.5
487344,0.5
487345,0.5
487346,0.5
487347,0.5
487348,0.5
487349,0.5
487350,0.5
487351,0.5
487352,0.5
487353,0.5
487354,0.5
487355,0.5
487356,0.5
487357,0.5
487358,0.5
487359,0.5
487360,0.5
487361,0.5
487362,0.5
487363,0.5
487364,0.5
487365,0.5
487366,0.5
487367,0.5
487368,0.5
487369,0.5
487370,0.5
487371,0.5
487372,0.5
487373,0.5
487374,0.5
487375,0.5
487376,0.5
487377,0.5
487378,0.5
487379,0.5
487380,0.5
487381,0.5
487382,0.5
487383,0.5
487384,0.5
487385,0.5
487386,0.5
487387,0.5
487388,0.5
487389,0.5
487390,0.5
487391,0.5
487392,0.5
487393,0.5
487394,0.5
487395,0.5
487396,0.5
487397,0.5
487398,0.5
487399,0.5
487400,0.5
487401,0.5
487402,0.5
487403,0.5
487404,0.5
487405,0.5
487406,0.5
487407,0.5
487408,0.5
487409,0.5
487410,0.5
487411,0.5
487412,0.5
487413,0.5
487414,0.5
487415,0.5
487416,0.5
487417,0.5
487418,0.5
487419,0.5
487420,0.5
487421,0.5
487422,0.5
487423,0.5
487424,0.5
487425,0.5
487426,0.5
487427,0.5
487428,0.5
487429,0.5
487430,0.5
487431,0.5
487432,0.5
487433,0.5
487434,0.5
487435,0.5
487436,0.5
487437,0.5
487438,0.5
487439,0.5
487440,0.5
487441,0.5
487442,0.5
487443,0.5
487444,0.5
487445,0.5
487446,0.5
487447,0.5
487448,0.5
487449,0.5
487450,0.5
487451,0.5
487452,0.5
487453,0.5
487454,0.5
487455,0.5
487456,0.5
487457,0.5
487458,0.5
487459,0.5
487460,0.5
487461,0.5
487462,0.5
487463,0.5
487464,0.5
487465,0.5
487466,0.5
487467,0.5
487468,0.5
487469,0.5
487470,0.5
487471,0.5
487472,0.5
487473,0.5
487474,0.5
487475,0.5
487476,0.5
487477,0.5
487478,0.5
487479,0.5
487480,0.5
487481,0.5
487482,0.5
487483,0.5
487484,0.5
487485,0.5
487486,0.5
487487,0.5
487488,0.5
487489,0.5
487490,0.5
487491,0.5
487492,0.5
487493,0.5
487494,0.5
487495,0.5
487496,0.5
487497,0.5
487498,0.5
487499,0.5
487500,0.5
487501,0.5
487502,0.5
487503,0.5
487504,0.5
487505,0.5
487506,0.5
487507,0.5
487508,0.5
487509,0.5
487510,0.5
487511,0.5
487512,0.5
487513,0.5
487514,0.5
487515,0.5
487516,0.5
487517,0.5
487518,0.5
487519,0.5
487520,0.5
487521,0.5
487522,0.5
487523,0.5
487524,0.5
487525,0.5
487526,0.5
487527,0.5
487528,0.5
487529,0.5
487530,0.5
487531,0.5
487532,0.5
487533,0.5
487534,0.5
487535,0.5
487536,0.5
487537,0.5
487538,0.5
487539,0.5
487540,0.5
487541,0.5
487542,0.5
487543,0.5
487544,0.5
487545,0.5
487546,0.5
487547,0.5
487548,0.5
487549,0.5
487550,0.5
487551,0.5
487552,0.5
487553,0.5
487554,0.5
487555,0.5
487556,0.5
487557,0.5
487558,0.5
487559,0.5
487560,0.5
487561,0.5
487562,0.5
487563,0.5
487564,0.5
487565,0.5
487566,0.5
487567,0.5
487568,0.5
487569,0.5
487570,0.5
487571,0.5
487572,0.5
487573,0.5
487574,0.5
487575,0.5
487576,0.5
487577,0.5
487578,0.5
487579,0.5
487580,0.5
487581,0.5
487582,0.5
487583,0.5
487584,0.5
487585,0.5
487586,0.5
487587,0.5
487588,0.5
487589,0.5
487590,0.5
487591,0.5
487592,0.5
487593,0.5
487594,0.5
487595,0.5
487596,0.5
487597,0.5
487598,0.5
487599,0.5
487600,0.5
487601,0.5
487602,0.5
487603,0.5
487604,0.5
487605,0.5
487606,0.5
487607,0.5
487608,0.5
487609,0.5
487610,0.5
487611,0.5
487612,0.5
487613,0.5
487614,0.5
487615,0.5
487616,0.5
487617,0.5
487618,0.5
487619,0.5
487620,0.5
487621,0.5
487622,0.5
487623,0.5
487624,0.5
487625,0.5
487626,0.5
487627,0.5
487628,0.5
487629,0.5
487630,0.5
487631,0.5
487632,0.5
487633,0.5
487634,0.5
487635,0.5
487636,0.5
487637,0.5
487638,0.5
487639,0.5
487640,0.5
487641,0.5
487642,0.5
487643,0.5
487644,0.5
487645,0.5
487646,0.5
487647,0.5
487648,0.5
487649,0.5
487650,0.5
487651,0.5
487652,0.5
487653,0.5
487654,0.5
487655,0.5
487656,0.5
487657,0.5
487658,0.5
487659,0.5
487660,0.5
487661,0.5
487662,0.5
487663,0.5
487664,0.5
487665,0.5
487666,0.5
487667,0.5
487668,0.5
487669,0.5
487670,0.5
487671,0.5
487672,0.5
487673,0.5
487674,0.5
487675,0.5
487676,0.5
487677,0.5
487678,0.5
487679,0.5
487680,0.5
487681,0.5
487682,0.5
487683,0.5
487684,0.5
487685,0.5
487686,0.5
487687,0.5
487688,0.5
487689,0.5
487690,0.5
487691,0.5
487692,0.5
487693,0.5
487694,0.5
487695,0.5
487696,0.5
487697,0.5
487698,0.5
487699,0.5
487700,0.5
487701,0.5
487702,0.5
487703,0.5
487704,0.5
487705,0.5
487706,0.5
487707,0.5
487708,0.5
487709,0.5
487710,0.5
487711,0.5
487712,0.5
487713,0.5
487714,0.5
487715,0.5
487716,0.5
487717,0.5
487718,0.5
487719,0.5
487720,0.5
487721,0.5
487722,0.5
487723,0.5
487724,0.5
487725,0.5
487726,0.5
487727,0.5
487728,0.5
487729,0.5
487730,0.5
487731,0.5
487732,0.5
487733,0.5
487734,0.5
487735,0.5
487736,0.5
487737,0.5
487738,0.5
487739,0.5
487740,0.5
487741,0.5
487742,0.5
487743,0.5
487744,0.5
487745,0.5
487746,0.5
487747,0.5
487748,0.5
487749,0.5
487750,0.5
487751,0.5
487752,0.5
487753,0.5
487754,0.5
487755,0.5
487756,0.5
487757,0.5
487758,0.5
487759,0.5
487760,0.5
487761,0.5
487762,0.5
487763,0.5
487764,0.5
487765,0.5
487766,0.5
487767,0.5
487768,0.5
487769,0.5
487770,0.5
487771,0.5
487772,0.5
487773,0.5
487774,0.5
487775,0.5
487776,0.5
487777,0.5
487778,0.5
487779,0.5
487780,0.5
487781,0.5
487782,0.5
487783,0.5
487784,0.5
487785,0.5
487786,0.5
487787,0.5
487788,0.5
487789,0.5
487790,0.5
487791,0.5
487792,0.5
487793,0.5
487794,0.5
487795,0.5
487796,0.5
487797,0.5
487798,0.5
487799,0.5
487800,0.5
487801,0.5
487802,0.5
487803,0.5
487804,0.5
487805,0.5
487806,0.5
487807,0.5
487808,0.5
487809,0.5
487810,0.5
487811,0.5
487812,0.5
487813,0.5
487814,0.5
487815,0.5
487816,0.5
487817,0.5
487818,0.5
487819,0.5
487820,0.5
487821,0.5
487822,0.5
487823,0.5
487824,0.5
487825,0.5
487826,0.5
487827,0.5
487828,0.5
487829,0.5
487830,0.5
487831,0.5
487832,0.5
487833,0.5
487834,0.5
487835,0.5
487836,0.5
487837,0.5
487838,0.5
487839,0.5
487840,0.5
487841,0.5
487842,0.5
487843,0.5
487844,0.5
487845,0.5
487846,0.5
487847,0.5
487848,0.5
487849,0.5
487850,0.5
487851,0.5
487852,0.5
487853,0.5
487854,0.5
487855,0.5
487856,0.5
487857,0.5
487858,0.5
487859,0.5
487860,0.5
487861,0.5
487862,0.5
487863,0.5
487864,0.5
487865,0.5
487866,0.5
487867,0.5
487868,0.5
487869,0.5
487870,0.5
487871,0.5
487872,0.5
487873,0.5
487874,0.5
487875,0.5
487876,0.5
487877,0.5
487878,0.5
487879,0.5
487880,0.5
487881,0.5
487882,0.5
487883,0.5
487884,0.5
487885,0.5
487886,0.5
487887,0.5
487888,0.5
487889,0.5
487890,0.5
487891,0.5
487892,0.5
487893,0.5
487894,0.5
487895,0.5
487896,0.5
487897,0.5
487898,0.5
487899,0.5
487900,0.5
487901,0.5
487902,0.5
487903,0.5
487904,0.5
487905,0.5
487906,0.5
487907,0.5
487908,0.5
487909,0.5
487910,0.5
487911,0.5
487912,0.5
487913,0.5
487914,0.5
487915,0.5
487916,0.5
487917,0.5
487918,0.5
487919,0.5
487920,0.5
487921,0.5
487922,0.5
487923,0.5
487924,0.5
487925,0.5
487926,0.5
487927,0.5
487928,0.5
487929,0.5
487930,0.5
487931,0.5
487932,0.5
487933,0.5
487934,0.5
487935,0.5
487936,0.5
487937,0.5
487938,0.5
487939,0.5
487940,0.5
487941,0.5
487942,0.5
487943,0.5
487944,0.5
487945,0.5
487946,0.5
487947,0.5
487948,0.5
487949,0.5
487950,0.5
487951,0.5
487952,0.5
487953,0.5
487954,0.5
487955,0.5
487956,0.5
487957,0.5
487958,0.5
487959,0.5
487960,0.5
487961,0.5
487962,0.5
487963,0.5
487964,0.5
487965,0.5
487966,0.5
487967,0.5
487968,0.5
487969,0.5
487970,0.5
487971,0.5
487972,0.5
487973,0.5
487974,0.5
487975,0.5
487976,0.5
487977,0.5
487978,0.5
487979,0.5
487980,0.5
487981,0.5
487982,0.5
487983,0.5
487984,0.5
487985,0.5
487986,0.5
487987,0.5
487988,0.5
487989,0.5
487990,0.5
487991,0.5
487992,0.5
487993,0.5
487994,0.5
487995,0.5
487996,0.5
487997,0.5
487998,0.5
487999,0.5
488000,0.5
488001,0.5
488002,0.5
488003,0.5
488004,0.5
488005,0.5
488006,0.5
488007,0.5
488008,0.5
488009,0.5
488010,0.5
488011,0.5
488012,0.5
488013,0.5
488014,0.5
488015,0.5
488016,0.5
488017,0.5
488018,0.5
488019,0.5
488020,0.5
488021,0.5
488022,0.5
488023,0.5
488024,0.5
488025,0.5
488026,0.5
488027,0.5
488028,0.5
488029,0.5
488030,0.5
488031,0.5
488032,0.5
488033,0.5
488034,0.5
488035,0.5
488036,0.5
488037,0.5
488038,0.5
488039,0.5
488040,0.5
488041,0.5
488042,0.5
488043,0.5
488044,0.5
488045,0.5
488046,0.5
488047,0.5
488048,0.5
488049,0.5
488050,0.5
488051,0.5
488052,0.5
488053,0.5
488054,0.5
488055,0.5
488056,0.5
488057,0.5
488058,0.5
488059,0.5
488060,0.5
488061,0.5
488062,0.5
488063,0.5
488064,0.5
488065,0.5
488066,0.5
488067,0.5
488068,0.5
488069,0.5
488070,0.5
488071,0.5
488072,0.5
488073,0.5
488074,0.5
488075,0.5
488076,0.5
488077,0.5
488078,0.5
488079,0.5
488080,0.5
488081,0.5
488082,0.5
488083,0.5
488084,0.5
488085,0.5
488086,0.5
488087,0.5
488088,0.5
488089,0.5
488090,0.5
488091,0.5
488092,0.5
488093,0.5
488094,0.5
488095,0.5
488096,0.5
488097,0.5
488098,0.5
488099,0.5
488100,0.5
488101,0.5
488102,0.5
488103,0.5
488104,0.5
488105,0.5
488106,0.5
488107,0.5
488108,0.5
488109,0.5
488110,0.5
488111,0.5
488112,0.5
488113,0.5
488114,0.5
488115,0.5
488116,0.5
488117,0.5
488118,0.5
488119,0.5
488120,0.5
488121,0.5
488122,0.5
488123,0.5
488124,0.5
488125,0.5
488126,0.5
488127,0.5
488128,0.5
488129,0.5
488130,0.5
488131,0.5
488132,0.5
488133,0.5
488134,0.5
488135,0.5
488136,0.5
488137,0.5
488138,0.5
488139,0.5
488140,0.5
488141,0.5
488142,0.5
488143,0.5
488144,0.5
488145,0.5
488146,0.5
488147,0.5
488148,0.5
488149,0.5
488150,0.5
488151,0.5
488152,0.5
488153,0.5
488154,0.5
488155,0.5
488156,0.5
488157,0.5
488158,0.5
488159,0.5
488160,0.5
488161,0.5
488162,0.5
488163,0.5
488164,0.5
488165,0.5
488166,0.5
488167,0.5
488168,0.5
488169,0.5
488170,0.5
488171,0.5
488172,0.5
488173,0.5
488174,0.5
488175,0.5
488176,0.5
488177,0.5
488178,0.5
488179,0.5
488180,0.5
488181,0.5
488182,0.5
488183,0.5
488184,0.5
488185,0.5
488186,0.5
488187,0.5
488188,0.5
488189,0.5
488190,0.5
488191,0.5
488192,0.5
488193,0.5
488194,0.5
488195,0.5
488196,0.5
488197,0.5
488198,0.5
488199,0.5
488200,0.5
488201,0.5
488202,0.5
488203,0.5
488204,0.5
488205,0.5
488206,0.5
488207,0.5
488208,0.5
488209,0.5
488210,0.5
488211,0.5
488212,0.5
488213,0.5
488214,0.5
488215,0.5
488216,0.5
488217,0.5
488218,0.5
488219,0.5
488220,0.5
488221,0.5
488222,0.5
488223,0.5
488224,0.5
488225,0.5
488226,0.5
488227,0.5
488228,0.5
488229,0.5
488230,0.5
488231,0.5
488232,0.5
488233,0.5
488234,0.5
488235,0.5
488236,0.5
488237,0.5
488238,0.5
488239,0.5
488240,0.5
488241,0.5
488242,0.5
488243,0.5
488244,0.5
488245,0.5
488246,0.5
488247,0.5
488248,0.5
488249,0.5
488250,0.5
488251,0.5
488252,0.5
488253,0.5
488254,0.5
488255,0.5
488256,0.5
488257,0.5
488258,0.5
488259,0.5
488260,0.5
488261,0.5
488262,0.5
488263,0.5
488264,0.5
488265,0.5
488266,0.5
488267,0.5
488268,0.5
488269,0.5
488270,0.5
488271,0.5
488272,0.5
488273,0.5
488274,0.5
488275,0.5
488276,0.5
488277,0.5
488278,0.5
488279,0.5
488280,0.5
488281,0.5
488282,0.5
488283,0.5
488284,0.5
488285,0.5
488286,0.5
488287,0.5
488288,0.5
488289,0.5
488290,0.5
488291,0.5
488292,0.5
488293,0.5
488294,0.5
488295,0.5
488296,0.5
488297,0.5
488298,0.5
488299,0.5
488300,0.5
488301,0.5
488302,0.5
488303,0.5
488304,0.5
488305,0.5
488306,0.5
488307,0.5
488308,0.5
488309,0.5
488310,0.5
488311,0.5
488312,0.5
488313,0.5
488314,0.5
488315,0.5
488316,0.5
488317,0.5
488318,0.5
488319,0.5
488320,0.5
488321,0.5
488322,0.5
488323,0.5
488324,0.5
488325,0.5
488326,0.5
488327,0.5
488328,0.5
488329,0.5
488330,0.5
488331,0.5
488332,0.5
488333,0.5
488334,0.5
488335,0.5
488336,0.5
488337,0.5
488338,0.5
488339,0.5
488340,0.5
488341,0.5
488342,0.5
488343,0.5
488344,0.5
488345,0.5
488346,0.5
488347,0.5
488348,0.5
488349,0.5
488350,0.5
488351,0.5
488352,0.5
488353,0.5
488354,0.5
488355,0.5
488356,0.5
488357,0.5
488358,0.5
488359,0.5
488360,0.5
488361,0.5
488362,0.5
488363,0.5
488364,0.5
488365,0.5
488366,0.5
488367,0.5
488368,0.5
488369,0.5
488370,0.5
488371,0.5
488372,0.5
488373,0.5
488374,0.5
488375,0.5
488376,0.5
488377,0.5
488378,0.5
488379,0.5
488380,0.5
488381,0.5
488382,0.5
488383,0.5
488384,0.5
488385,0.5
488386,0.5
488387,0.5
488388,0.5
488389,0.5
488390,0.5
488391,0.5
488392,0.5
488393,0.5
488394,0.5
488395,0.5
488396,0.5
488397,0.5
488398,0.5
488399,0.5
488400,0.5
488401,0.5
488402,0.5
488403,0.5
488404,0.5
488405,0.5
488406,0.5
488407,0.5
488408,0.5
488409,0.5
488410,0.5
488411,0.5
488412,0.5
488413,0.5
488414,0.5
488415,0.5
488416,0.5
488417,0.5
488418,0.5
488419,0.5
488420,0.5
488421,0.5
488422,0.5
488423,0.5
488424,0.5
488425,0.5
488426,0.5
488427,0.5
488428,0.5
488429,0.5
488430,0.5
488431,0.5
488432,0.5
488433,0.5
488434,0.5
488435,0.5
488436,0.5
488437,0.5
488438,0.5
488439,0.5
488440,0.5
488441,0.5
488442,0.5
488443,0.5
488444,0.5
488445,0.5
488446,0.5
488447,0.5
488448,0.5
488449,0.5
488450,0.5
488451,0.5
488452,0.5
488453,0.5
488454,0.5
488455,0.5
488456,0.5
488457,0.5
488458,0.5
488459,0.5
488460,0.5
488461,0.5
488462,0.5
488463,0.5
488464,0.5
488465,0.5
488466,0.5
488467,0.5
488468,0.5
488469,0.5
488470,0.5
488471,0.5
488472,0.5
488473,0.5
488474,0.5
488475,0.5
488476,0.5
488477,0.5
488478,0.5
488479,0.5
488480,0.5
488481,0.5
488482,0.5
488483,0.5
488484,0.5
488485,0.5
488486,0.5
488487,0.5
488488,0.5
488489,0.5
488490,0.5
488491,0.5
488492,0.5
488493,0.5
488494,0.5
488495,0.5
488496,0.5
488497,0.5
488498,0.5
488499,0.5
488500,0.5
488501,0.5
488502,0.5
488503,0.5
488504,0.5
488505,0.5
488506,0.5
488507,0.5
488508,0.5
488509,0.5
488510,0.5
488511,0.5
488512,0.5
488513,0.5
488514,0.5
488515,0.5
488516,0.5
488517,0.5
488518,0.5
488519,0.5
488520,0.5
488521,0.5
488522,0.5
488523,0.5
488524,0.5
488525,0.5
488526,0.5
488527,0.5
488528,0.5
488529,0.5
488530,0.5
488531,0.5
488532,0.5
488533,0.5
488534,0.5
488535,0.5
488536,0.5
488537,0.5
488538,0.5
488539,0.5
488540,0.5
488541,0.5
488542,0.5
488543,0.5
488544,0.5
488545,0.5
488546,0.5
488547,0.5
488548,0.5
488549,0.5
488550,0.5
488551,0.5
488552,0.5
488553,0.5
488554,0.5
488555,0.5
488556,0.5
488557,0.5
488558,0.5
488559,0.5
488560,0.5
488561,0.5
488562,0.5
488563,0.5
488564,0.5
488565,0.5
488566,0.5
488567,0.5
488568,0.5
488569,0.5
488570,0.5
488571,0.5
488572,0.5
488573,0.5
488574,0.5
488575,0.5
488576,0.5
488577,0.5
488578,0.5
488579,0.5
488580,0.5
488581,0.5
488582,0.5
488583,0.5
488584,0.5
488585,0.5
488586,0.5
488587,0.5
488588,0.5
488589,0.5
488590,0.5
488591,0.5
488592,0.5
488593,0.5
488594,0.5
488595,0.5
488596,0.5
488597,0.5
488598,0.5
488599,0.5
488600,0.5
488601,0.5
488602,0.5
488603,0.5
488604,0.5
488605,0.5
488606,0.5
488607,0.5
488608,0.5
488609,0.5
488610,0.5
488611,0.5
488612,0.5
488613,0.5
488614,0.5
488615,0.5
488616,0.5
488617,0.5
488618,0.5
488619,0.5
488620,0.5
488621,0.5
488622,0.5
488623,0.5
488624,0.5
488625,0.5
488626,0.5
488627,0.5
488628,0.5
488629,0.5
488630,0.5
488631,0.5
488632,0.5
488633,0.5
488634,0.5
488635,0.5
488636,0.5
488637,0.5
488638,0.5
488639,0.5
488640,0.5
488641,0.5
488642,0.5
488643,0.5
488644,0.5
488645,0.5
488646,0.5
488647,0.5
488648,0.5
488649,0.5
488650,0.5
488651,0.5
488652,0.5
488653,0.5
488654,0.5
488655,0.5
488656,0.5
488657,0.5
488658,0.5
488659,0.5
488660,0.5
488661,0.5
488662,0.5
488663,0.5
488664,0.5
488665,0.5
488666,0.5
488667,0.5
488668,0.5
488669,0.5
488670,0.5
488671,0.5
488672,0.5
488673,0.5
488674,0.5
488675,0.5
488676,0.5
488677,0.5
488678,0.5
488679,0.5
488680,0.5
488681,0.5
488682,0.5
488683,0.5
488684,0.5
488685,0.5
488686,0.5
488687,0.5
488688,0.5
488689,0.5
488690,0.5
488691,0.5
488692,0.5
488693,0.5
488694,0.5
488695,0.5
488696,0.5
488697,0.5
488698,0.5
488699,0.5
488700,0.5
488701,0.5
488702,0.5
488703,0.5
488704,0.5
488705,0.5
488706,0.5
488707,0.5
488708,0.5
488709,0.5
488710,0.5
488711,0.5
488712,0.5
488713,0.5
488714,0.5
488715,0.5
488716,0.5
488717,0.5
488718,0.5
488719,0.5
488720,0.5
488721,0.5
488722,0.5
488723,0.5
488724,0.5
488725,0.5
488726,0.5
488727,0.5
488728,0.5
488729,0.5
488730,0.5
488731,0.5
488732,0.5
488733,0.5
488734,0.5
488735,0.5
488736,0.5
488737,0.5
488738,0.5
488739,0.5
488740,0.5
488741,0.5
488742,0.5
488743,0.5
488744,0.5
488745,0.5
488746,0.5
488747,0.5
488748,0.5
488749,0.5
488750,0.5
488751,0.5
488752,0.5
488753,0.5
488754,0.5
488755,0.5
488756,0.5
488757,0.5
488758,0.5
488759,0.5
488760,0.5
488761,0.5
488762,0.5
488763,0.5
488764,0.5
488765,0.5
488766,0.5
488767,0.5
488768,0.5
488769,0.5
488770,0.5
488771,0.5
488772,0.5
488773,0.5
488774,0.5
488775,0.5
488776,0.5
488777,0.5
488778,0.5
488779,0.5
488780,0.5
488781,0.5
488782,0.5
488783,0.5
488784,0.5
488785,0.5
488786,0.5
488787,0.5
488788,0.5
488789,0.5
488790,0.5
488791,0.5
488792,0.5
488793,0.5
488794,0.5
488795,0.5
488796,0.5
488797,0.5
488798,0.5
488799,0.5
488800,0.5
488801,0.5
488802,0.5
488803,0.5
488804,0.5
488805,0.5
488806,0.5
488807,0.5
488808,0.5
488809,0.5
488810,0.5
488811,0.5
488812,0.5
488813,0.5
488814,0.5
488815,0.5
488816,0.5
488817,0.5
488818,0.5
488819,0.5
488820,0.5
488821,0.5
488822,0.5
488823,0.5
488824,0.5
488825,0.5
488826,0.5
488827,0.5
488828,0.5
488829,0.5
488830,0.5
488831,0.5
488832,0.5
488833,0.5
488834,0.5
488835,0.5
488836,0.5
488837,0.5
488838,0.5
488839,0.5
488840,0.5
488841,0.5
488842,0.5
488843,0.5
488844,0.5
488845,0.5
488846,0.5
488847,0.5
488848,0.5
488849,0.5
488850,0.5
488851,0.5
488852,0.5
488853,0.5
488854,0.5
488855,0.5
488856,0.5
488857,0.5
488858,0.5
488859,0.5
488860,0.5
488861,0.5
488862,0.5
488863,0.5
488864,0.5
488865,0.5
488866,0.5
488867,0.5
488868,0.5
488869,0.5
488870,0.5
488871,0.5
488872,0.5
488873,0.5
488874,0.5
488875,0.5
488876,0.5
488877,0.5
488878,0.5
488879,0.5
488880,0.5
488881,0.5
488882,0.5
488883,0.5
488884,0.5
488885,0.5
488886,0.5
488887,0.5
488888,0.5
488889,0.5
488890,0.5
488891,0.5
488892,0.5
488893,0.5
488894,0.5
488895,0.5
488896,0.5
488897,0.5
488898,0.5
488899,0.5
488900,0.5
488901,0.5
488902,0.5
488903,0.5
488904,0.5
488905,0.5
488906,0.5
488907,0.5
488908,0.5
488909,0.5
488910,0.5
488911,0.5
488912,0.5
488913,0.5
488914,0.5
488915,0.5
488916,0.5
488917,0.5
488918,0.5
488919,0.5
488920,0.5
488921,0.5
488922,0.5
488923,0.5
488924,0.5
488925,0.5
488926,0.5
488927,0.5
488928,0.5
488929,0.5
488930,0.5
488931,0.5
488932,0.5
488933,0.5
488934,0.5
488935,0.5
488936,0.5
488937,0.5
488938,0.5
488939,0.5
488940,0.5
488941,0.5
488942,0.5
488943,0.5
488944,0.5
488945,0.5
488946,0.5
488947,0.5
488948,0.5
488949,0.5
488950,0.5
488951,0.5
488952,0.5
488953,0.5
488954,0.5
488955,0.5
488956,0.5
488957,0.5
488958,0.5
488959,0.5
488960,0.5
488961,0.5
488962,0.5
488963,0.5
488964,0.5
488965,0.5
488966,0.5
488967,0.5
488968,0.5
488969,0.5
488970,0.5
488971,0.5
488972,0.5
488973,0.5
488974,0.5
488975,0.5
488976,0.5
488977,0.5
488978,0.5
488979,0.5
488980,0.5
488981,0.5
488982,0.5
488983,0.5
488984,0.5
488985,0.5
488986,0.5
488987,0.5
488988,0.5
488989,0.5
488990,0.5
488991,0.5
488992,0.5
488993,0.5
488994,0.5
488995,0.5
488996,0.5
488997,0.5
488998,0.5
488999,0.5
489000,0.5
489001,0.5
489002,0.5
489003,0.5
489004,0.5
489005,0.5
489006,0.5
489007,0.5
489008,0.5
489009,0.5
489010,0.5
489011,0.5
489012,0.5
489013,0.5
489014,0.5
489015,0.5
489016,0.5
489017,0.5
489018,0.5
489019,0.5
489020,0.5
489021,0.5
489022,0.5
489023,0.5
489024,0.5
489025,0.5
489026,0.5
489027,0.5
489028,0.5
489029,0.5
489030,0.5
489031,0.5
489032,0.5
489033,0.5
489034,0.5
489035,0.5
489036,0.5
489037,0.5
489038,0.5
489039,0.5
489040,0.5
489041,0.5
489042,0.5
489043,0.5
489044,0.5
489045,0.5
489046,0.5
489047,0.5
489048,0.5
489049,0.5
489050,0.5
489051,0.5
489052,0.5
489053,0.5
489054,0.5
489055,0.5
489056,0.5
489057,0.5
489058,0.5
489059,0.5
489060,0.5
489061,0.5
489062,0.5
489063,0.5
489064,0.5
489065,0.5
489066,0.5
489067,0.5
489068,0.5
489069,0.5
489070,0.5
489071,0.5
489072,0.5
489073,0.5
489074,0.5
489075,0.5
489076,0.5
489077,0.5
489078,0.5
489079,0.5
489080,0.5
489081,0.5
489082,0.5
489083,0.5
489084,0.5
489085,0.5
489086,0.5
489087,0.5
489088,0.5
489089,0.5
489090,0.5
489091,0.5
489092,0.5
489093,0.5
489094,0.5
489095,0.5
489096,0.5
489097,0.5
489098,0.5
489099,0.5
489100,0.5
489101,0.5
489102,0.5
489103,0.5
489104,0.5
489105,0.5
489106,0.5
489107,0.5
489108,0.5
489109,0.5
489110,0.5
489111,0.5
489112,0.5
489113,0.5
489114,0.5
489115,0.5
489116,0.5
489117,0.5
489118,0.5
489119,0.5
489120,0.5
489121,0.5
489122,0.5
489123,0.5
489124,0.5
489125,0.5
489126,0.5
489127,0.5
489128,0.5
489129,0.5
489130,0.5
489131,0.5
489132,0.5
489133,0.5
489134,0.5
489135,0.5
489136,0.5
489137,0.5
489138,0.5
489139,0.5
489140,0.5
489141,0.5
489142,0.5
489143,0.5
489144,0.5
489145,0.5
489146,0.5
489147,0.5
489148,0.5
489149,0.5
489150,0.5
489151,0.5
489152,0.5
489153,0.5
489154,0.5
489155,0.5
489156,0.5
489157,0.5
489158,0.5
489159,0.5
489160,0.5
489161,0.5
489162,0.5
489163,0.5
489164,0.5
489165,0.5
489166,0.5
489167,0.5
489168,0.5
489169,0.5
489170,0.5
489171,0.5
489172,0.5
489173,0.5
489174,0.5
489175,0.5
489176,0.5
489177,0.5
489178,0.5
489179,0.5
489180,0.5
489181,0.5
489182,0.5
489183,0.5
489184,0.5
489185,0.5
489186,0.5
489187,0.5
489188,0.5
489189,0.5
489190,0.5
489191,0.5
489192,0.5
489193,0.5
489194,0.5
489195,0.5
489196,0.5
489197,0.5
489198,0.5
489199,0.5
489200,0.5
489201,0.5
489202,0.5
489203,0.5
489204,0.5
489205,0.5
489206,0.5
489207,0.5
489208,0.5
489209,0.5
489210,0.5
489211,0.5
489212,0.5
489213,0.5
489214,0.5
489215,0.5
489216,0.5
489217,0.5
489218,0.5
489219,0.5
489220,0.5
489221,0.5
489222,0.5
489223,0.5
489224,0.5
489225,0.5
489226,0.5
489227,0.5
489228,0.5
489229,0.5
489230,0.5
489231,0.5
489232,0.5
489233,0.5
489234,0.5
489235,0.5
489236,0.5
489237,0.5
489238,0.5
489239,0.5
489240,0.5
489241,0.5
489242,0.5
489243,0.5
489244,0.5
489245,0.5
489246,0.5
489247,0.5
489248,0.5
489249,0.5
489250,0.5
489251,0.5
489252,0.5
489253,0.5
489254,0.5
489255,0.5
489256,0.5
489257,0.5
489258,0.5
489259,0.5
489260,0.5
489261,0.5
489262,0.5
489263,0.5
489264,0.5
489265,0.5
489266,0.5
489267,0.5
489268,0.5
489269,0.5
489270,0.5
489271,0.5
489272,0.5
489273,0.5
489274,0.5
489275,0.5
489276,0.5
489277,0.5
489278,0.5
489279,0.5
489280,0.5
489281,0.5
489282,0.5
489283,0.5
489284,0.5
489285,0.5
489286,0.5
489287,0.5
489288,0.5
489289,0.5
489290,0.5
489291,0.5
489292,0.5
489293,0.5
489294,0.5
489295,0.5
489296,0.5
489297,0.5
489298,0.5
489299,0.5
489300,0.5
489301,0.5
489302,0.5
489303,0.5
489304,0.5
489305,0.5
489306,0.5
489307,0.5
489308,0.5
489309,0.5
489310,0.5
489311,0.5
489312,0.5
489313,0.5
489314,0.5
489315,0.5
489316,0.5
489317,0.5
489318,0.5
489319,0.5
489320,0.5
489321,0.5
489322,0.5
489323,0.5
489324,0.5
489325,0.5
489326,0.5
489327,0.5
489328,0.5
489329,0.5
489330,0.5
489331,0.5
489332,0.5
489333,0.5
489334,0.5
489335,0.5
489336,0.5
489337,0.5
489338,0.5
489339,0.5
489340,0.5
489341,0.5
489342,0.5
489343,0.5
489344,0.5
489345,0.5
489346,0.5
489347,0.5
489348,0.5
489349,0.5
489350,0.5
489351,0.5
489352,0.5
489353,0.5
489354,0.5
489355,0.5
489356,0.5
489357,0.5
489358,0.5
489359,0.5
489360,0.5
489361,0.5
489362,0.5
489363,0.5
489364,0.5
489365,0.5
489366,0.5
489367,0.5
489368,0.5
489369,0.5
489370,0.5
489371,0.5
489372,0.5
489373,0.5
489374,0.5
489375,0.5
489376,0.5
489377,0.5
489378,0.5
489379,0.5
489380,0.5
489381,0.5
489382,0.5
489383,0.5
489384,0.5
489385,0.5
489386,0.5
489387,0.5
489388,0.5
489389,0.5
489390,0.5
489391,0.5
489392,0.5
489393,0.5
489394,0.5
489395,0.5
489396,0.5
489397,0.5
489398,0.5
489399,0.5
489400,0.5
489401,0.5
489402,0.5
489403,0.5
489404,0.5
489405,0.5
489406,0.5
489407,0.5
489408,0.5
489409,0.5
489410,0.5
489411,0.5
489412,0.5
489413,0.5
489414,0.5
489415,0.5
489416,0.5
489417,0.5
489418,0.5
489419,0.5
489420,0.5
489421,0.5
489422,0.5
489423,0.5
489424,0.5
489425,0.5
489426,0.5
489427,0.5
489428,0.5
489429,0.5
489430,0.5
489431,0.5
489432,0.5
489433,0.5
489434,0.5
489435,0.5
489436,0.5
489437,0.5
489438,0.5
489439,0.5
489440,0.5
489441,0.5
489442,0.5
489443,0.5
489444,0.5
489445,0.5
489446,0.5
489447,0.5
489448,0.5
489449,0.5
489450,0.5
489451,0.5
489452,0.5
489453,0.5
489454,0.5
489455,0.5
489456,0.5
489457,0.5
489458,0.5
489459,0.5
489460,0.5
489461,0.5
489462,0.5
489463,0.5
489464,0.5
489465,0.5
489466,0.5
489467,0.5
489468,0.5
489469,0.5
489470,0.5
489471,0.5
489472,0.5
489473,0.5
489474,0.5
489475,0.5
489476,0.5
489477,0.5
489478,0.5
489479,0.5
489480,0.5
489481,0.5
489482,0.5
489483,0.5
489484,0.5
489485,0.5
489486,0.5
489487,0.5
489488,0.5
489489,0.5
489490,0.5
489491,0.5
489492,0.5
489493,0.5
489494,0.5
489495,0.5
489496,0.5
489497,0.5
489498,0.5
489499,0.5
489500,0.5
489501,0.5
489502,0.5
489503,0.5
489504,0.5
489505,0.5
489506,0.5
489507,0.5
489508,0.5
489509,0.5
489510,0.5
489511,0.5
489512,0.5
489513,0.5
489514,0.5
489515,0.5
489516,0.5
489517,0.5
489518,0.5
489519,0.5
489520,0.5
489521,0.5
489522,0.5
489523,0.5
489524,0.5
489525,0.5
489526,0.5
489527,0.5
489528,0.5
489529,0.5
489530,0.5
489531,0.5
489532,0.5
489533,0.5
489534,0.5
489535,0.5
489536,0.5
489537,0.5
489538,0.5
489539,0.5
489540,0.5
489541,0.5
489542,0.5
489543,0.5
489544,0.5
489545,0.5
489546,0.5
489547,0.5
489548,0.5
489549,0.5
489550,0.5
489551,0.5
489552,0.5
489553,0.5
489554,0.5
489555,0.5
489556,0.5
489557,0.5
489558,0.5
489559,0.5
489560,0.5
489561,0.5
489562,0.5
489563,0.5
489564,0.5
489565,0.5
489566,0.5
489567,0.5
489568,0.5
489569,0.5
489570,0.5
489571,0.5
489572,0.5
489573,0.5
489574,0.5
489575,0.5
489576,0.5
489577,0.5
489578,0.5
489579,0.5
489580,0.5
489581,0.5
489582,0.5
489583,0.5
489584,0.5
489585,0.5
489586,0.5
489587,0.5
489588,0.5
489589,0.5
489590,0.5
489591,0.5
489592,0.5
489593,0.5
489594,0.5
489595,0.5
489596,0.5
489597,0.5
489598,0.5
489599,0.5
489600,0.5
489601,0.5
489602,0.5
489603,0.5
489604,0.5
489605,0.5
489606,0.5
489607,0.5
489608,0.5
489609,0.5
489610,0.5
489611,0.5
489612,0.5
489613,0.5
489614,0.5
489615,0.5
489616,0.5
489617,0.5
489618,0.5
489619,0.5
489620,0.5
489621,0.5
489622,0.5
489623,0.5
489624,0.5
489625,0.5
489626,0.5
489627,0.5
489628,0.5
489629,0.5
489630,0.5
489631,0.5
489632,0.5
489633,0.5
489634,0.5
489635,0.5
489636,0.5
489637,0.5
489638,0.5
489639,0.5
489640,0.5
489641,0.5
489642,0.5
489643,0.5
489644,0.5
489645,0.5
489646,0.5
489647,0.5
489648,0.5
489649,0.5
489650,0.5
489651,0.5
489652,0.5
489653,0.5
489654,0.5
489655,0.5
489656,0.5
489657,0.5
489658,0.5
489659,0.5
489660,0.5
489661,0.5
489662,0.5
489663,0.5
489664,0.5
489665,0.5
489666,0.5
489667,0.5
489668,0.5
489669,0.5
489670,0.5
489671,0.5
489672,0.5
489673,0.5
489674,0.5
489675,0.5
489676,0.5
489677,0.5
489678,0.5
489679,0.5
489680,0.5
489681,0.5
489682,0.5
489683,0.5
489684,0.5
489685,0.5
489686,0.5
489687,0.5
489688,0.5
489689,0.5
489690,0.5
489691,0.5
489692,0.5
489693,0.5
489694,0.5
489695,0.5
489696,0.5
489697,0.5
489698,0.5
489699,0.5
489700,0.5
489701,0.5
489702,0.5
489703,0.5
489704,0.5
489705,0.5
489706,0.5
489707,0.5
489708,0.5
489709,0.5
489710,0.5
489711,0.5
489712,0.5
489713,0.5
489714,0.5
489715,0.5
489716,0.5
489717,0.5
489718,0.5
489719,0.5
489720,0.5
489721,0.5
489722,0.5
489723,0.5
489724,0.5
489725,0.5
489726,0.5
489727,0.5
489728,0.5
489729,0.5
489730,0.5
489731,0.5
489732,0.5
489733,0.5
489734,0.5
489735,0.5
489736,0.5
489737,0.5
489738,0.5
489739,0.5
489740,0.5
489741,0.5
489742,0.5
489743,0.5
489744,0.5
489745,0.5
489746,0.5
489747,0.5
489748,0.5
489749,0.5
489750,0.5
489751,0.5
489752,0.5
489753,0.5
489754,0.5
489755,0.5
489756,0.5
489757,0.5
489758,0.5
489759,0.5
489760,0.5
489761,0.5
489762,0.5
489763,0.5
489764,0.5
489765,0.5
489766,0.5
489767,0.5
489768,0.5
489769,0.5
489770,0.5
489771,0.5
489772,0.5
489773,0.5
489774,0.5
489775,0.5
489776,0.5
489777,0.5
489778,0.5
489779,0.5
489780,0.5
489781,0.5
489782,0.5
489783,0.5
489784,0.5
489785,0.5
489786,0.5
489787,0.5
489788,0.5
489789,0.5
489790,0.5
489791,0.5
489792,0.5
489793,0.5
489794,0.5
489795,0.5
489796,0.5
489797,0.5
489798,0.5
489799,0.5
489800,0.5
489801,0.5
489802,0.5
489803,0.5
489804,0.5
489805,0.5
489806,0.5
489807,0.5
489808,0.5
489809,0.5
489810,0.5
489811,0.5
489812,0.5
489813,0.5
489814,0.5
489815,0.5
489816,0.5
489817,0.5
489818,0.5
489819,0.5
489820,0.5
489821,0.5
489822,0.5
489823,0.5
489824,0.5
489825,0.5
489826,0.5
489827,0.5
489828,0.5
489829,0.5
489830,0.5
489831,0.5
489832,0.5
489833,0.5
489834,0.5
489835,0.5
489836,0.5
489837,0.5
489838,0.5
489839,0.5
489840,0.5
489841,0.5
489842,0.5
489843,0.5
489844,0.5
489845,0.5
489846,0.5
489847,0.5
489848,0.5
489849,0.5
489850,0.5
489851,0.5
489852,0.5
489853,0.5
489854,0.5
489855,0.5
489856,0.5
489857,0.5
489858,0.5
489859,0.5
489860,0.5
489861,0.5
489862,0.5
489863,0.5
489864,0.5
489865,0.5
489866,0.5
489867,0.5
489868,0.5
489869,0.5
489870,0.5
489871,0.5
489872,0.5
489873,0.5
489874,0.5
489875,0.5
489876,0.5
489877,0.5
489878,0.5
489879,0.5
489880,0.5
489881,0.5
489882,0.5
489883,0.5
489884,0.5
489885,0.5
489886,0.5
489887,0.5
489888,0.5
489889,0.5
489890,0.5
489891,0.5
489892,0.5
489893,0.5
489894,0.5
489895,0.5
489896,0.5
489897,0.5
489898,0.5
489899,0.5
489900,0.5
489901,0.5
489902,0.5
489903,0.5
489904,0.5
489905,0.5
489906,0.5
489907,0.5
489908,0.5
489909,0.5
489910,0.5
489911,0.5
489912,0.5
489913,0.5
489914,0.5
489915,0.5
489916,0.5
489917,0.5
489918,0.5
489919,0.5
489920,0.5
489921,0.5
489922,0.5
489923,0.5
489924,0.5
489925,0.5
489926,0.5
489927,0.5
489928,0.5
489929,0.5
489930,0.5
489931,0.5
489932,0.5
489933,0.5
489934,0.5
489935,0.5
489936,0.5
489937,0.5
489938,0.5
489939,0.5
489940,0.5
489941,0.5
489942,0.5
489943,0.5
489944,0.5
489945,0.5
489946,0.5
489947,0.5
489948,0.5
489949,0.5
489950,0.5
489951,0.5
489952,0.5
489953,0.5
489954,0.5
489955,0.5
489956,0.5
489957,0.5
489958,0.5
489959,0.5
489960,0.5
489961,0.5
489962,0.5
489963,0.5
489964,0.5
489965,0.5
489966,0.5
489967,0.5
489968,0.5
489969,0.5
489970,0.5
489971,0.5
489972,0.5
489973,0.5
489974,0.5
489975,0.5
489976,0.5
489977,0.5
489978,0.5
489979,0.5
489980,0.5
489981,0.5
489982,0.5
489983,0.5
489984,0.5
489985,0.5
489986,0.5
489987,0.5
489988,0.5
489989,0.5
489990,0.5
489991,0.5
489992,0.5
489993,0.5
489994,0.5
489995,0.5
489996,0.5
489997,0.5
489998,0.5
489999,0.5
490000,0.5
490001,0.5
490002,0.5
490003,0.5
490004,0.5
490005,0.5
490006,0.5
490007,0.5
490008,0.5
490009,0.5
490010,0.5
490011,0.5
490012,0.5
490013,0.5
490014,0.5
490015,0.5
490016,0.5
490017,0.5
490018,0.5
490019,0.5
490020,0.5
490021,0.5
490022,0.5
490023,0.5
490024,0.5
490025,0.5
490026,0.5
490027,0.5
490028,0.5
490029,0.5
490030,0.5
490031,0.5
490032,0.5
490033,0.5
490034,0.5
490035,0.5
490036,0.5
490037,0.5
490038,0.5
490039,0.5
490040,0.5
490041,0.5
490042,0.5
490043,0.5
490044,0.5
490045,0.5
490046,0.5
490047,0.5
490048,0.5
490049,0.5
490050,0.5
490051,0.5
490052,0.5
490053,0.5
490054,0.5
490055,0.5
490056,0.5
490057,0.5
490058,0.5
490059,0.5
490060,0.5
490061,0.5
490062,0.5
490063,0.5
490064,0.5
490065,0.5
490066,0.5
490067,0.5
490068,0.5
490069,0.5
490070,0.5
490071,0.5
490072,0.5
490073,0.5
490074,0.5
490075,0.5
490076,0.5
490077,0.5
490078,0.5
490079,0.5
490080,0.5
490081,0.5
490082,0.5
490083,0.5
490084,0.5
490085,0.5
490086,0.5
490087,0.5
490088,0.5
490089,0.5
490090,0.5
490091,0.5
490092,0.5
490093,0.5
490094,0.5
490095,0.5
490096,0.5
490097,0.5
490098,0.5
490099,0.5
490100,0.5
490101,0.5
490102,0.5
490103,0.5
490104,0.5
490105,0.5
490106,0.5
490107,0.5
490108,0.5
490109,0.5
490110,0.5
490111,0.5
490112,0.5
490113,0.5
490114,0.5
490115,0.5
490116,0.5
490117,0.5
490118,0.5
490119,0.5
490120,0.5
490121,0.5
490122,0.5
490123,0.5
490124,0.5
490125,0.5
490126,0.5
490127,0.5
490128,0.5
490129,0.5
490130,0.5
490131,0.5
490132,0.5
490133,0.5
490134,0.5
490135,0.5
490136,0.5
490137,0.5
490138,0.5
490139,0.5
490140,0.5
490141,0.5
490142,0.5
490143,0.5
490144,0.5
490145,0.5
490146,0.5
490147,0.5
490148,0.5
490149,0.5
490150,0.5
490151,0.5
490152,0.5
490153,0.5
490154,0.5
490155,0.5
490156,0.5
490157,0.5
490158,0.5
490159,0.5
490160,0.5
490161,0.5
490162,0.5
490163,0.5
490164,0.5
490165,0.5
490166,0.5
490167,0.5
490168,0.5
490169,0.5
490170,0.5
490171,0.5
490172,0.5
490173,0.5
490174,0.5
490175,0.5
490176,0.5
490177,0.5
490178,0.5
490179,0.5
490180,0.5
490181,0.5
490182,0.5
490183,0.5
490184,0.5
490185,0.5
490186,0.5
490187,0.5
490188,0.5
490189,0.5
490190,0.5
490191,0.5
490192,0.5
490193,0.5
490194,0.5
490195,0.5
490196,0.5
490197,0.5
490198,0.5
490199,0.5
490200,0.5
490201,0.5
490202,0.5
490203,0.5
490204,0.5
490205,0.5
490206,0.5
490207,0.5
490208,0.5
490209,0.5
490210,0.5
490211,0.5
490212,0.5
490213,0.5
490214,0.5
490215,0.5
490216,0.5
490217,0.5
490218,0.5
490219,0.5
490220,0.5
490221,0.5
490222,0.5
490223,0.5
490224,0.5
490225,0.5
490226,0.5
490227,0.5
490228,0.5
490229,0.5
490230,0.5
490231,0.5
490232,0.5
490233,0.5
490234,0.5
490235,0.5
490236,0.5
490237,0.5
490238,0.5
490239,0.5
490240,0.5
490241,0.5
490242,0.5
490243,0.5
490244,0.5
490245,0.5
490246,0.5
490247,0.5
490248,0.5
490249,0.5
490250,0.5
490251,0.5
490252,0.5
490253,0.5
490254,0.5
490255,0.5
490256,0.5
490257,0.5
490258,0.5
490259,0.5
490260,0.5
490261,0.5
490262,0.5
490263,0.5
490264,0.5
490265,0.5
490266,0.5
490267,0.5
490268,0.5
490269,0.5
490270,0.5
490271,0.5
490272,0.5
490273,0.5
490274,0.5
490275,0.5
490276,0.5
490277,0.5
490278,0.5
490279,0.5
490280,0.5
490281,0.5
490282,0.5
490283,0.5
490284,0.5
490285,0.5
490286,0.5
490287,0.5
490288,0.5
490289,0.5
490290,0.5
490291,0.5
490292,0.5
490293,0.5
490294,0.5
490295,0.5
490296,0.5
490297,0.5
490298,0.5
490299,0.5
490300,0.5
490301,0.5
490302,0.5
490303,0.5
490304,0.5
490305,0.5
490306,0.5
490307,0.5
490308,0.5
490309,0.5
490310,0.5
490311,0.5
490312,0.5
490313,0.5
490314,0.5
490315,0.5
490316,0.5
490317,0.5
490318,0.5
490319,0.5
490320,0.5
490321,0.5
490322,0.5
490323,0.5
490324,0.5
490325,0.5
490326,0.5
490327,0.5
490328,0.5
490329,0.5
490330,0.5
490331,0.5
490332,0.5
490333,0.5
490334,0.5
490335,0.5
490336,0.5
490337,0.5
490338,0.5
490339,0.5
490340,0.5
490341,0.5
490342,0.5
490343,0.5
490344,0.5
490345,0.5
490346,0.5
490347,0.5
490348,0.5
490349,0.5
490350,0.5
490351,0.5
490352,0.5
490353,0.5
490354,0.5
490355,0.5
490356,0.5
490357,0.5
490358,0.5
490359,0.5
490360,0.5
490361,0.5
490362,0.5
490363,0.5
490364,0.5
490365,0.5
490366,0.5
490367,0.5
490368,0.5
490369,0.5
490370,0.5
490371,0.5
490372,0.5
490373,0.5
490374,0.5
490375,0.5
490376,0.5
490377,0.5
490378,0.5
490379,0.5
490380,0.5
490381,0.5
490382,0.5
490383,0.5
490384,0.5
490385,0.5
490386,0.5
490387,0.5
490388,0.5
490389,0.5
490390,0.5
490391,0.5
490392,0.5
490393,0.5
490394,0.5
490395,0.5
490396,0.5
490397,0.5
490398,0.5
490399,0.5
490400,0.5
490401,0.5
490402,0.5
490403,0.5
490404,0.5
490405,0.5
490406,0.5
490407,0.5
490408,0.5
490409,0.5
490410,0.5
490411,0.5
490412,0.5
490413,0.5
490414,0.5
490415,0.5
490416,0.5
490417,0.5
490418,0.5
490419,0.5
490420,0.5
490421,0.5
490422,0.5
490423,0.5
490424,0.5
490425,0.5
490426,0.5
490427,0.5
490428,0.5
490429,0.5
490430,0.5
490431,0.5
490432,0.5
490433,0.5
490434,0.5
490435,0.5
490436,0.5
490437,0.5
490438,0.5
490439,0.5
490440,0.5
490441,0.5
490442,0.5
490443,0.5
490444,0.5
490445,0.5
490446,0.5
490447,0.5
490448,0.5
490449,0.5
490450,0.5
490451,0.5
490452,0.5
490453,0.5
490454,0.5
490455,0.5
490456,0.5
490457,0.5
490458,0.5
490459,0.5
490460,0.5
490461,0.5
490462,0.5
490463,0.5
490464,0.5
490465,0.5
490466,0.5
490467,0.5
490468,0.5
490469,0.5
490470,0.5
490471,0.5
490472,0.5
490473,0.5
490474,0.5
490475,0.5
490476,0.5
490477,0.5
490478,0.5
490479,0.5
490480,0.5
490481,0.5
490482,0.5
490483,0.5
490484,0.5
490485,0.5
490486,0.5
490487,0.5
490488,0.5
490489,0.5
490490,0.5
490491,0.5
490492,0.5
490493,0.5
490494,0.5
490495,0.5
490496,0.5
490497,0.5
490498,0.5
490499,0.5
490500,0.5
490501,0.5
490502,0.5
490503,0.5
490504,0.5
490505,0.5
490506,0.5
490507,0.5
490508,0.5
490509,0.5
490510,0.5
490511,0.5
490512,0.5
490513,0.5
490514,0.5
490515,0.5
490516,0.5
490517,0.5
490518,0.5
490519,0.5
490520,0.5
490521,0.5
490522,0.5
490523,0.5
490524,0.5
490525,0.5
490526,0.5
490527,0.5
490528,0.5
490529,0.5
490530,0.5
490531,0.5
490532,0.5
490533,0.5
490534,0.5
490535,0.5
490536,0.5
490537,0.5
490538,0.5
490539,0.5
490540,0.5
490541,0.5
490542,0.5
490543,0.5
490544,0.5
490545,0.5
490546,0.5
490547,0.5
490548,0.5
490549,0.5
490550,0.5
490551,0.5
490552,0.5
490553,0.5
490554,0.5
490555,0.5
490556,0.5
490557,0.5
490558,0.5
490559,0.5
490560,0.5
490561,0.5
490562,0.5
490563,0.5
490564,0.5
490565,0.5
490566,0.5
490567,0.5
490568,0.5
490569,0.5
490570,0.5
490571,0.5
490572,0.5
490573,0.5
490574,0.5
490575,0.5
490576,0.5
490577,0.5
490578,0.5
490579,0.5
490580,0.5
490581,0.5
490582,0.5
490583,0.5
490584,0.5
490585,0.5
490586,0.5
490587,0.5
490588,0.5
490589,0.5
490590,0.5
490591,0.5
490592,0.5
490593,0.5
490594,0.5
490595,0.5
490596,0.5
490597,0.5
490598,0.5
490599,0.5
490600,0.5
490601,0.5
490602,0.5
490603,0.5
490604,0.5
490605,0.5
490606,0.5
490607,0.5
490608,0.5
490609,0.5
490610,0.5
490611,0.5
490612,0.5
490613,0.5
490614,0.5
490615,0.5
490616,0.5
490617,0.5
490618,0.5
490619,0.5
490620,0.5
490621,0.5
490622,0.5
490623,0.5
490624,0.5
490625,0.5
490626,0.5
490627,0.5
490628,0.5
490629,0.5
490630,0.5
490631,0.5
490632,0.5
490633,0.5
490634,0.5
490635,0.5
490636,0.5
490637,0.5
490638,0.5
490639,0.5
490640,0.5
490641,0.5
490642,0.5
490643,0.5
490644,0.5
490645,0.5
490646,0.5
490647,0.5
490648,0.5
490649,0.5
490650,0.5
490651,0.5
490652,0.5
490653,0.5
490654,0.5
490655,0.5
490656,0.5
490657,0.5
490658,0.5
490659,0.5
490660,0.5
490661,0.5
490662,0.5
490663,0.5
490664,0.5
490665,0.5
490666,0.5
490667,0.5
490668,0.5
490669,0.5
490670,0.5
490671,0.5
490672,0.5
490673,0.5
490674,0.5
490675,0.5
490676,0.5
490677,0.5
490678,0.5
490679,0.5
490680,0.5
490681,0.5
490682,0.5
490683,0.5
490684,0.5
490685,0.5
490686,0.5
490687,0.5
490688,0.5
490689,0.5
490690,0.5
490691,0.5
490692,0.5
490693,0.5
490694,0.5
490695,0.5
490696,0.5
490697,0.5
490698,0.5
490699,0.5
490700,0.5
490701,0.5
490702,0.5
490703,0.5
490704,0.5
490705,0.5
490706,0.5
490707,0.5
490708,0.5
490709,0.5
490710,0.5
490711,0.5
490712,0.5
490713,0.5
490714,0.5
490715,0.5
490716,0.5
490717,0.5
490718,0.5
490719,0.5
490720,0.5
490721,0.5
490722,0.5
490723,0.5
490724,0.5
490725,0.5
490726,0.5
490727,0.5
490728,0.5
490729,0.5
490730,0.5
490731,0.5
490732,0.5
490733,0.5
490734,0.5
490735,0.5
490736,0.5
490737,0.5
490738,0.5
490739,0.5
490740,0.5
490741,0.5
490742,0.5
490743,0.5
490744,0.5
490745,0.5
490746,0.5
490747,0.5
490748,0.5
490749,0.5
490750,0.5
490751,0.5
490752,0.5
490753,0.5
490754,0.5
490755,0.5
490756,0.5
490757,0.5
490758,0.5
490759,0.5
490760,0.5
490761,0.5
490762,0.5
490763,0.5
490764,0.5
490765,0.5
490766,0.5
490767,0.5
490768,0.5
490769,0.5
490770,0.5
490771,0.5
490772,0.5
490773,0.5
490774,0.5
490775,0.5
490776,0.5
490777,0.5
490778,0.5
490779,0.5
490780,0.5
490781,0.5
490782,0.5
490783,0.5
490784,0.5
490785,0.5
490786,0.5
490787,0.5
490788,0.5
490789,0.5
490790,0.5
490791,0.5
490792,0.5
490793,0.5
490794,0.5
490795,0.5
490796,0.5
490797,0.5
490798,0.5
490799,0.5
490800,0.5
490801,0.5
490802,0.5
490803,0.5
490804,0.5
490805,0.5
490806,0.5
490807,0.5
490808,0.5
490809,0.5
490810,0.5
490811,0.5
490812,0.5
490813,0.5
490814,0.5
490815,0.5
490816,0.5
490817,0.5
490818,0.5
490819,0.5
490820,0.5
490821,0.5
490822,0.5
490823,0.5
490824,0.5
490825,0.5
490826,0.5
490827,0.5
490828,0.5
490829,0.5
490830,0.5
490831,0.5
490832,0.5
490833,0.5
490834,0.5
490835,0.5
490836,0.5
490837,0.5
490838,0.5
490839,0.5
490840,0.5
490841,0.5
490842,0.5
490843,0.5
490844,0.5
490845,0.5
490846,0.5
490847,0.5
490848,0.5
490849,0.5
490850,0.5
490851,0.5
490852,0.5
490853,0.5
490854,0.5
490855,0.5
490856,0.5
490857,0.5
490858,0.5
490859,0.5
490860,0.5
490861,0.5
490862,0.5
490863,0.5
490864,0.5
490865,0.5
490866,0.5
490867,0.5
490868,0.5
490869,0.5
490870,0.5
490871,0.5
490872,0.5
490873,0.5
490874,0.5
490875,0.5
490876,0.5
490877,0.5
490878,0.5
490879,0.5
490880,0.5
490881,0.5
490882,0.5
490883,0.5
490884,0.5
490885,0.5
490886,0.5
490887,0.5
490888,0.5
490889,0.5
490890,0.5
490891,0.5
490892,0.5
490893,0.5
490894,0.5
490895,0.5
490896,0.5
490897,0.5
490898,0.5
490899,0.5
490900,0.5
490901,0.5
490902,0.5
490903,0.5
490904,0.5
490905,0.5
490906,0.5
490907,0.5
490908,0.5
490909,0.5
490910,0.5
490911,0.5
490912,0.5
490913,0.5
490914,0.5
490915,0.5
490916,0.5
490917,0.5
490918,0.5
490919,0.5
490920,0.5
490921,0.5
490922,0.5
490923,0.5
490924,0.5
490925,0.5
490926,0.5
490927,0.5
490928,0.5
490929,0.5
490930,0.5
490931,0.5
490932,0.5
490933,0.5
490934,0.5
490935,0.5
490936,0.5
490937,0.5
490938,0.5
490939,0.5
490940,0.5
490941,0.5
490942,0.5
490943,0.5
490944,0.5
490945,0.5
490946,0.5
490947,0.5
490948,0.5
490949,0.5
490950,0.5
490951,0.5
490952,0.5
490953,0.5
490954,0.5
490955,0.5
490956,0.5
490957,0.5
490958,0.5
490959,0.5
490960,0.5
490961,0.5
490962,0.5
490963,0.5
490964,0.5
490965,0.5
490966,0.5
490967,0.5
490968,0.5
490969,0.5
490970,0.5
490971,0.5
490972,0.5
490973,0.5
490974,0.5
490975,0.5
490976,0.5
490977,0.5
490978,0.5
490979,0.5
490980,0.5
490981,0.5
490982,0.5
490983,0.5
490984,0.5
490985,0.5
490986,0.5
490987,0.5
490988,0.5
490989,0.5
490990,0.5
490991,0.5
490992,0.5
490993,0.5
490994,0.5
490995,0.5
490996,0.5
490997,0.5
490998,0.5
490999,0.5
491000,0.5
491001,0.5
491002,0.5
491003,0.5
491004,0.5
491005,0.5
491006,0.5
491007,0.5
491008,0.5
491009,0.5
491010,0.5
491011,0.5
491012,0.5
491013,0.5
491014,0.5
491015,0.5
491016,0.5
491017,0.5
491018,0.5
491019,0.5
491020,0.5
491021,0.5
491022,0.5
491023,0.5
491024,0.5
491025,0.5
491026,0.5
491027,0.5
491028,0.5
491029,0.5
491030,0.5
491031,0.5
491032,0.5
491033,0.5
491034,0.5
491035,0.5
491036,0.5
491037,0.5
491038,0.5
491039,0.5
491040,0.5
491041,0.5
491042,0.5
491043,0.5
491044,0.5
491045,0.5
491046,0.5
491047,0.5
491048,0.5
491049,0.5
491050,0.5
491051,0.5
491052,0.5
491053,0.5
491054,0.5
491055,0.5
491056,0.5
491057,0.5
491058,0.5
491059,0.5
491060,0.5
491061,0.5
491062,0.5
491063,0.5
491064,0.5
491065,0.5
491066,0.5
491067,0.5
491068,0.5
491069,0.5
491070,0.5
491071,0.5
491072,0.5
491073,0.5
491074,0.5
491075,0.5
491076,0.5
491077,0.5
491078,0.5
491079,0.5
491080,0.5
491081,0.5
491082,0.5
491083,0.5
491084,0.5
491085,0.5
491086,0.5
491087,0.5
491088,0.5
491089,0.5
491090,0.5
491091,0.5
491092,0.5
491093,0.5
491094,0.5
491095,0.5
491096,0.5
491097,0.5
491098,0.5
491099,0.5
491100,0.5
491101,0.5
491102,0.5
491103,0.5
491104,0.5
491105,0.5
491106,0.5
491107,0.5
491108,0.5
491109,0.5
491110,0.5
491111,0.5
491112,0.5
491113,0.5
491114,0.5
491115,0.5
491116,0.5
491117,0.5
491118,0.5
491119,0.5
491120,0.5
491121,0.5
491122,0.5
491123,0.5
491124,0.5
491125,0.5
491126,0.5
491127,0.5
491128,0.5
491129,0.5
491130,0.5
491131,0.5
491132,0.5
491133,0.5
491134,0.5
491135,0.5
491136,0.5
491137,0.5
491138,0.5
491139,0.5
491140,0.5
491141,0.5
491142,0.5
491143,0.5
491144,0.5
491145,0.5
491146,0.5
491147,0.5
491148,0.5
491149,0.5
491150,0.5
491151,0.5
491152,0.5
491153,0.5
491154,0.5
491155,0.5
491156,0.5
491157,0.5
491158,0.5
491159,0.5
491160,0.5
491161,0.5
491162,0.5
491163,0.5
491164,0.5
491165,0.5
491166,0.5
491167,0.5
491168,0.5
491169,0.5
491170,0.5
491171,0.5
491172,0.5
491173,0.5
491174,0.5
491175,0.5
491176,0.5
491177,0.5
491178,0.5
491179,0.5
491180,0.5
491181,0.5
491182,0.5
491183,0.5
491184,0.5
491185,0.5
491186,0.5
491187,0.5
491188,0.5
491189,0.5
491190,0.5
491191,0.5
491192,0.5
491193,0.5
491194,0.5
491195,0.5
491196,0.5
491197,0.5
491198,0.5
491199,0.5
491200,0.5
491201,0.5
491202,0.5
491203,0.5
491204,0.5
491205,0.5
491206,0.5
491207,0.5
491208,0.5
491209,0.5
491210,0.5
491211,0.5
491212,0.5
491213,0.5
491214,0.5
491215,0.5
491216,0.5
491217,0.5
491218,0.5
491219,0.5
491220,0.5
491221,0.5
491222,0.5
491223,0.5
491224,0.5
491225,0.5
491226,0.5
491227,0.5
491228,0.5
491229,0.5
491230,0.5
491231,0.5
491232,0.5
491233,0.5
491234,0.5
491235,0.5
491236,0.5
491237,0.5
491238,0.5
491239,0.5
491240,0.5
491241,0.5
491242,0.5
491243,0.5
491244,0.5
491245,0.5
491246,0.5
491247,0.5
491248,0.5
491249,0.5
491250,0.5
491251,0.5
491252,0.5
491253,0.5
491254,0.5
491255,0.5
491256,0.5
491257,0.5
491258,0.5
491259,0.5
491260,0.5
491261,0.5
491262,0.5
491263,0.5
491264,0.5
491265,0.5
491266,0.5
491267,0.5
491268,0.5
491269,0.5
491270,0.5
491271,0.5
491272,0.5
491273,0.5
491274,0.5
491275,0.5
491276,0.5
491277,0.5
491278,0.5
491279,0.5
491280,0.5
491281,0.5
491282,0.5
491283,0.5
491284,0.5
491285,0.5
491286,0.5
491287,0.5
491288,0.5
491289,0.5
491290,0.5
491291,0.5
491292,0.5
491293,0.5
491294,0.5
491295,0.5
491296,0.5
491297,0.5
491298,0.5
491299,0.5
491300,0.5
491301,0.5
491302,0.5
491303,0.5
491304,0.5
491305,0.5
491306,0.5
491307,0.5
491308,0.5
491309,0.5
491310,0.5
491311,0.5
491312,0.5
491313,0.5
491314,0.5
491315,0.5
491316,0.5
491317,0.5
491318,0.5
491319,0.5
491320,0.5
491321,0.5
491322,0.5
491323,0.5
491324,0.5
491325,0.5
491326,0.5
491327,0.5
491328,0.5
491329,0.5
491330,0.5
491331,0.5
491332,0.5
491333,0.5
491334,0.5
491335,0.5
491336,0.5
491337,0.5
491338,0.5
491339,0.5
491340,0.5
491341,0.5
491342,0.5
491343,0.5
491344,0.5
491345,0.5
491346,0.5
491347,0.5
491348,0.5
491349,0.5
491350,0.5
491351,0.5
491352,0.5
491353,0.5
491354,0.5
491355,0.5
491356,0.5
491357,0.5
491358,0.5
491359,0.5
491360,0.5
491361,0.5
491362,0.5
491363,0.5
491364,0.5
491365,0.5
491366,0.5
491367,0.5
491368,0.5
491369,0.5
491370,0.5
491371,0.5
491372,0.5
491373,0.5
491374,0.5
491375,0.5
491376,0.5
491377,0.5
491378,0.5
491379,0.5
491380,0.5
491381,0.5
491382,0.5
491383,0.5
491384,0.5
491385,0.5
491386,0.5
491387,0.5
491388,0.5
491389,0.5
491390,0.5
491391,0.5
491392,0.5
491393,0.5
491394,0.5
491395,0.5
491396,0.5
491397,0.5
491398,0.5
491399,0.5
491400,0.5
491401,0.5
491402,0.5
491403,0.5
491404,0.5
491405,0.5
491406,0.5
491407,0.5
491408,0.5
491409,0.5
491410,0.5
491411,0.5
491412,0.5
491413,0.5
491414,0.5
491415,0.5
491416,0.5
491417,0.5
491418,0.5
491419,0.5
491420,0.5
491421,0.5
491422,0.5
491423,0.5
491424,0.5
491425,0.5
491426,0.5
491427,0.5
491428,0.5
491429,0.5
491430,0.5
491431,0.5
491432,0.5
491433,0.5
491434,0.5
491435,0.5
491436,0.5
491437,0.5
491438,0.5
491439,0.5
491440,0.5
491441,0.5
491442,0.5
491443,0.5
491444,0.5
491445,0.5
491446,0.5
491447,0.5
491448,0.5
491449,0.5
491450,0.5
491451,0.5
491452,0.5
491453,0.5
491454,0.5
491455,0.5
491456,0.5
491457,0.5
491458,0.5
491459,0.5
491460,0.5
491461,0.5
491462,0.5
491463,0.5
491464,0.5
491465,0.5
491466,0.5
491467,0.5
491468,0.5
491469,0.5
491470,0.5
491471,0.5
491472,0.5
491473,0.5
491474,0.5
491475,0.5
491476,0.5
491477,0.5
491478,0.5
491479,0.5
491480,0.5
491481,0.5
491482,0.5
491483,0.5
491484,0.5
491485,0.5
491486,0.5
491487,0.5
491488,0.5
491489,0.5
491490,0.5
491491,0.5
491492,0.5
491493,0.5
491494,0.5
491495,0.5
491496,0.5
491497,0.5
491498,0.5
491499,0.5
491500,0.5
491501,0.5
491502,0.5
491503,0.5
491504,0.5
491505,0.5
491506,0.5
491507,0.5
491508,0.5
491509,0.5
491510,0.5
491511,0.5
491512,0.5
491513,0.5
491514,0.5
491515,0.5
491516,0.5
491517,0.5
491518,0.5
491519,0.5
491520,0.5
491521,0.5
491522,0.5
491523,0.5
491524,0.5
491525,0.5
491526,0.5
491527,0.5
491528,0.5
491529,0.5
491530,0.5
491531,0.5
491532,0.5
491533,0.5
491534,0.5
491535,0.5
491536,0.5
491537,0.5
491538,0.5
491539,0.5
491540,0.5
491541,0.5
491542,0.5
491543,0.5
491544,0.5
491545,0.5
491546,0.5
491547,0.5
491548,0.5
491549,0.5
491550,0.5
491551,0.5
491552,0.5
491553,0.5
491554,0.5
491555,0.5
491556,0.5
491557,0.5
491558,0.5
491559,0.5
491560,0.5
491561,0.5
491562,0.5
491563,0.5
491564,0.5
491565,0.5
491566,0.5
491567,0.5
491568,0.5
491569,0.5
491570,0.5
491571,0.5
491572,0.5
491573,0.5
491574,0.5
491575,0.5
491576,0.5
491577,0.5
491578,0.5
491579,0.5
491580,0.5
491581,0.5
491582,0.5
491583,0.5
491584,0.5
491585,0.5
491586,0.5
491587,0.5
491588,0.5
491589,0.5
491590,0.5
491591,0.5
491592,0.5
491593,0.5
491594,0.5
491595,0.5
491596,0.5
491597,0.5
491598,0.5
491599,0.5
491600,0.5
491601,0.5
491602,0.5
491603,0.5
491604,0.5
491605,0.5
491606,0.5
491607,0.5
491608,0.5
491609,0.5
491610,0.5
491611,0.5
491612,0.5
491613,0.5
491614,0.5
491615,0.5
491616,0.5
491617,0.5
491618,0.5
491619,0.5
491620,0.5
491621,0.5
491622,0.5
491623,0.5
491624,0.5
491625,0.5
491626,0.5
491627,0.5
491628,0.5
491629,0.5
491630,0.5
491631,0.5
491632,0.5
491633,0.5
491634,0.5
491635,0.5
491636,0.5
491637,0.5
491638,0.5
491639,0.5
491640,0.5
491641,0.5
491642,0.5
491643,0.5
491644,0.5
491645,0.5
491646,0.5
491647,0.5
491648,0.5
491649,0.5
491650,0.5
491651,0.5
491652,0.5
491653,0.5
491654,0.5
491655,0.5
491656,0.5
491657,0.5
491658,0.5
491659,0.5
491660,0.5
491661,0.5
491662,0.5
491663,0.5
491664,0.5
491665,0.5
491666,0.5
491667,0.5
491668,0.5
491669,0.5
491670,0.5
491671,0.5
491672,0.5
491673,0.5
491674,0.5
491675,0.5
491676,0.5
491677,0.5
491678,0.5
491679,0.5
491680,0.5
491681,0.5
491682,0.5
491683,0.5
491684,0.5
491685,0.5
491686,0.5
491687,0.5
491688,0.5
491689,0.5
491690,0.5
491691,0.5
491692,0.5
491693,0.5
491694,0.5
491695,0.5
491696,0.5
491697,0.5
491698,0.5
491699,0.5
491700,0.5
491701,0.5
491702,0.5
491703,0.5
491704,0.5
491705,0.5
491706,0.5
491707,0.5
491708,0.5
491709,0.5
491710,0.5
491711,0.5
491712,0.5
491713,0.5
491714,0.5
491715,0.5
491716,0.5
491717,0.5
491718,0.5
491719,0.5
491720,0.5
491721,0.5
491722,0.5
491723,0.5
491724,0.5
491725,0.5
491726,0.5
491727,0.5
491728,0.5
491729,0.5
491730,0.5
491731,0.5
491732,0.5
491733,0.5
491734,0.5
491735,0.5
491736,0.5
491737,0.5
491738,0.5
491739,0.5
491740,0.5
491741,0.5
491742,0.5
491743,0.5
491744,0.5
491745,0.5
491746,0.5
491747,0.5
491748,0.5
491749,0.5
491750,0.5
491751,0.5
491752,0.5
491753,0.5
491754,0.5
491755,0.5
491756,0.5
491757,0.5
491758,0.5
491759,0.5
491760,0.5
491761,0.5
491762,0.5
491763,0.5
491764,0.5
491765,0.5
491766,0.5
491767,0.5
491768,0.5
491769,0.5
491770,0.5
491771,0.5
491772,0.5
491773,0.5
491774,0.5
491775,0.5
491776,0.5
491777,0.5
491778,0.5
491779,0.5
491780,0.5
491781,0.5
491782,0.5
491783,0.5
491784,0.5
491785,0.5
491786,0.5
491787,0.5
491788,0.5
491789,0.5
491790,0.5
491791,0.5
491792,0.5
491793,0.5
491794,0.5
491795,0.5
491796,0.5
491797,0.5
491798,0.5
491799,0.5
491800,0.5
491801,0.5
491802,0.5
491803,0.5
491804,0.5
491805,0.5
491806,0.5
491807,0.5
491808,0.5
491809,0.5
491810,0.5
491811,0.5
491812,0.5
491813,0.5
491814,0.5
491815,0.5
491816,0.5
491817,0.5
491818,0.5
491819,0.5
491820,0.5
491821,0.5
491822,0.5
491823,0.5
491824,0.5
491825,0.5
491826,0.5
491827,0.5
491828,0.5
491829,0.5
491830,0.5
491831,0.5
491832,0.5
491833,0.5
491834,0.5
491835,0.5
491836,0.5
491837,0.5
491838,0.5
491839,0.5
491840,0.5
491841,0.5
491842,0.5
491843,0.5
491844,0.5
491845,0.5
491846,0.5
491847,0.5
491848,0.5
491849,0.5
491850,0.5
491851,0.5
491852,0.5
491853,0.5
491854,0.5
491855,0.5
491856,0.5
491857,0.5
491858,0.5
491859,0.5
491860,0.5
491861,0.5
491862,0.5
491863,0.5
491864,0.5
491865,0.5
491866,0.5
491867,0.5
491868,0.5
491869,0.5
491870,0.5
491871,0.5
491872,0.5
491873,0.5
491874,0.5
491875,0.5
491876,0.5
491877,0.5
491878,0.5
491879,0.5
491880,0.5
491881,0.5
491882,0.5
491883,0.5
491884,0.5
491885,0.5
491886,0.5
491887,0.5
491888,0.5
491889,0.5
491890,0.5
491891,0.5
491892,0.5
491893,0.5
491894,0.5
491895,0.5
491896,0.5
491897,0.5
491898,0.5
491899,0.5
491900,0.5
491901,0.5
491902,0.5
491903,0.5
491904,0.5
491905,0.5
491906,0.5
491907,0.5
491908,0.5
491909,0.5
491910,0.5
491911,0.5
491912,0.5
491913,0.5
491914,0.5
491915,0.5
491916,0.5
491917,0.5
491918,0.5
491919,0.5
491920,0.5
491921,0.5
491922,0.5
491923,0.5
491924,0.5
491925,0.5
491926,0.5
491927,0.5
491928,0.5
491929,0.5
491930,0.5
491931,0.5
491932,0.5
491933,0.5
491934,0.5
491935,0.5
491936,0.5
491937,0.5
491938,0.5
491939,0.5
491940,0.5
491941,0.5
491942,0.5
491943,0.5
491944,0.5
491945,0.5
491946,0.5
491947,0.5
491948,0.5
491949,0.5
491950,0.5
491951,0.5
491952,0.5
491953,0.5
491954,0.5
491955,0.5
491956,0.5
491957,0.5
491958,0.5
491959,0.5
491960,0.5
491961,0.5
491962,0.5
491963,0.5
491964,0.5
491965,0.5
491966,0.5
491967,0.5
491968,0.5
491969,0.5
491970,0.5
491971,0.5
491972,0.5
491973,0.5
491974,0.5
491975,0.5
491976,0.5
491977,0.5
491978,0.5
491979,0.5
491980,0.5
491981,0.5
491982,0.5
491983,0.5
491984,0.5
491985,0.5
491986,0.5
491987,0.5
491988,0.5
491989,0.5
491990,0.5
491991,0.5
491992,0.5
491993,0.5
491994,0.5
491995,0.5
491996,0.5
491997,0.5
491998,0.5
491999,0.5
492000,0.5
492001,0.5
492002,0.5
492003,0.5
492004,0.5
492005,0.5
492006,0.5
492007,0.5
492008,0.5
492009,0.5
492010,0.5
492011,0.5
492012,0.5
492013,0.5
492014,0.5
492015,0.5
492016,0.5
492017,0.5
492018,0.5
492019,0.5
492020,0.5
492021,0.5
492022,0.5
492023,0.5
492024,0.5
492025,0.5
492026,0.5
492027,0.5
492028,0.5
492029,0.5
492030,0.5
492031,0.5
492032,0.5
492033,0.5
492034,0.5
492035,0.5
492036,0.5
492037,0.5
492038,0.5
492039,0.5
492040,0.5
492041,0.5
492042,0.5
492043,0.5
492044,0.5
492045,0.5
492046,0.5
492047,0.5
492048,0.5
492049,0.5
492050,0.5
492051,0.5
492052,0.5
492053,0.5
492054,0.5
492055,0.5
492056,0.5
492057,0.5
492058,0.5
492059,0.5
492060,0.5
492061,0.5
492062,0.5
492063,0.5
492064,0.5
492065,0.5
492066,0.5
492067,0.5
492068,0.5
492069,0.5
492070,0.5
492071,0.5
492072,0.5
492073,0.5
492074,0.5
492075,0.5
492076,0.5
492077,0.5
492078,0.5
492079,0.5
492080,0.5
492081,0.5
492082,0.5
492083,0.5
492084,0.5
492085,0.5
492086,0.5
492087,0.5
492088,0.5
492089,0.5
492090,0.5
492091,0.5
492092,0.5
492093,0.5
492094,0.5
492095,0.5
492096,0.5
492097,0.5
492098,0.5
492099,0.5
492100,0.5
492101,0.5
492102,0.5
492103,0.5
492104,0.5
492105,0.5
492106,0.5
492107,0.5
492108,0.5
492109,0.5
492110,0.5
492111,0.5
492112,0.5
492113,0.5
492114,0.5
492115,0.5
492116,0.5
492117,0.5
492118,0.5
492119,0.5
492120,0.5
492121,0.5
492122,0.5
492123,0.5
492124,0.5
492125,0.5
492126,0.5
492127,0.5
492128,0.5
492129,0.5
492130,0.5
492131,0.5
492132,0.5
492133,0.5
492134,0.5
492135,0.5
492136,0.5
492137,0.5
492138,0.5
492139,0.5
492140,0.5
492141,0.5
492142,0.5
492143,0.5
492144,0.5
492145,0.5
492146,0.5
492147,0.5
492148,0.5
492149,0.5
492150,0.5
492151,0.5
492152,0.5
492153,0.5
492154,0.5
492155,0.5
492156,0.5
492157,0.5
492158,0.5
492159,0.5
492160,0.5
492161,0.5
492162,0.5
492163,0.5
492164,0.5
492165,0.5
492166,0.5
492167,0.5
492168,0.5
492169,0.5
492170,0.5
492171,0.5
492172,0.5
492173,0.5
492174,0.5
492175,0.5
492176,0.5
492177,0.5
492178,0.5
492179,0.5
492180,0.5
492181,0.5
492182,0.5
492183,0.5
492184,0.5
492185,0.5
492186,0.5
492187,0.5
492188,0.5
492189,0.5
492190,0.5
492191,0.5
492192,0.5
492193,0.5
492194,0.5
492195,0.5
492196,0.5
492197,0.5
492198,0.5
492199,0.5
492200,0.5
492201,0.5
492202,0.5
492203,0.5
492204,0.5
492205,0.5
492206,0.5
492207,0.5
492208,0.5
492209,0.5
492210,0.5
492211,0.5
492212,0.5
492213,0.5
492214,0.5
492215,0.5
492216,0.5
492217,0.5
492218,0.5
492219,0.5
492220,0.5
492221,0.5
492222,0.5
492223,0.5
492224,0.5
492225,0.5
492226,0.5
492227,0.5
492228,0.5
492229,0.5
492230,0.5
492231,0.5
492232,0.5
492233,0.5
492234,0.5
492235,0.5
492236,0.5
492237,0.5
492238,0.5
492239,0.5
492240,0.5
492241,0.5
492242,0.5
492243,0.5
492244,0.5
492245,0.5
492246,0.5
492247,0.5
492248,0.5
492249,0.5
492250,0.5
492251,0.5
492252,0.5
492253,0.5
492254,0.5
492255,0.5
492256,0.5
492257,0.5
492258,0.5
492259,0.5
492260,0.5
492261,0.5
492262,0.5
492263,0.5
492264,0.5
492265,0.5
492266,0.5
492267,0.5
492268,0.5
492269,0.5
492270,0.5
492271,0.5
492272,0.5
492273,0.5
492274,0.5
492275,0.5
492276,0.5
492277,0.5
492278,0.5
492279,0.5
492280,0.5
492281,0.5
492282,0.5
492283,0.5
492284,0.5
492285,0.5
492286,0.5
492287,0.5
492288,0.5
492289,0.5
492290,0.5
492291,0.5
492292,0.5
492293,0.5
492294,0.5
492295,0.5
492296,0.5
492297,0.5
492298,0.5
492299,0.5
492300,0.5
492301,0.5
492302,0.5
492303,0.5
492304,0.5
492305,0.5
492306,0.5
492307,0.5
492308,0.5
492309,0.5
492310,0.5
492311,0.5
492312,0.5
492313,0.5
492314,0.5
492315,0.5
492316,0.5
492317,0.5
492318,0.5
492319,0.5
492320,0.5
492321,0.5
492322,0.5
492323,0.5
492324,0.5
492325,0.5
492326,0.5
492327,0.5
492328,0.5
492329,0.5
492330,0.5
492331,0.5
492332,0.5
492333,0.5
492334,0.5
492335,0.5
492336,0.5
492337,0.5
492338,0.5
492339,0.5
492340,0.5
492341,0.5
492342,0.5
492343,0.5
492344,0.5
492345,0.5
492346,0.5
492347,0.5
492348,0.5
492349,0.5
492350,0.5
492351,0.5
492352,0.5
492353,0.5
492354,0.5
492355,0.5
492356,0.5
492357,0.5
492358,0.5
492359,0.5
492360,0.5
492361,0.5
492362,0.5
492363,0.5
492364,0.5
492365,0.5
492366,0.5
492367,0.5
492368,0.5
492369,0.5
492370,0.5
492371,0.5
492372,0.5
492373,0.5
492374,0.5
492375,0.5
492376,0.5
492377,0.5
492378,0.5
492379,0.5
492380,0.5
492381,0.5
492382,0.5
492383,0.5
492384,0.5
492385,0.5
492386,0.5
492387,0.5
492388,0.5
492389,0.5
492390,0.5
492391,0.5
492392,0.5
492393,0.5
492394,0.5
492395,0.5
492396,0.5
492397,0.5
492398,0.5
492399,0.5
492400,0.5
492401,0.5
492402,0.5
492403,0.5
492404,0.5
492405,0.5
492406,0.5
492407,0.5
492408,0.5
492409,0.5
492410,0.5
492411,0.5
492412,0.5
492413,0.5
492414,0.5
492415,0.5
492416,0.5
492417,0.5
492418,0.5
492419,0.5
492420,0.5
492421,0.5
492422,0.5
492423,0.5
492424,0.5
492425,0.5
492426,0.5
492427,0.5
492428,0.5
492429,0.5
492430,0.5
492431,0.5
492432,0.5
492433,0.5
492434,0.5
492435,0.5
492436,0.5
492437,0.5
492438,0.5
492439,0.5
492440,0.5
492441,0.5
492442,0.5
492443,0.5
492444,0.5
492445,0.5
492446,0.5
492447,0.5
492448,0.5
492449,0.5
492450,0.5
492451,0.5
492452,0.5
492453,0.5
492454,0.5
492455,0.5
492456,0.5
492457,0.5
492458,0.5
492459,0.5
492460,0.5
492461,0.5
492462,0.5
492463,0.5
492464,0.5
492465,0.5
492466,0.5
492467,0.5
492468,0.5
492469,0.5
492470,0.5
492471,0.5
492472,0.5
492473,0.5
492474,0.5
492475,0.5
492476,0.5
492477,0.5
492478,0.5
492479,0.5
492480,0.5
492481,0.5
492482,0.5
492483,0.5
492484,0.5
492485,0.5
492486,0.5
492487,0.5
492488,0.5
492489,0.5
492490,0.5
492491,0.5
492492,0.5
492493,0.5
492494,0.5
492495,0.5
492496,0.5
492497,0.5
492498,0.5
492499,0.5
492500,0.5
492501,0.5
492502,0.5
492503,0.5
492504,0.5
492505,0.5
492506,0.5
492507,0.5
492508,0.5
492509,0.5
492510,0.5
492511,0.5
492512,0.5
492513,0.5
492514,0.5
492515,0.5
492516,0.5
492517,0.5
492518,0.5
492519,0.5
492520,0.5
492521,0.5
492522,0.5
492523,0.5
492524,0.5
492525,0.5
492526,0.5
492527,0.5
492528,0.5
492529,0.5
492530,0.5
492531,0.5
492532,0.5
492533,0.5
492534,0.5
492535,0.5
492536,0.5
492537,0.5
492538,0.5
492539,0.5
492540,0.5
492541,0.5
492542,0.5
492543,0.5
492544,0.5
492545,0.5
492546,0.5
492547,0.5
492548,0.5
492549,0.5
492550,0.5
492551,0.5
492552,0.5
492553,0.5
492554,0.5
492555,0.5
492556,0.5
492557,0.5
492558,0.5
492559,0.5
492560,0.5
492561,0.5
492562,0.5
492563,0.5
492564,0.5
492565,0.5
492566,0.5
492567,0.5
492568,0.5
492569,0.5
492570,0.5
492571,0.5
492572,0.5
492573,0.5
492574,0.5
492575,0.5
492576,0.5
492577,0.5
492578,0.5
492579,0.5
492580,0.5
492581,0.5
492582,0.5
492583,0.5
492584,0.5
492585,0.5
492586,0.5
492587,0.5
492588,0.5
492589,0.5
492590,0.5
492591,0.5
492592,0.5
492593,0.5
492594,0.5
492595,0.5
492596,0.5
492597,0.5
492598,0.5
492599,0.5
492600,0.5
492601,0.5
492602,0.5
492603,0.5
492604,0.5
492605,0.5
492606,0.5
492607,0.5
492608,0.5
492609,0.5
492610,0.5
492611,0.5
492612,0.5
492613,0.5
492614,0.5
492615,0.5
492616,0.5
492617,0.5
492618,0.5
492619,0.5
492620,0.5
492621,0.5
492622,0.5
492623,0.5
492624,0.5
492625,0.5
492626,0.5
492627,0.5
492628,0.5
492629,0.5
492630,0.5
492631,0.5
492632,0.5
492633,0.5
492634,0.5
492635,0.5
492636,0.5
492637,0.5
492638,0.5
492639,0.5
492640,0.5
492641,0.5
492642,0.5
492643,0.5
492644,0.5
492645,0.5
492646,0.5
492647,0.5
492648,0.5
492649,0.5
492650,0.5
492651,0.5
492652,0.5
492653,0.5
492654,0.5
492655,0.5
492656,0.5
492657,0.5
492658,0.5
492659,0.5
492660,0.5
492661,0.5
492662,0.5
492663,0.5
492664,0.5
492665,0.5
492666,0.5
492667,0.5
492668,0.5
492669,0.5
492670,0.5
492671,0.5
492672,0.5
492673,0.5
492674,0.5
492675,0.5
492676,0.5
492677,0.5
492678,0.5
492679,0.5
492680,0.5
492681,0.5
492682,0.5
492683,0.5
492684,0.5
492685,0.5
492686,0.5
492687,0.5
492688,0.5
492689,0.5
492690,0.5
492691,0.5
492692,0.5
492693,0.5
492694,0.5
492695,0.5
492696,0.5
492697,0.5
492698,0.5
492699,0.5
492700,0.5
492701,0.5
492702,0.5
492703,0.5
492704,0.5
492705,0.5
492706,0.5
492707,0.5
492708,0.5
492709,0.5
492710,0.5
492711,0.5
492712,0.5
492713,0.5
492714,0.5
492715,0.5
492716,0.5
492717,0.5
492718,0.5
492719,0.5
492720,0.5
492721,0.5
492722,0.5
492723,0.5
492724,0.5
492725,0.5
492726,0.5
492727,0.5
492728,0.5
492729,0.5
492730,0.5
492731,0.5
492732,0.5
492733,0.5
492734,0.5
492735,0.5
492736,0.5
492737,0.5
492738,0.5
492739,0.5
492740,0.5
492741,0.5
492742,0.5
492743,0.5
492744,0.5
492745,0.5
492746,0.5
492747,0.5
492748,0.5
492749,0.5
492750,0.5
492751,0.5
492752,0.5
492753,0.5
492754,0.5
492755,0.5
492756,0.5
492757,0.5
492758,0.5
492759,0.5
492760,0.5
492761,0.5
492762,0.5
492763,0.5
492764,0.5
492765,0.5
492766,0.5
492767,0.5
492768,0.5
492769,0.5
492770,0.5
492771,0.5
492772,0.5
492773,0.5
492774,0.5
492775,0.5
492776,0.5
492777,0.5
492778,0.5
492779,0.5
492780,0.5
492781,0.5
492782,0.5
492783,0.5
492784,0.5
492785,0.5
492786,0.5
492787,0.5
492788,0.5
492789,0.5
492790,0.5
492791,0.5
492792,0.5
492793,0.5
492794,0.5
492795,0.5
492796,0.5
492797,0.5
492798,0.5
492799,0.5
492800,0.5
492801,0.5
492802,0.5
492803,0.5
492804,0.5
492805,0.5
492806,0.5
492807,0.5
492808,0.5
492809,0.5
492810,0.5
492811,0.5
492812,0.5
492813,0.5
492814,0.5
492815,0.5
492816,0.5
492817,0.5
492818,0.5
492819,0.5
492820,0.5
492821,0.5
492822,0.5
492823,0.5
492824,0.5
492825,0.5
492826,0.5
492827,0.5
492828,0.5
492829,0.5
492830,0.5
492831,0.5
492832,0.5
492833,0.5
492834,0.5
492835,0.5
492836,0.5
492837,0.5
492838,0.5
492839,0.5
492840,0.5
492841,0.5
492842,0.5
492843,0.5
492844,0.5
492845,0.5
492846,0.5
492847,0.5
492848,0.5
492849,0.5
492850,0.5
492851,0.5
492852,0.5
492853,0.5
492854,0.5
492855,0.5
492856,0.5
492857,0.5
492858,0.5
492859,0.5
492860,0.5
492861,0.5
492862,0.5
492863,0.5
492864,0.5
492865,0.5
492866,0.5
492867,0.5
492868,0.5
492869,0.5
492870,0.5
492871,0.5
492872,0.5
492873,0.5
492874,0.5
492875,0.5
492876,0.5
492877,0.5
492878,0.5
492879,0.5
492880,0.5
492881,0.5
492882,0.5
492883,0.5
492884,0.5
492885,0.5
492886,0.5
492887,0.5
492888,0.5
492889,0.5
492890,0.5
492891,0.5
492892,0.5
492893,0.5
492894,0.5
492895,0.5
492896,0.5
492897,0.5
492898,0.5
492899,0.5
492900,0.5
492901,0.5
492902,0.5
492903,0.5
492904,0.5
492905,0.5
492906,0.5
492907,0.5
492908,0.5
492909,0.5
492910,0.5
492911,0.5
492912,0.5
492913,0.5
492914,0.5
492915,0.5
492916,0.5
492917,0.5
492918,0.5
492919,0.5
492920,0.5
492921,0.5
492922,0.5
492923,0.5
492924,0.5
492925,0.5
492926,0.5
492927,0.5
492928,0.5
492929,0.5
492930,0.5
492931,0.5
492932,0.5
492933,0.5
492934,0.5
492935,0.5
492936,0.5
492937,0.5
492938,0.5
492939,0.5
492940,0.5
492941,0.5
492942,0.5
492943,0.5
492944,0.5
492945,0.5
492946,0.5
492947,0.5
492948,0.5
492949,0.5
492950,0.5
492951,0.5
492952,0.5
492953,0.5
492954,0.5
492955,0.5
492956,0.5
492957,0.5
492958,0.5
492959,0.5
492960,0.5
492961,0.5
492962,0.5
492963,0.5
492964,0.5
492965,0.5
492966,0.5
492967,0.5
492968,0.5
492969,0.5
492970,0.5
492971,0.5
492972,0.5
492973,0.5
492974,0.5
492975,0.5
492976,0.5
492977,0.5
492978,0.5
492979,0.5
492980,0.5
492981,0.5
492982,0.5
492983,0.5
492984,0.5
492985,0.5
492986,0.5
492987,0.5
492988,0.5
492989,0.5
492990,0.5
492991,0.5
492992,0.5
492993,0.5
492994,0.5
492995,0.5
492996,0.5
492997,0.5
492998,0.5
492999,0.5
493000,0.5
493001,0.5
493002,0.5
493003,0.5
493004,0.5
493005,0.5
493006,0.5
493007,0.5
493008,0.5
493009,0.5
493010,0.5
493011,0.5
493012,0.5
493013,0.5
493014,0.5
493015,0.5
493016,0.5
493017,0.5
493018,0.5
493019,0.5
493020,0.5
493021,0.5
493022,0.5
493023,0.5
493024,0.5
493025,0.5
493026,0.5
493027,0.5
493028,0.5
493029,0.5
493030,0.5
493031,0.5
493032,0.5
493033,0.5
493034,0.5
493035,0.5
493036,0.5
493037,0.5
493038,0.5
493039,0.5
493040,0.5
493041,0.5
493042,0.5
493043,0.5
493044,0.5
493045,0.5
493046,0.5
493047,0.5
493048,0.5
493049,0.5
493050,0.5
493051,0.5
493052,0.5
493053,0.5
493054,0.5
493055,0.5
493056,0.5
493057,0.5
493058,0.5
493059,0.5
493060,0.5
493061,0.5
493062,0.5
493063,0.5
493064,0.5
493065,0.5
493066,0.5
493067,0.5
493068,0.5
493069,0.5
493070,0.5
493071,0.5
493072,0.5
493073,0.5
493074,0.5
493075,0.5
493076,0.5
493077,0.5
493078,0.5
493079,0.5
493080,0.5
493081,0.5
493082,0.5
493083,0.5
493084,0.5
493085,0.5
493086,0.5
493087,0.5
493088,0.5
493089,0.5
493090,0.5
493091,0.5
493092,0.5
493093,0.5
493094,0.5
493095,0.5
493096,0.5
493097,0.5
493098,0.5
493099,0.5
493100,0.5
493101,0.5
493102,0.5
493103,0.5
493104,0.5
493105,0.5
493106,0.5
493107,0.5
493108,0.5
493109,0.5
493110,0.5
493111,0.5
493112,0.5
493113,0.5
493114,0.5
493115,0.5
493116,0.5
493117,0.5
493118,0.5
493119,0.5
493120,0.5
493121,0.5
493122,0.5
493123,0.5
493124,0.5
493125,0.5
493126,0.5
493127,0.5
493128,0.5
493129,0.5
493130,0.5
493131,0.5
493132,0.5
493133,0.5
493134,0.5
493135,0.5
493136,0.5
493137,0.5
493138,0.5
493139,0.5
493140,0.5
493141,0.5
493142,0.5
493143,0.5
493144,0.5
493145,0.5
493146,0.5
493147,0.5
493148,0.5
493149,0.5
493150,0.5
493151,0.5
493152,0.5
493153,0.5
493154,0.5
493155,0.5
493156,0.5
493157,0.5
493158,0.5
493159,0.5
493160,0.5
493161,0.5
493162,0.5
493163,0.5
493164,0.5
493165,0.5
493166,0.5
493167,0.5
493168,0.5
493169,0.5
493170,0.5
493171,0.5
493172,0.5
493173,0.5
493174,0.5
493175,0.5
493176,0.5
493177,0.5
493178,0.5
493179,0.5
493180,0.5
493181,0.5
493182,0.5
493183,0.5
493184,0.5
493185,0.5
493186,0.5
493187,0.5
493188,0.5
493189,0.5
493190,0.5
493191,0.5
493192,0.5
493193,0.5
493194,0.5
493195,0.5
493196,0.5
493197,0.5
493198,0.5
493199,0.5
493200,0.5
493201,0.5
493202,0.5
493203,0.5
493204,0.5
493205,0.5
493206,0.5
493207,0.5
493208,0.5
493209,0.5
493210,0.5
493211,0.5
493212,0.5
493213,0.5
493214,0.5
493215,0.5
493216,0.5
493217,0.5
493218,0.5
493219,0.5
493220,0.5
493221,0.5
493222,0.5
493223,0.5
493224,0.5
493225,0.5
493226,0.5
493227,0.5
493228,0.5
493229,0.5
493230,0.5
493231,0.5
493232,0.5
493233,0.5
493234,0.5
493235,0.5
493236,0.5
493237,0.5
493238,0.5
493239,0.5
493240,0.5
493241,0.5
493242,0.5
493243,0.5
493244,0.5
493245,0.5
493246,0.5
493247,0.5
493248,0.5
493249,0.5
493250,0.5
493251,0.5
493252,0.5
493253,0.5
493254,0.5
493255,0.5
493256,0.5
493257,0.5
493258,0.5
493259,0.5
493260,0.5
493261,0.5
493262,0.5
493263,0.5
493264,0.5
493265,0.5
493266,0.5
493267,0.5
493268,0.5
493269,0.5
493270,0.5
493271,0.5
493272,0.5
493273,0.5
493274,0.5
493275,0.5
493276,0.5
493277,0.5
493278,0.5
493279,0.5
493280,0.5
493281,0.5
493282,0.5
493283,0.5
493284,0.5
493285,0.5
493286,0.5
493287,0.5
493288,0.5
493289,0.5
493290,0.5
493291,0.5
493292,0.5
493293,0.5
493294,0.5
493295,0.5
493296,0.5
493297,0.5
493298,0.5
493299,0.5
493300,0.5
493301,0.5
493302,0.5
493303,0.5
493304,0.5
493305,0.5
493306,0.5
493307,0.5
493308,0.5
493309,0.5
493310,0.5
493311,0.5
493312,0.5
493313,0.5
493314,0.5
493315,0.5
493316,0.5
493317,0.5
493318,0.5
493319,0.5
493320,0.5
493321,0.5
493322,0.5
493323,0.5
493324,0.5
493325,0.5
493326,0.5
493327,0.5
493328,0.5
493329,0.5
493330,0.5
493331,0.5
493332,0.5
493333,0.5
493334,0.5
493335,0.5
493336,0.5
493337,0.5
493338,0.5
493339,0.5
493340,0.5
493341,0.5
493342,0.5
493343,0.5
493344,0.5
493345,0.5
493346,0.5
493347,0.5
493348,0.5
493349,0.5
493350,0.5
493351,0.5
493352,0.5
493353,0.5
493354,0.5
493355,0.5
493356,0.5
493357,0.5
493358,0.5
493359,0.5
493360,0.5
493361,0.5
493362,0.5
493363,0.5
493364,0.5
493365,0.5
493366,0.5
493367,0.5
493368,0.5
493369,0.5
493370,0.5
493371,0.5
493372,0.5
493373,0.5
493374,0.5
493375,0.5
493376,0.5
493377,0.5
493378,0.5
493379,0.5
493380,0.5
493381,0.5
493382,0.5
493383,0.5
493384,0.5
493385,0.5
493386,0.5
493387,0.5
493388,0.5
493389,0.5
493390,0.5
493391,0.5
493392,0.5
493393,0.5
493394,0.5
493395,0.5
493396,0.5
493397,0.5
493398,0.5
493399,0.5
493400,0.5
493401,0.5
493402,0.5
493403,0.5
493404,0.5
493405,0.5
493406,0.5
493407,0.5
493408,0.5
493409,0.5
493410,0.5
493411,0.5
493412,0.5
493413,0.5
493414,0.5
493415,0.5
493416,0.5
493417,0.5
493418,0.5
493419,0.5
493420,0.5
493421,0.5
493422,0.5
493423,0.5
493424,0.5
493425,0.5
493426,0.5
493427,0.5
493428,0.5
493429,0.5
493430,0.5
493431,0.5
493432,0.5
493433,0.5
493434,0.5
493435,0.5
493436,0.5
493437,0.5
493438,0.5
493439,0.5
493440,0.5
493441,0.5
493442,0.5
493443,0.5
493444,0.5
493445,0.5
493446,0.5
493447,0.5
493448,0.5
493449,0.5
493450,0.5
493451,0.5
493452,0.5
493453,0.5
493454,0.5
493455,0.5
493456,0.5
493457,0.5
493458,0.5
493459,0.5
493460,0.5
493461,0.5
493462,0.5
493463,0.5
493464,0.5
493465,0.5
493466,0.5
493467,0.5
493468,0.5
493469,0.5
493470,0.5
493471,0.5
493472,0.5
493473,0.5
493474,0.5
493475,0.5
493476,0.5
493477,0.5
493478,0.5
493479,0.5
493480,0.5
493481,0.5
493482,0.5
493483,0.5
493484,0.5
493485,0.5
493486,0.5
493487,0.5
493488,0.5
493489,0.5
493490,0.5
493491,0.5
493492,0.5
493493,0.5
493494,0.5
493495,0.5
493496,0.5
493497,0.5
493498,0.5
493499,0.5
493500,0.5
493501,0.5
493502,0.5
493503,0.5
493504,0.5
493505,0.5
493506,0.5
493507,0.5
493508,0.5
493509,0.5
493510,0.5
493511,0.5
493512,0.5
493513,0.5
493514,0.5
493515,0.5
493516,0.5
493517,0.5
493518,0.5
493519,0.5
493520,0.5
493521,0.5
493522,0.5
493523,0.5
493524,0.5
493525,0.5
493526,0.5
493527,0.5
493528,0.5
493529,0.5
493530,0.5
493531,0.5
493532,0.5
493533,0.5
493534,0.5
493535,0.5
493536,0.5
493537,0.5
493538,0.5
493539,0.5
493540,0.5
493541,0.5
493542,0.5
493543,0.5
493544,0.5
493545,0.5
493546,0.5
493547,0.5
493548,0.5
493549,0.5
493550,0.5
493551,0.5
493552,0.5
493553,0.5
493554,0.5
493555,0.5
493556,0.5
493557,0.5
493558,0.5
493559,0.5
493560,0.5
493561,0.5
493562,0.5
493563,0.5
493564,0.5
493565,0.5
493566,0.5
493567,0.5
493568,0.5
493569,0.5
493570,0.5
493571,0.5
493572,0.5
493573,0.5
493574,0.5
493575,0.5
493576,0.5
493577,0.5
493578,0.5
493579,0.5
493580,0.5
493581,0.5
493582,0.5
493583,0.5
493584,0.5
493585,0.5
493586,0.5
493587,0.5
493588,0.5
493589,0.5
493590,0.5
493591,0.5
493592,0.5
493593,0.5
493594,0.5
493595,0.5
493596,0.5
493597,0.5
493598,0.5
493599,0.5
493600,0.5
493601,0.5
493602,0.5
493603,0.5
493604,0.5
493605,0.5
493606,0.5
493607,0.5
493608,0.5
493609,0.5
493610,0.5
493611,0.5
493612,0.5
493613,0.5
493614,0.5
493615,0.5
493616,0.5
493617,0.5
493618,0.5
493619,0.5
493620,0.5
493621,0.5
493622,0.5
493623,0.5
493624,0.5
493625,0.5
493626,0.5
493627,0.5
493628,0.5
493629,0.5
493630,0.5
493631,0.5
493632,0.5
493633,0.5
493634,0.5
493635,0.5
493636,0.5
493637,0.5
493638,0.5
493639,0.5
493640,0.5
493641,0.5
493642,0.5
493643,0.5
493644,0.5
493645,0.5
493646,0.5
493647,0.5
493648,0.5
493649,0.5
493650,0.5
493651,0.5
493652,0.5
493653,0.5
493654,0.5
493655,0.5
493656,0.5
493657,0.5
493658,0.5
493659,0.5
493660,0.5
493661,0.5
493662,0.5
493663,0.5
493664,0.5
493665,0.5
493666,0.5
493667,0.5
493668,0.5
493669,0.5
493670,0.5
493671,0.5
493672,0.5
493673,0.5
493674,0.5
493675,0.5
493676,0.5
493677,0.5
